This file contains any messages produced by compilers while
running configure, to aid debugging if configure makes a mistake.

It was created by unbound configure 1.18.0, which was
generated by GNU Autoconf 2.69.  Invocation command line was

  $ ./configure 

## --------- ##
## Platform. ##
## --------- ##

hostname = runnervmf2e7y
uname -m = x86_64
uname -r = 6.11.0-1018-azure
uname -s = Linux
uname -v = #18~24.04.1-Ubuntu SMP Sat Jun 28 04:46:03 UTC 2025

/usr/bin/uname -p = x86_64
/bin/uname -X     = unknown

/bin/arch              = x86_64
/usr/bin/arch -k       = unknown
/usr/convex/getsysinfo = unknown
/usr/bin/hostinfo      = unknown
/bin/machine           = unknown
/usr/bin/oslevel       = unknown
/bin/universe          = unknown

PATH: /snap/bin
PATH: /home/runner/.local/bin
PATH: /opt/pipx_bin
PATH: /home/runner/.cargo/bin
PATH: /home/runner/.config/composer/vendor/bin
PATH: /usr/local/.ghcup/bin
PATH: /home/runner/.dotnet/tools
PATH: /usr/local/sbin
PATH: /usr/local/bin
PATH: /usr/sbin
PATH: /usr/bin
PATH: /sbin
PATH: /bin
PATH: /usr/games
PATH: /usr/local/games
PATH: /snap/bin


## ----------- ##
## Core tests. ##
## ----------- ##

configure:3023: checking for gcc
configure:3039: found /usr/bin/gcc
configure:3050: result: gcc
configure:3279: checking for C compiler version
configure:3288: gcc --version >&5
gcc (Ubuntu 13.3.0-6ubuntu2~24.04) 13.3.0
Copyright (C) 2023 Free Software Foundation, Inc.
This is free software; see the source for copying conditions.  There is NO
warranty; not even for MERCHANTABILITY or FITNESS FOR A PARTICULAR PURPOSE.

configure:3299: $? = 0
configure:3288: gcc -v >&5
Using built-in specs.
COLLECT_GCC=gcc
COLLECT_LTO_WRAPPER=/usr/libexec/gcc/x86_64-linux-gnu/13/lto-wrapper
OFFLOAD_TARGET_NAMES=nvptx-none:amdgcn-amdhsa
OFFLOAD_TARGET_DEFAULT=1
Target: x86_64-linux-gnu
Configured with: ../src/configure -v --with-pkgversion='Ubuntu 13.3.0-6ubuntu2~24.04' --with-bugurl=file:///usr/share/doc/gcc-13/README.Bugs --enable-languages=c,ada,c++,go,d,fortran,objc,obj-c++,m2 --prefix=/usr --with-gcc-major-version-only --program-suffix=-13 --program-prefix=x86_64-linux-gnu- --enable-shared --enable-linker-build-id --libexecdir=/usr/libexec --without-included-gettext --enable-threads=posix --libdir=/usr/lib --enable-nls --enable-bootstrap --enable-clocale=gnu --enable-libstdcxx-debug --enable-libstdcxx-time=yes --with-default-libstdcxx-abi=new --enable-libstdcxx-backtrace --enable-gnu-unique-object --disable-vtable-verify --enable-plugin --enable-default-pie --with-system-zlib --enable-libphobos-checking=release --with-target-system-zlib=auto --enable-objc-gc=auto --enable-multiarch --disable-werror --enable-cet --with-arch-32=i686 --with-abi=m64 --with-multilib-list=m32,m64,mx32 --enable-multilib --with-tune=generic --enable-offload-targets=nvptx-none=/build/gcc-13-fG75Ri/gcc-13-13.3.0/debian/tmp-nvptx/usr,amdgcn-amdhsa=/build/gcc-13-fG75Ri/gcc-13-13.3.0/debian/tmp-gcn/usr --enable-offload-defaulted --without-cuda-driver --enable-checking=release --build=x86_64-linux-gnu --host=x86_64-linux-gnu --target=x86_64-linux-gnu --with-build-config=bootstrap-lto-lean --enable-link-serialization=2
Thread model: posix
Supported LTO compression algorithms: zlib zstd
gcc version 13.3.0 (Ubuntu 13.3.0-6ubuntu2~24.04) 
... rest of stderr output deleted ...
configure:3299: $? = 0
configure:3288: gcc -V >&5
gcc: error: unrecognized command-line option '-V'
gcc: fatal error: no input files
compilation terminated.
configure:3299: $? = 1
configure:3288: gcc -qversion >&5
gcc: error: unrecognized command-line option '-qversion'; did you mean '--version'?
gcc: fatal error: no input files
compilation terminated.
configure:3299: $? = 1
configure:3319: checking whether the C compiler works
configure:3341: gcc    conftest.c  >&5
configure:3345: $? = 0
configure:3393: result: yes
configure:3396: checking for C compiler default output file name
configure:3398: result: a.out
configure:3404: checking for suffix of executables
configure:3411: gcc -o conftest    conftest.c  >&5
configure:3415: $? = 0
configure:3437: result: 
configure:3459: checking whether we are cross compiling
configure:3467: gcc -o conftest    conftest.c  >&5
configure:3471: $? = 0
configure:3478: ./conftest
configure:3482: $? = 0
configure:3497: result: no
configure:3502: checking for suffix of object files
configure:3524: gcc -c   conftest.c >&5
configure:3528: $? = 0
configure:3549: result: o
configure:3553: checking whether we are using the GNU C compiler
configure:3572: gcc -c   conftest.c >&5
configure:3572: $? = 0
configure:3581: result: yes
configure:3590: checking whether gcc accepts -g
configure:3610: gcc -c -g  conftest.c >&5
configure:3610: $? = 0
configure:3651: result: yes
configure:3668: checking for gcc option to accept ISO C89
configure:3731: gcc  -c   conftest.c >&5
configure:3731: $? = 0
configure:3744: result: none needed
configure:3770: checking how to run the C preprocessor
configure:3801: gcc -E  conftest.c
configure:3801: $? = 0
configure:3815: gcc -E  conftest.c
conftest.c:10:10: fatal error: ac_nonexistent.h: No such file or directory
   10 | #include <ac_nonexistent.h>
      |          ^~~~~~~~~~~~~~~~~~
compilation terminated.
configure:3815: $? = 1
configure: failed program was:
| /* confdefs.h */
| #define PACKAGE_NAME "unbound"
| #define PACKAGE_TARNAME "unbound"
| #define PACKAGE_VERSION "1.18.0"
| #define PACKAGE_STRING "unbound 1.18.0"
| #define PACKAGE_BUGREPORT "unbound-bugs@nlnetlabs.nl or https://github.com/NLnetLabs/unbound/issues"
| #define PACKAGE_URL ""
| #define CONFCMDLINE ""
| /* end confdefs.h.  */
| #include <ac_nonexistent.h>
configure:3840: result: gcc -E
configure:3860: gcc -E  conftest.c
configure:3860: $? = 0
configure:3874: gcc -E  conftest.c
conftest.c:10:10: fatal error: ac_nonexistent.h: No such file or directory
   10 | #include <ac_nonexistent.h>
      |          ^~~~~~~~~~~~~~~~~~
compilation terminated.
configure:3874: $? = 1
configure: failed program was:
| /* confdefs.h */
| #define PACKAGE_NAME "unbound"
| #define PACKAGE_TARNAME "unbound"
| #define PACKAGE_VERSION "1.18.0"
| #define PACKAGE_STRING "unbound 1.18.0"
| #define PACKAGE_BUGREPORT "unbound-bugs@nlnetlabs.nl or https://github.com/NLnetLabs/unbound/issues"
| #define PACKAGE_URL ""
| #define CONFCMDLINE ""
| /* end confdefs.h.  */
| #include <ac_nonexistent.h>
configure:3903: checking for grep that handles long lines and -e
configure:3961: result: /usr/bin/grep
configure:3966: checking for egrep
configure:4028: result: /usr/bin/grep -E
configure:4033: checking for ANSI C header files
configure:4053: gcc -c   conftest.c >&5
configure:4053: $? = 0
configure:4126: gcc -o conftest    conftest.c  >&5
configure:4126: $? = 0
configure:4126: ./conftest
configure:4126: $? = 0
configure:4137: result: yes
configure:4150: checking for sys/types.h
configure:4150: gcc -c   conftest.c >&5
configure:4150: $? = 0
configure:4150: result: yes
configure:4150: checking for sys/stat.h
configure:4150: gcc -c   conftest.c >&5
configure:4150: $? = 0
configure:4150: result: yes
configure:4150: checking for stdlib.h
configure:4150: gcc -c   conftest.c >&5
configure:4150: $? = 0
configure:4150: result: yes
configure:4150: checking for string.h
configure:4150: gcc -c   conftest.c >&5
configure:4150: $? = 0
configure:4150: result: yes
configure:4150: checking for memory.h
configure:4150: gcc -c   conftest.c >&5
configure:4150: $? = 0
configure:4150: result: yes
configure:4150: checking for strings.h
configure:4150: gcc -c   conftest.c >&5
configure:4150: $? = 0
configure:4150: result: yes
configure:4150: checking for inttypes.h
configure:4150: gcc -c   conftest.c >&5
configure:4150: $? = 0
configure:4150: result: yes
configure:4150: checking for stdint.h
configure:4150: gcc -c   conftest.c >&5
configure:4150: $? = 0
configure:4150: result: yes
configure:4150: checking for unistd.h
configure:4150: gcc -c   conftest.c >&5
configure:4150: $? = 0
configure:4150: result: yes
configure:4163: checking minix/config.h usability
configure:4163: gcc -c   conftest.c >&5
conftest.c:53:10: fatal error: minix/config.h: No such file or directory
   53 | #include <minix/config.h>
      |          ^~~~~~~~~~~~~~~~
compilation terminated.
configure:4163: $? = 1
configure: failed program was:
| /* confdefs.h */
| #define PACKAGE_NAME "unbound"
| #define PACKAGE_TARNAME "unbound"
| #define PACKAGE_VERSION "1.18.0"
| #define PACKAGE_STRING "unbound 1.18.0"
| #define PACKAGE_BUGREPORT "unbound-bugs@nlnetlabs.nl or https://github.com/NLnetLabs/unbound/issues"
| #define PACKAGE_URL ""
| #define CONFCMDLINE ""
| #define STDC_HEADERS 1
| #define HAVE_SYS_TYPES_H 1
| #define HAVE_SYS_STAT_H 1
| #define HAVE_STDLIB_H 1
| #define HAVE_STRING_H 1
| #define HAVE_MEMORY_H 1
| #define HAVE_STRINGS_H 1
| #define HAVE_INTTYPES_H 1
| #define HAVE_STDINT_H 1
| #define HAVE_UNISTD_H 1
| /* end confdefs.h.  */
| #include <stdio.h>
| #ifdef HAVE_SYS_TYPES_H
| # include <sys/types.h>
| #endif
| #ifdef HAVE_SYS_STAT_H
| # include <sys/stat.h>
| #endif
| #ifdef STDC_HEADERS
| # include <stdlib.h>
| # include <stddef.h>
| #else
| # ifdef HAVE_STDLIB_H
| #  include <stdlib.h>
| # endif
| #endif
| #ifdef HAVE_STRING_H
| # if !defined STDC_HEADERS && defined HAVE_MEMORY_H
| #  include <memory.h>
| # endif
| # include <string.h>
| #endif
| #ifdef HAVE_STRINGS_H
| # include <strings.h>
| #endif
| #ifdef HAVE_INTTYPES_H
| # include <inttypes.h>
| #endif
| #ifdef HAVE_STDINT_H
| # include <stdint.h>
| #endif
| #ifdef HAVE_UNISTD_H
| # include <unistd.h>
| #endif
| #include <minix/config.h>
configure:4163: result: no
configure:4163: checking minix/config.h presence
configure:4163: gcc -E  conftest.c
conftest.c:20:10: fatal error: minix/config.h: No such file or directory
   20 | #include <minix/config.h>
      |          ^~~~~~~~~~~~~~~~
compilation terminated.
configure:4163: $? = 1
configure: failed program was:
| /* confdefs.h */
| #define PACKAGE_NAME "unbound"
| #define PACKAGE_TARNAME "unbound"
| #define PACKAGE_VERSION "1.18.0"
| #define PACKAGE_STRING "unbound 1.18.0"
| #define PACKAGE_BUGREPORT "unbound-bugs@nlnetlabs.nl or https://github.com/NLnetLabs/unbound/issues"
| #define PACKAGE_URL ""
| #define CONFCMDLINE ""
| #define STDC_HEADERS 1
| #define HAVE_SYS_TYPES_H 1
| #define HAVE_SYS_STAT_H 1
| #define HAVE_STDLIB_H 1
| #define HAVE_STRING_H 1
| #define HAVE_MEMORY_H 1
| #define HAVE_STRINGS_H 1
| #define HAVE_INTTYPES_H 1
| #define HAVE_STDINT_H 1
| #define HAVE_UNISTD_H 1
| /* end confdefs.h.  */
| #include <minix/config.h>
configure:4163: result: no
configure:4163: checking for minix/config.h
configure:4163: result: no
configure:4184: checking whether it is safe to define __EXTENSIONS__
configure:4202: gcc -c   conftest.c >&5
configure:4202: $? = 0
configure:4209: result: yes
configure:4453: checking for an ANSI C-conforming const
configure:4519: gcc -c   conftest.c >&5
configure:4519: $? = 0
configure:4526: result: yes
configure:4545: checking whether gcc supports -g
configure:4563: result: yes
configure:4576: checking whether gcc supports -O2
configure:4594: result: yes
configure:4655: checking for gcc
configure:4682: result: gcc
configure:4911: checking for C compiler version
configure:4920: gcc --version >&5
gcc (Ubuntu 13.3.0-6ubuntu2~24.04) 13.3.0
Copyright (C) 2023 Free Software Foundation, Inc.
This is free software; see the source for copying conditions.  There is NO
warranty; not even for MERCHANTABILITY or FITNESS FOR A PARTICULAR PURPOSE.

configure:4931: $? = 0
configure:4920: gcc -v >&5
Using built-in specs.
COLLECT_GCC=gcc
COLLECT_LTO_WRAPPER=/usr/libexec/gcc/x86_64-linux-gnu/13/lto-wrapper
OFFLOAD_TARGET_NAMES=nvptx-none:amdgcn-amdhsa
OFFLOAD_TARGET_DEFAULT=1
Target: x86_64-linux-gnu
Configured with: ../src/configure -v --with-pkgversion='Ubuntu 13.3.0-6ubuntu2~24.04' --with-bugurl=file:///usr/share/doc/gcc-13/README.Bugs --enable-languages=c,ada,c++,go,d,fortran,objc,obj-c++,m2 --prefix=/usr --with-gcc-major-version-only --program-suffix=-13 --program-prefix=x86_64-linux-gnu- --enable-shared --enable-linker-build-id --libexecdir=/usr/libexec --without-included-gettext --enable-threads=posix --libdir=/usr/lib --enable-nls --enable-bootstrap --enable-clocale=gnu --enable-libstdcxx-debug --enable-libstdcxx-time=yes --with-default-libstdcxx-abi=new --enable-libstdcxx-backtrace --enable-gnu-unique-object --disable-vtable-verify --enable-plugin --enable-default-pie --with-system-zlib --enable-libphobos-checking=release --with-target-system-zlib=auto --enable-objc-gc=auto --enable-multiarch --disable-werror --enable-cet --with-arch-32=i686 --with-abi=m64 --with-multilib-list=m32,m64,mx32 --enable-multilib --with-tune=generic --enable-offload-targets=nvptx-none=/build/gcc-13-fG75Ri/gcc-13-13.3.0/debian/tmp-nvptx/usr,amdgcn-amdhsa=/build/gcc-13-fG75Ri/gcc-13-13.3.0/debian/tmp-gcn/usr --enable-offload-defaulted --without-cuda-driver --enable-checking=release --build=x86_64-linux-gnu --host=x86_64-linux-gnu --target=x86_64-linux-gnu --with-build-config=bootstrap-lto-lean --enable-link-serialization=2
Thread model: posix
Supported LTO compression algorithms: zlib zstd
gcc version 13.3.0 (Ubuntu 13.3.0-6ubuntu2~24.04) 
... rest of stderr output deleted ...
configure:4931: $? = 0
configure:4920: gcc -V >&5
gcc: error: unrecognized command-line option '-V'
gcc: fatal error: no input files
compilation terminated.
configure:4931: $? = 1
configure:4920: gcc -qversion >&5
gcc: error: unrecognized command-line option '-qversion'; did you mean '--version'?
gcc: fatal error: no input files
compilation terminated.
configure:4931: $? = 1
configure:4935: checking whether we are using the GNU C compiler
configure:4963: result: yes
configure:4972: checking whether gcc accepts -g
configure:5033: result: yes
configure:5050: checking for gcc option to accept ISO C89
configure:5126: result: none needed
configure:5147: checking gcc dependency flag
configure:5159: result: -MM
configure:5167: checking whether gcc supports -Werror
configure:5185: result: yes
configure:5198: checking whether gcc supports -Wall
configure:5216: result: yes
configure:5231: checking whether gcc supports -std=c99
configure:5249: result: yes
configure:5262: checking whether gcc supports -xc99
configure:5285: result: no
configure:5295: checking for getopt.h
configure:5295: gcc -c  -g -O2  conftest.c >&5
configure:5295: $? = 0
configure:5295: result: yes
configure:5295: checking for time.h
configure:5295: gcc -c  -g -O2  conftest.c >&5
configure:5295: $? = 0
configure:5295: result: yes
configure:5310: checking whether we need -std=c99 -D__EXTENSIONS__ -D_BSD_SOURCE -D_DEFAULT_SOURCE -D_POSIX_C_SOURCE=200112 -D_XOPEN_SOURCE=600 -D_XOPEN_SOURCE_EXTENDED=1 -D_ALL_SOURCE as a flag for gcc
configure:5390: result: failed
configure:5401: checking whether we need -std=c99 -D__EXTENSIONS__ -D_BSD_SOURCE -D_DEFAULT_SOURCE -D_POSIX_C_SOURCE=200112 -D_XOPEN_SOURCE=600 -D_ALL_SOURCE as a flag for gcc
configure:5481: result: failed
configure:5492: checking whether we need -std=c99 as a flag for gcc
configure:5535: result: no
configure:5556: checking whether we need -D_BSD_SOURCE -D_DEFAULT_SOURCE as a flag for gcc
configure:5600: result: no
configure:5621: checking whether we need -D_GNU_SOURCE as a flag for gcc
configure:5659: result: yes
configure:5689: checking whether we need -D_GNU_SOURCE -D_FRSRESGID as a flag for gcc
configure:5733: result: no
configure:5754: checking whether we need -D_POSIX_C_SOURCE=200112 as a flag for gcc
configure:5809: result: no
configure:5830: checking whether we need -D__EXTENSIONS__ as a flag for gcc
configure:5901: result: failed
configure:6071: checking if gcc supports -flto
configure:6086: gcc -o conftest  -g -O2 -D_GNU_SOURCE -flto   conftest.c  >&5
configure:6086: $? = 0
configure:6093: result: yes
configure:6199: checking for inline
configure:6215: gcc -c  -g -O2 -D_GNU_SOURCE -flto  conftest.c >&5
configure:6215: $? = 0
configure:6223: result: inline
configure:6242: checking whether the C compiler (gcc) accepts the "format" attribute
configure:6264: gcc -c  -g -O2 -D_GNU_SOURCE -flto  conftest.c >&5
configure:6264: $? = 0
configure:6274: result: yes
configure:6283: checking whether the C compiler (gcc) accepts the "unused" attribute
configure:6304: gcc -c  -g -O2 -D_GNU_SOURCE -flto  conftest.c >&5
configure:6304: $? = 0
configure:6316: result: yes
configure:6327: checking whether the C compiler (gcc) accepts the "weak" attribute
configure:6348: gcc -c  -g -O2 -D_GNU_SOURCE -flto  conftest.c >&5
configure:6348: $? = 0
configure:6358: result: yes
configure:6372: checking whether the C compiler (gcc) accepts the "noreturn" attribute
configure:6393: gcc -c  -g -O2 -D_GNU_SOURCE -flto  conftest.c >&5
conftest.c: In function 'f':
conftest.c:42:60: warning: 'noreturn' function does return
   42 | __attribute__((noreturn)) void f(int x) { printf("%d", x); }
      |                                                            ^
configure:6393: $? = 0
configure:6403: result: yes
configure:6427: checking for flex
configure:6443: found /usr/bin/flex
configure:6454: result: flex
configure:6492: flex conftest.l
configure:6496: $? = 0
configure:6498: checking lex output file root
configure:6512: result: lex.yy
configure:6517: checking lex library
configure:6531: gcc -o conftest  -g -O2 -D_GNU_SOURCE -flto   conftest.c   >&5
/usr/bin/ld: /tmp/ccB6xd6Z.ltrans0.ltrans.o: in function `main':
/home/runner/work/unbound-1.18.0/unbound-1.18.0/conftest.l:17:(.text.startup+0x59e): undefined reference to `yywrap'
/usr/bin/ld: /tmp/ccB6xd6Z.ltrans0.ltrans.o: in function `main':
/home/runner/work/unbound-1.18.0/unbound-1.18.0/lex.yy.c:1180:(.text.startup+0x6a7): undefined reference to `yywrap'
/usr/bin/ld: /home/runner/work/unbound-1.18.0/unbound-1.18.0/lex.yy.c:871:(.text.startup+0x7f0): undefined reference to `yywrap'
collect2: error: ld returned 1 exit status
configure:6531: $? = 1
configure: failed program was:
| /* confdefs.h */
| #define PACKAGE_NAME "unbound"
| #define PACKAGE_TARNAME "unbound"
| #define PACKAGE_VERSION "1.18.0"
| #define PACKAGE_STRING "unbound 1.18.0"
| #define PACKAGE_BUGREPORT "unbound-bugs@nlnetlabs.nl or https://github.com/NLnetLabs/unbound/issues"
| #define PACKAGE_URL ""
| #define CONFCMDLINE ""
| #define STDC_HEADERS 1
| #define HAVE_SYS_TYPES_H 1
| #define HAVE_SYS_STAT_H 1
| #define HAVE_STDLIB_H 1
| #define HAVE_STRING_H 1
| #define HAVE_MEMORY_H 1
| #define HAVE_STRINGS_H 1
| #define HAVE_INTTYPES_H 1
| #define HAVE_STDINT_H 1
| #define HAVE_UNISTD_H 1
| #define __EXTENSIONS__ 1
| #define _ALL_SOURCE 1
| #define _GNU_SOURCE 1
| #define _POSIX_PTHREAD_SEMANTICS 1
| #define _TANDEM_SOURCE 1
| #define CONFIGFILE "/usr/local/etc/unbound/unbound.conf"
| #define RUN_DIR "/usr/local/etc/unbound"
| #define CHROOT_DIR "/usr/local/etc/unbound"
| #define SHARE_DIR "/usr/local/etc/unbound"
| #define PIDFILE "/usr/local/etc/unbound/unbound.pid"
| #define ROOT_ANCHOR_FILE "/usr/local/etc/unbound/root.key"
| #define ROOT_CERT_FILE "/usr/local/etc/unbound/icannbundle.pem"
| #define UB_USERNAME "unbound"
| #define WINVER 0x0502
| #define RSRC_PACKAGE_VERSION 1,18,0,0
| #define HAVE_GETOPT_H 1
| #define HAVE_TIME_H 1
| #define HAVE_ATTR_FORMAT 1
| #define HAVE_ATTR_UNUSED 1
| #define HAVE_ATTR_WEAK 1
| #define ATTR_WEAK __attribute__((weak))
| #define HAVE_ATTR_NORETURN 1
| #define ATTR_NORETURN __attribute__((__noreturn__))
| /* end confdefs.h.  */
| 
| #line 3 "lex.yy.c"
| 
| #define  YY_INT_ALIGNED short int
| 
| /* A lexical scanner generated by flex */
| 
| #define FLEX_SCANNER
| #define YY_FLEX_MAJOR_VERSION 2
| #define YY_FLEX_MINOR_VERSION 6
| #define YY_FLEX_SUBMINOR_VERSION 4
| #if YY_FLEX_SUBMINOR_VERSION > 0
| #define FLEX_BETA
| #endif
| 
| /* First, we deal with  platform-specific or compiler-specific issues. */
| 
| /* begin standard C headers. */
| #include <stdio.h>
| #include <string.h>
| #include <errno.h>
| #include <stdlib.h>
| 
| /* end standard C headers. */
| 
| /* flex integer type definitions */
| 
| #ifndef FLEXINT_H
| #define FLEXINT_H
| 
| /* C99 systems have <inttypes.h>. Non-C99 systems may or may not. */
| 
| #if defined (__STDC_VERSION__) && __STDC_VERSION__ >= 199901L
| 
| /* C99 says to define __STDC_LIMIT_MACROS before including stdint.h,
|  * if you want the limit (max/min) macros for int types. 
|  */
| #ifndef __STDC_LIMIT_MACROS
| #define __STDC_LIMIT_MACROS 1
| #endif
| 
| #include <inttypes.h>
| typedef int8_t flex_int8_t;
| typedef uint8_t flex_uint8_t;
| typedef int16_t flex_int16_t;
| typedef uint16_t flex_uint16_t;
| typedef int32_t flex_int32_t;
| typedef uint32_t flex_uint32_t;
| #else
| typedef signed char flex_int8_t;
| typedef short int flex_int16_t;
| typedef int flex_int32_t;
| typedef unsigned char flex_uint8_t; 
| typedef unsigned short int flex_uint16_t;
| typedef unsigned int flex_uint32_t;
| 
| /* Limits of integral types. */
| #ifndef INT8_MIN
| #define INT8_MIN               (-128)
| #endif
| #ifndef INT16_MIN
| #define INT16_MIN              (-32767-1)
| #endif
| #ifndef INT32_MIN
| #define INT32_MIN              (-2147483647-1)
| #endif
| #ifndef INT8_MAX
| #define INT8_MAX               (127)
| #endif
| #ifndef INT16_MAX
| #define INT16_MAX              (32767)
| #endif
| #ifndef INT32_MAX
| #define INT32_MAX              (2147483647)
| #endif
| #ifndef UINT8_MAX
| #define UINT8_MAX              (255U)
| #endif
| #ifndef UINT16_MAX
| #define UINT16_MAX             (65535U)
| #endif
| #ifndef UINT32_MAX
| #define UINT32_MAX             (4294967295U)
| #endif
| 
| #ifndef SIZE_MAX
| #define SIZE_MAX               (~(size_t)0)
| #endif
| 
| #endif /* ! C99 */
| 
| #endif /* ! FLEXINT_H */
| 
| /* begin standard C++ headers. */
| 
| /* TODO: this is always defined, so inline it */
| #define yyconst const
| 
| #if defined(__GNUC__) && __GNUC__ >= 3
| #define yynoreturn __attribute__((__noreturn__))
| #else
| #define yynoreturn
| #endif
| 
| /* Returned upon end-of-file. */
| #define YY_NULL 0
| 
| /* Promotes a possibly negative, possibly signed char to an
|  *   integer in range [0..255] for use as an array index.
|  */
| #define YY_SC_TO_UI(c) ((YY_CHAR) (c))
| 
| /* Enter a start condition.  This macro really ought to take a parameter,
|  * but we do it the disgusting crufty way forced on us by the ()-less
|  * definition of BEGIN.
|  */
| #define BEGIN (yy_start) = 1 + 2 *
| /* Translate the current start state into a value that can be later handed
|  * to BEGIN to return to the state.  The YYSTATE alias is for lex
|  * compatibility.
|  */
| #define YY_START (((yy_start) - 1) / 2)
| #define YYSTATE YY_START
| /* Action number for EOF rule of a given start state. */
| #define YY_STATE_EOF(state) (YY_END_OF_BUFFER + state + 1)
| /* Special action meaning "start processing a new file". */
| #define YY_NEW_FILE yyrestart( yyin  )
| #define YY_END_OF_BUFFER_CHAR 0
| 
| /* Size of default input buffer. */
| #ifndef YY_BUF_SIZE
| #ifdef __ia64__
| /* On IA-64, the buffer size is 16k, not 8k.
|  * Moreover, YY_BUF_SIZE is 2*YY_READ_BUF_SIZE in the general case.
|  * Ditto for the __ia64__ case accordingly.
|  */
| #define YY_BUF_SIZE 32768
| #else
| #define YY_BUF_SIZE 16384
| #endif /* __ia64__ */
| #endif
| 
| /* The state buf must be large enough to hold one state per character in the main buffer.
|  */
| #define YY_STATE_BUF_SIZE   ((YY_BUF_SIZE + 2) * sizeof(yy_state_type))
| 
| #ifndef YY_TYPEDEF_YY_BUFFER_STATE
| #define YY_TYPEDEF_YY_BUFFER_STATE
| typedef struct yy_buffer_state *YY_BUFFER_STATE;
| #endif
| 
| #ifndef YY_TYPEDEF_YY_SIZE_T
| #define YY_TYPEDEF_YY_SIZE_T
| typedef size_t yy_size_t;
| #endif
| 
| extern int yyleng;
| 
| extern FILE *yyin, *yyout;
| 
| #define EOB_ACT_CONTINUE_SCAN 0
| #define EOB_ACT_END_OF_FILE 1
| #define EOB_ACT_LAST_MATCH 2
|     
|     #define YY_LESS_LINENO(n)
|     #define YY_LINENO_REWIND_TO(ptr)
|     
| /* Return all but the first "n" matched characters back to the input stream. */
| #define yyless(n) \
| 	do \
| 		{ \
| 		/* Undo effects of setting up yytext. */ \
|         int yyless_macro_arg = (n); \
|         YY_LESS_LINENO(yyless_macro_arg);\
| 		*yy_cp = (yy_hold_char); \
| 		YY_RESTORE_YY_MORE_OFFSET \
| 		(yy_c_buf_p) = yy_cp = yy_bp + yyless_macro_arg - YY_MORE_ADJ; \
| 		YY_DO_BEFORE_ACTION; /* set up yytext again */ \
| 		} \
| 	while ( 0 )
| #define unput(c) yyunput( c, (yytext_ptr)  )
| 
| #ifndef YY_STRUCT_YY_BUFFER_STATE
| #define YY_STRUCT_YY_BUFFER_STATE
| struct yy_buffer_state
| 	{
| 	FILE *yy_input_file;
| 
| 	char *yy_ch_buf;		/* input buffer */
| 	char *yy_buf_pos;		/* current position in input buffer */
| 
| 	/* Size of input buffer in bytes, not including room for EOB
| 	 * characters.
| 	 */
| 	int yy_buf_size;
| 
| 	/* Number of characters read into yy_ch_buf, not including EOB
| 	 * characters.
| 	 */
| 	int yy_n_chars;
| 
| 	/* Whether we "own" the buffer - i.e., we know we created it,
| 	 * and can realloc() it to grow it, and should free() it to
| 	 * delete it.
| 	 */
| 	int yy_is_our_buffer;
| 
| 	/* Whether this is an "interactive" input source; if so, and
| 	 * if we're using stdio for input, then we want to use getc()
| 	 * instead of fread(), to make sure we stop fetching input after
| 	 * each newline.
| 	 */
| 	int yy_is_interactive;
| 
| 	/* Whether we're considered to be at the beginning of a line.
| 	 * If so, '^' rules will be active on the next match, otherwise
| 	 * not.
| 	 */
| 	int yy_at_bol;
| 
|     int yy_bs_lineno; /**< The line count. */
|     int yy_bs_column; /**< The column count. */
| 
| 	/* Whether to try to fill the input buffer when we reach the
| 	 * end of it.
| 	 */
| 	int yy_fill_buffer;
| 
| 	int yy_buffer_status;
| 
| #define YY_BUFFER_NEW 0
| #define YY_BUFFER_NORMAL 1
| 	/* When an EOF's been seen but there's still some text to process
| 	 * then we mark the buffer as YY_EOF_PENDING, to indicate that we
| 	 * shouldn't try reading from the input source any more.  We might
| 	 * still have a bunch of tokens to match, though, because of
| 	 * possible backing-up.
| 	 *
| 	 * When we actually see the EOF, we change the status to "new"
| 	 * (via yyrestart()), so that the user can continue scanning by
| 	 * just pointing yyin at a new input file.
| 	 */
| #define YY_BUFFER_EOF_PENDING 2
| 
| 	};
| #endif /* !YY_STRUCT_YY_BUFFER_STATE */
| 
| /* Stack of input buffers. */
| static size_t yy_buffer_stack_top = 0; /**< index of top of stack. */
| static size_t yy_buffer_stack_max = 0; /**< capacity of stack. */
| static YY_BUFFER_STATE * yy_buffer_stack = NULL; /**< Stack as an array. */
| 
| /* We provide macros for accessing buffer states in case in the
|  * future we want to put the buffer states in a more general
|  * "scanner state".
|  *
|  * Returns the top of the stack, or NULL.
|  */
| #define YY_CURRENT_BUFFER ( (yy_buffer_stack) \
|                           ? (yy_buffer_stack)[(yy_buffer_stack_top)] \
|                           : NULL)
| /* Same as previous macro, but useful when we know that the buffer stack is not
|  * NULL or when we need an lvalue. For internal use only.
|  */
| #define YY_CURRENT_BUFFER_LVALUE (yy_buffer_stack)[(yy_buffer_stack_top)]
| 
| /* yy_hold_char holds the character lost when yytext is formed. */
| static char yy_hold_char;
| static int yy_n_chars;		/* number of characters read into yy_ch_buf */
| int yyleng;
| 
| /* Points to current character in buffer. */
| static char *yy_c_buf_p = NULL;
| static int yy_init = 0;		/* whether we need to initialize */
| static int yy_start = 0;	/* start state number */
| 
| /* Flag which is used to allow yywrap()'s to do buffer switches
|  * instead of setting up a fresh yyin.  A bit of a hack ...
|  */
| static int yy_did_buffer_switch_on_eof;
| 
| void yyrestart ( FILE *input_file  );
| void yy_switch_to_buffer ( YY_BUFFER_STATE new_buffer  );
| YY_BUFFER_STATE yy_create_buffer ( FILE *file, int size  );
| void yy_delete_buffer ( YY_BUFFER_STATE b  );
| void yy_flush_buffer ( YY_BUFFER_STATE b  );
| void yypush_buffer_state ( YY_BUFFER_STATE new_buffer  );
| void yypop_buffer_state ( void );
| 
| static void yyensure_buffer_stack ( void );
| static void yy_load_buffer_state ( void );
| static void yy_init_buffer ( YY_BUFFER_STATE b, FILE *file  );
| #define YY_FLUSH_BUFFER yy_flush_buffer( YY_CURRENT_BUFFER )
| 
| YY_BUFFER_STATE yy_scan_buffer ( char *base, yy_size_t size  );
| YY_BUFFER_STATE yy_scan_string ( const char *yy_str  );
| YY_BUFFER_STATE yy_scan_bytes ( const char *bytes, int len  );
| 
| void *yyalloc ( yy_size_t  );
| void *yyrealloc ( void *, yy_size_t  );
| void yyfree ( void *  );
| 
| #define yy_new_buffer yy_create_buffer
| #define yy_set_interactive(is_interactive) \
| 	{ \
| 	if ( ! YY_CURRENT_BUFFER ){ \
|         yyensure_buffer_stack (); \
| 		YY_CURRENT_BUFFER_LVALUE =    \
|             yy_create_buffer( yyin, YY_BUF_SIZE ); \
| 	} \
| 	YY_CURRENT_BUFFER_LVALUE->yy_is_interactive = is_interactive; \
| 	}
| #define yy_set_bol(at_bol) \
| 	{ \
| 	if ( ! YY_CURRENT_BUFFER ){\
|         yyensure_buffer_stack (); \
| 		YY_CURRENT_BUFFER_LVALUE =    \
|             yy_create_buffer( yyin, YY_BUF_SIZE ); \
| 	} \
| 	YY_CURRENT_BUFFER_LVALUE->yy_at_bol = at_bol; \
| 	}
| #define YY_AT_BOL() (YY_CURRENT_BUFFER_LVALUE->yy_at_bol)
| 
| /* Begin user sect3 */
| typedef flex_uint8_t YY_CHAR;
| 
| FILE *yyin = NULL, *yyout = NULL;
| 
| typedef int yy_state_type;
| 
| extern int yylineno;
| int yylineno = 1;
| 
| extern char *yytext;
| #ifdef yytext_ptr
| #undef yytext_ptr
| #endif
| #define yytext_ptr yytext
| 
| static yy_state_type yy_get_previous_state ( void );
| static yy_state_type yy_try_NUL_trans ( yy_state_type current_state  );
| static int yy_get_next_buffer ( void );
| static void yynoreturn yy_fatal_error ( const char* msg  );
| 
| /* Done after the current pattern has been matched and before the
|  * corresponding action - sets up yytext.
|  */
| #define YY_DO_BEFORE_ACTION \
| 	(yytext_ptr) = yy_bp; \
| 	(yytext_ptr) -= (yy_more_len); \
| 	yyleng = (int) (yy_cp - (yytext_ptr)); \
| 	(yy_hold_char) = *yy_cp; \
| 	*yy_cp = '\0'; \
| 	(yy_c_buf_p) = yy_cp;
| #define YY_NUM_RULES 8
| #define YY_END_OF_BUFFER 9
| /* This struct is not used in this scanner,
|    but its presence is necessary. */
| struct yy_trans_info
| 	{
| 	flex_int32_t yy_verify;
| 	flex_int32_t yy_nxt;
| 	};
| static const flex_int16_t yy_acclist[23] =
|     {   0,
|         9,    7,    8,    8,    1,    7,    8,    2,    7,    8,
|         3,    7,    8,    4,    7,    8,    5,    7,    8,    6,
|         7,    8
|     } ;
| 
| static const flex_int16_t yy_accept[14] =
|     {   0,
|         1,    1,    1,    2,    4,    5,    8,   11,   14,   17,
|        20,   23,   23
|     } ;
| 
| static const YY_CHAR yy_ec[256] =
|     {   0,
|         1,    1,    1,    1,    1,    1,    1,    1,    1,    2,
|         1,    1,    1,    1,    1,    1,    1,    1,    1,    1,
|         1,    1,    1,    1,    1,    1,    1,    1,    1,    1,
|         1,    1,    1,    1,    1,    1,    1,    1,    1,    1,
|         1,    1,    1,    1,    1,    1,    1,    1,    1,    1,
|         1,    1,    1,    1,    1,    1,    1,    1,    1,    1,
|         1,    1,    1,    1,    1,    1,    1,    1,    1,    1,
|         1,    1,    1,    1,    1,    1,    1,    1,    1,    1,
|         1,    1,    1,    1,    1,    1,    1,    1,    1,    1,
|         1,    1,    1,    1,    1,    1,    3,    4,    5,    6,
| 
|         7,    8,    1,    1,    1,    1,    1,    1,    1,    1,
|         1,    1,    1,    1,    1,    1,    1,    1,    1,    1,
|         1,    1,    1,    1,    1,    1,    1,    1,    1,    1,
|         1,    1,    1,    1,    1,    1,    1,    1,    1,    1,
|         1,    1,    1,    1,    1,    1,    1,    1,    1,    1,
|         1,    1,    1,    1,    1,    1,    1,    1,    1,    1,
|         1,    1,    1,    1,    1,    1,    1,    1,    1,    1,
|         1,    1,    1,    1,    1,    1,    1,    1,    1,    1,
|         1,    1,    1,    1,    1,    1,    1,    1,    1,    1,
|         1,    1,    1,    1,    1,    1,    1,    1,    1,    1,
| 
|         1,    1,    1,    1,    1,    1,    1,    1,    1,    1,
|         1,    1,    1,    1,    1,    1,    1,    1,    1,    1,
|         1,    1,    1,    1,    1,    1,    1,    1,    1,    1,
|         1,    1,    1,    1,    1,    1,    1,    1,    1,    1,
|         1,    1,    1,    1,    1,    1,    1,    1,    1,    1,
|         1,    1,    1,    1,    1
|     } ;
| 
| static const YY_CHAR yy_meta[9] =
|     {   0,
|         1,    1,    1,    1,    1,    1,    1,    1
|     } ;
| 
| static const flex_int16_t yy_base[13] =
|     {   0,
|         0,    0,    9,   10,   10,   10,   10,   10,   10,   10,
|        10,   10
|     } ;
| 
| static const flex_int16_t yy_def[13] =
|     {   0,
|        12,    1,   12,   12,   12,   12,   12,   12,   12,   12,
|        12,    0
|     } ;
| 
| static const flex_int16_t yy_nxt[19] =
|     {   0,
|         4,    5,    6,    7,    8,    9,   10,   11,   12,    3,
|        12,   12,   12,   12,   12,   12,   12,   12
|     } ;
| 
| static const flex_int16_t yy_chk[19] =
|     {   0,
|         1,    1,    1,    1,    1,    1,    1,    1,    3,   12,
|        12,   12,   12,   12,   12,   12,   12,   12
|     } ;
| 
| extern int yy_flex_debug;
| int yy_flex_debug = 0;
| 
| static yy_state_type *yy_state_buf=0, *yy_state_ptr=0;
| static char *yy_full_match;
| static int yy_lp;
| #define REJECT \
| { \
| *yy_cp = (yy_hold_char); /* undo effects of setting up yytext */ \
| yy_cp = (yy_full_match); /* restore poss. backed-over text */ \
| ++(yy_lp); \
| goto find_rule; \
| }
| 
| static int yy_more_flag = 0;
| static int yy_more_len = 0;
| #define yymore() ((yy_more_flag) = 1)
| #define YY_MORE_ADJ (yy_more_len)
| #define YY_RESTORE_YY_MORE_OFFSET
| char *yytext;
| #line 1 "conftest.l"
| #line 460 "lex.yy.c"
| 
| #define INITIAL 0
| 
| #ifndef YY_NO_UNISTD_H
| /* Special case for "unistd.h", since it is non-ANSI. We include it way
|  * down here because we want the user's section 1 to have been scanned first.
|  * The user has a chance to override it with an option.
|  */
| #include <unistd.h>
| #endif
| 
| #ifndef YY_EXTRA_TYPE
| #define YY_EXTRA_TYPE void *
| #endif
| 
| static int yy_init_globals ( void );
| 
| /* Accessor methods to globals.
|    These are made visible to non-reentrant scanners for convenience. */
| 
| int yylex_destroy ( void );
| 
| int yyget_debug ( void );
| 
| void yyset_debug ( int debug_flag  );
| 
| YY_EXTRA_TYPE yyget_extra ( void );
| 
| void yyset_extra ( YY_EXTRA_TYPE user_defined  );
| 
| FILE *yyget_in ( void );
| 
| void yyset_in  ( FILE * _in_str  );
| 
| FILE *yyget_out ( void );
| 
| void yyset_out  ( FILE * _out_str  );
| 
| 			int yyget_leng ( void );
| 
| char *yyget_text ( void );
| 
| int yyget_lineno ( void );
| 
| void yyset_lineno ( int _line_number  );
| 
| /* Macros after this point can all be overridden by user definitions in
|  * section 1.
|  */
| 
| #ifndef YY_SKIP_YYWRAP
| #ifdef __cplusplus
| extern "C" int yywrap ( void );
| #else
| extern int yywrap ( void );
| #endif
| #endif
| 
| #ifndef YY_NO_UNPUT
|     
|     static void yyunput ( int c, char *buf_ptr  );
|     
| #endif
| 
| #ifndef yytext_ptr
| static void yy_flex_strncpy ( char *, const char *, int );
| #endif
| 
| #ifdef YY_NEED_STRLEN
| static int yy_flex_strlen ( const char * );
| #endif
| 
| #ifndef YY_NO_INPUT
| #ifdef __cplusplus
| static int yyinput ( void );
| #else
| static int input ( void );
| #endif
| 
| #endif
| 
| /* Amount of stuff to slurp up with each read. */
| #ifndef YY_READ_BUF_SIZE
| #ifdef __ia64__
| /* On IA-64, the buffer size is 16k, not 8k */
| #define YY_READ_BUF_SIZE 16384
| #else
| #define YY_READ_BUF_SIZE 8192
| #endif /* __ia64__ */
| #endif
| 
| /* Copy whatever the last rule matched to the standard output. */
| #ifndef ECHO
| /* This used to be an fputs(), but since the string might contain NUL's,
|  * we now use fwrite().
|  */
| #define ECHO do { if (fwrite( yytext, (size_t) yyleng, 1, yyout )) {} } while (0)
| #endif
| 
| /* Gets input and stuffs it into "buf".  number of characters read, or YY_NULL,
|  * is returned in "result".
|  */
| #ifndef YY_INPUT
| #define YY_INPUT(buf,result,max_size) \
| 	if ( YY_CURRENT_BUFFER_LVALUE->yy_is_interactive ) \
| 		{ \
| 		int c = '*'; \
| 		int n; \
| 		for ( n = 0; n < max_size && \
| 			     (c = getc( yyin )) != EOF && c != '\n'; ++n ) \
| 			buf[n] = (char) c; \
| 		if ( c == '\n' ) \
| 			buf[n++] = (char) c; \
| 		if ( c == EOF && ferror( yyin ) ) \
| 			YY_FATAL_ERROR( "input in flex scanner failed" ); \
| 		result = n; \
| 		} \
| 	else \
| 		{ \
| 		errno=0; \
| 		while ( (result = (int) fread(buf, 1, (yy_size_t) max_size, yyin)) == 0 && ferror(yyin)) \
| 			{ \
| 			if( errno != EINTR) \
| 				{ \
| 				YY_FATAL_ERROR( "input in flex scanner failed" ); \
| 				break; \
| 				} \
| 			errno=0; \
| 			clearerr(yyin); \
| 			} \
| 		}\
| \
| 
| #endif
| 
| /* No semi-colon after return; correct usage is to write "yyterminate();" -
|  * we don't want an extra ';' after the "return" because that will cause
|  * some compilers to complain about unreachable statements.
|  */
| #ifndef yyterminate
| #define yyterminate() return YY_NULL
| #endif
| 
| /* Number of entries by which start-condition stack grows. */
| #ifndef YY_START_STACK_INCR
| #define YY_START_STACK_INCR 25
| #endif
| 
| /* Report a fatal error. */
| #ifndef YY_FATAL_ERROR
| #define YY_FATAL_ERROR(msg) yy_fatal_error( msg )
| #endif
| 
| /* end tables serialization structures and prototypes */
| 
| /* Default declaration of generated scanner - a define so the user can
|  * easily add parameters.
|  */
| #ifndef YY_DECL
| #define YY_DECL_IS_OURS 1
| 
| extern int yylex (void);
| 
| #define YY_DECL int yylex (void)
| #endif /* !YY_DECL */
| 
| /* Code executed at the beginning of each rule, after yytext and yyleng
|  * have been set up.
|  */
| #ifndef YY_USER_ACTION
| #define YY_USER_ACTION
| #endif
| 
| /* Code executed at the end of each rule. */
| #ifndef YY_BREAK
| #define YY_BREAK /*LINTED*/break;
| #endif
| 
| #define YY_RULE_SETUP \
| 	YY_USER_ACTION
| 
| /** The main scanner function which does all the work.
|  */
| YY_DECL
| {
| 	yy_state_type yy_current_state;
| 	char *yy_cp, *yy_bp;
| 	int yy_act;
|     
| 	if ( !(yy_init) )
| 		{
| 		(yy_init) = 1;
| 
| #ifdef YY_USER_INIT
| 		YY_USER_INIT;
| #endif
| 
|         /* Create the reject buffer large enough to save one state per allowed character. */
|         if ( ! (yy_state_buf) )
|             (yy_state_buf) = (yy_state_type *)yyalloc(YY_STATE_BUF_SIZE  );
|             if ( ! (yy_state_buf) )
|                 YY_FATAL_ERROR( "out of dynamic memory in yylex()" );
| 
| 		if ( ! (yy_start) )
| 			(yy_start) = 1;	/* first start state */
| 
| 		if ( ! yyin )
| 			yyin = stdin;
| 
| 		if ( ! yyout )
| 			yyout = stdout;
| 
| 		if ( ! YY_CURRENT_BUFFER ) {
| 			yyensure_buffer_stack ();
| 			YY_CURRENT_BUFFER_LVALUE =
| 				yy_create_buffer( yyin, YY_BUF_SIZE );
| 		}
| 
| 		yy_load_buffer_state(  );
| 		}
| 
| 	{
| #line 1 "conftest.l"
| 
| #line 685 "lex.yy.c"
| 
| 	while ( /*CONSTCOND*/1 )		/* loops until end-of-file is reached */
| 		{
| 		(yy_more_len) = 0;
| 		if ( (yy_more_flag) )
| 			{
| 			(yy_more_len) = (int) ((yy_c_buf_p) - (yytext_ptr));
| 			(yy_more_flag) = 0;
| 			}
| 		yy_cp = (yy_c_buf_p);
| 
| 		/* Support of yytext. */
| 		*yy_cp = (yy_hold_char);
| 
| 		/* yy_bp points to the position in yy_ch_buf of the start of
| 		 * the current run.
| 		 */
| 		yy_bp = yy_cp;
| 
| 		yy_current_state = (yy_start);
| 
| 		(yy_state_ptr) = (yy_state_buf);
| 		*(yy_state_ptr)++ = yy_current_state;
| 
| yy_match:
| 		do
| 			{
| 			YY_CHAR yy_c = yy_ec[YY_SC_TO_UI(*yy_cp)] ;
| 			while ( yy_chk[yy_base[yy_current_state] + yy_c] != yy_current_state )
| 				{
| 				yy_current_state = (int) yy_def[yy_current_state];
| 				if ( yy_current_state >= 13 )
| 					yy_c = yy_meta[yy_c];
| 				}
| 			yy_current_state = yy_nxt[yy_base[yy_current_state] + yy_c];
| 			*(yy_state_ptr)++ = yy_current_state;
| 			++yy_cp;
| 			}
| 		while ( yy_base[yy_current_state] != 10 );
| 
| yy_find_action:
| 		yy_current_state = *--(yy_state_ptr);
| 		(yy_lp) = yy_accept[yy_current_state];
| 
| find_rule: /* we branch to this label when backing up */
| 
| 		for ( ; ; ) /* until we find what rule we matched */
| 			{
| 			if ( (yy_lp) && (yy_lp) < yy_accept[yy_current_state + 1] )
| 				{
| 				yy_act = yy_acclist[(yy_lp)];
| 					{
| 					(yy_full_match) = yy_cp;
| 					break;
| 					}
| 				}
| 			--yy_cp;
| 			yy_current_state = *--(yy_state_ptr);
| 			(yy_lp) = yy_accept[yy_current_state];
| 			}
| 
| 		YY_DO_BEFORE_ACTION;
| 
| do_action:	/* This label is used only to access EOF actions. */
| 
| 		switch ( yy_act )
| 	{ /* beginning of action switch */
| case 1:
| YY_RULE_SETUP
| #line 2 "conftest.l"
| { ECHO; }
| 	YY_BREAK
| case 2:
| YY_RULE_SETUP
| #line 3 "conftest.l"
| { REJECT; }
| 	YY_BREAK
| case 3:
| YY_RULE_SETUP
| #line 4 "conftest.l"
| { yymore (); }
| 	YY_BREAK
| case 4:
| YY_RULE_SETUP
| #line 5 "conftest.l"
| { yyless (1); }
| 	YY_BREAK
| case 5:
| YY_RULE_SETUP
| #line 6 "conftest.l"
| { /* IRIX 6.5 flex 2.5.4 underquotes its yyless argument.  */
|     yyless ((input () != 0)); }
| 	YY_BREAK
| case 6:
| YY_RULE_SETUP
| #line 8 "conftest.l"
| { unput (yytext[0]); }
| 	YY_BREAK
| case 7:
| YY_RULE_SETUP
| #line 9 "conftest.l"
| { BEGIN INITIAL; }
| 	YY_BREAK
| case 8:
| YY_RULE_SETUP
| #line 10 "conftest.l"
| ECHO;
| 	YY_BREAK
| #line 794 "lex.yy.c"
| 			case YY_STATE_EOF(INITIAL):
| 				yyterminate();
| 
| 	case YY_END_OF_BUFFER:
| 		{
| 		/* Amount of text matched not including the EOB char. */
| 		int yy_amount_of_matched_text = (int) (yy_cp - (yytext_ptr)) - 1;
| 
| 		/* Undo the effects of YY_DO_BEFORE_ACTION. */
| 		*yy_cp = (yy_hold_char);
| 		YY_RESTORE_YY_MORE_OFFSET
| 
| 		if ( YY_CURRENT_BUFFER_LVALUE->yy_buffer_status == YY_BUFFER_NEW )
| 			{
| 			/* We're scanning a new file or input source.  It's
| 			 * possible that this happened because the user
| 			 * just pointed yyin at a new source and called
| 			 * yylex().  If so, then we have to assure
| 			 * consistency between YY_CURRENT_BUFFER and our
| 			 * globals.  Here is the right place to do so, because
| 			 * this is the first action (other than possibly a
| 			 * back-up) that will match for the new input source.
| 			 */
| 			(yy_n_chars) = YY_CURRENT_BUFFER_LVALUE->yy_n_chars;
| 			YY_CURRENT_BUFFER_LVALUE->yy_input_file = yyin;
| 			YY_CURRENT_BUFFER_LVALUE->yy_buffer_status = YY_BUFFER_NORMAL;
| 			}
| 
| 		/* Note that here we test for yy_c_buf_p "<=" to the position
| 		 * of the first EOB in the buffer, since yy_c_buf_p will
| 		 * already have been incremented past the NUL character
| 		 * (since all states make transitions on EOB to the
| 		 * end-of-buffer state).  Contrast this with the test
| 		 * in input().
| 		 */
| 		if ( (yy_c_buf_p) <= &YY_CURRENT_BUFFER_LVALUE->yy_ch_buf[(yy_n_chars)] )
| 			{ /* This was really a NUL. */
| 			yy_state_type yy_next_state;
| 
| 			(yy_c_buf_p) = (yytext_ptr) + yy_amount_of_matched_text;
| 
| 			yy_current_state = yy_get_previous_state(  );
| 
| 			/* Okay, we're now positioned to make the NUL
| 			 * transition.  We couldn't have
| 			 * yy_get_previous_state() go ahead and do it
| 			 * for us because it doesn't know how to deal
| 			 * with the possibility of jamming (and we don't
| 			 * want to build jamming into it because then it
| 			 * will run more slowly).
| 			 */
| 
| 			yy_next_state = yy_try_NUL_trans( yy_current_state );
| 
| 			yy_bp = (yytext_ptr) + YY_MORE_ADJ;
| 
| 			if ( yy_next_state )
| 				{
| 				/* Consume the NUL. */
| 				yy_cp = ++(yy_c_buf_p);
| 				yy_current_state = yy_next_state;
| 				goto yy_match;
| 				}
| 
| 			else
| 				{
| 				yy_cp = (yy_c_buf_p);
| 				goto yy_find_action;
| 				}
| 			}
| 
| 		else switch ( yy_get_next_buffer(  ) )
| 			{
| 			case EOB_ACT_END_OF_FILE:
| 				{
| 				(yy_did_buffer_switch_on_eof) = 0;
| 
| 				if ( yywrap(  ) )
| 					{
| 					/* Note: because we've taken care in
| 					 * yy_get_next_buffer() to have set up
| 					 * yytext, we can now set up
| 					 * yy_c_buf_p so that if some total
| 					 * hoser (like flex itself) wants to
| 					 * call the scanner after we return the
| 					 * YY_NULL, it'll still work - another
| 					 * YY_NULL will get returned.
| 					 */
| 					(yy_c_buf_p) = (yytext_ptr) + YY_MORE_ADJ;
| 
| 					yy_act = YY_STATE_EOF(YY_START);
| 					goto do_action;
| 					}
| 
| 				else
| 					{
| 					if ( ! (yy_did_buffer_switch_on_eof) )
| 						YY_NEW_FILE;
| 					}
| 				break;
| 				}
| 
| 			case EOB_ACT_CONTINUE_SCAN:
| 				(yy_c_buf_p) =
| 					(yytext_ptr) + yy_amount_of_matched_text;
| 
| 				yy_current_state = yy_get_previous_state(  );
| 
| 				yy_cp = (yy_c_buf_p);
| 				yy_bp = (yytext_ptr) + YY_MORE_ADJ;
| 				goto yy_match;
| 
| 			case EOB_ACT_LAST_MATCH:
| 				(yy_c_buf_p) =
| 				&YY_CURRENT_BUFFER_LVALUE->yy_ch_buf[(yy_n_chars)];
| 
| 				yy_current_state = yy_get_previous_state(  );
| 
| 				yy_cp = (yy_c_buf_p);
| 				yy_bp = (yytext_ptr) + YY_MORE_ADJ;
| 				goto yy_find_action;
| 			}
| 		break;
| 		}
| 
| 	default:
| 		YY_FATAL_ERROR(
| 			"fatal flex scanner internal error--no action found" );
| 	} /* end of action switch */
| 		} /* end of scanning one token */
| 	} /* end of user's declarations */
| } /* end of yylex */
| 
| /* yy_get_next_buffer - try to read in a new buffer
|  *
|  * Returns a code representing an action:
|  *	EOB_ACT_LAST_MATCH -
|  *	EOB_ACT_CONTINUE_SCAN - continue scanning from current position
|  *	EOB_ACT_END_OF_FILE - end of file
|  */
| static int yy_get_next_buffer (void)
| {
|     	char *dest = YY_CURRENT_BUFFER_LVALUE->yy_ch_buf;
| 	char *source = (yytext_ptr);
| 	int number_to_move, i;
| 	int ret_val;
| 
| 	if ( (yy_c_buf_p) > &YY_CURRENT_BUFFER_LVALUE->yy_ch_buf[(yy_n_chars) + 1] )
| 		YY_FATAL_ERROR(
| 		"fatal flex scanner internal error--end of buffer missed" );
| 
| 	if ( YY_CURRENT_BUFFER_LVALUE->yy_fill_buffer == 0 )
| 		{ /* Don't try to fill the buffer, so this is an EOF. */
| 		if ( (yy_c_buf_p) - (yytext_ptr) - YY_MORE_ADJ == 1 )
| 			{
| 			/* We matched a single character, the EOB, so
| 			 * treat this as a final EOF.
| 			 */
| 			return EOB_ACT_END_OF_FILE;
| 			}
| 
| 		else
| 			{
| 			/* We matched some text prior to the EOB, first
| 			 * process it.
| 			 */
| 			return EOB_ACT_LAST_MATCH;
| 			}
| 		}
| 
| 	/* Try to read more data. */
| 
| 	/* First move last chars to start of buffer. */
| 	number_to_move = (int) ((yy_c_buf_p) - (yytext_ptr) - 1);
| 
| 	for ( i = 0; i < number_to_move; ++i )
| 		*(dest++) = *(source++);
| 
| 	if ( YY_CURRENT_BUFFER_LVALUE->yy_buffer_status == YY_BUFFER_EOF_PENDING )
| 		/* don't do the read, it's not guaranteed to return an EOF,
| 		 * just force an EOF
| 		 */
| 		YY_CURRENT_BUFFER_LVALUE->yy_n_chars = (yy_n_chars) = 0;
| 
| 	else
| 		{
| 			int num_to_read =
| 			YY_CURRENT_BUFFER_LVALUE->yy_buf_size - number_to_move - 1;
| 
| 		while ( num_to_read <= 0 )
| 			{ /* Not enough room in the buffer - grow it. */
| 
| 			YY_FATAL_ERROR(
| "input buffer overflow, can't enlarge buffer because scanner uses REJECT" );
| 
| 			}
| 
| 		if ( num_to_read > YY_READ_BUF_SIZE )
| 			num_to_read = YY_READ_BUF_SIZE;
| 
| 		/* Read in more data. */
| 		YY_INPUT( (&YY_CURRENT_BUFFER_LVALUE->yy_ch_buf[number_to_move]),
| 			(yy_n_chars), num_to_read );
| 
| 		YY_CURRENT_BUFFER_LVALUE->yy_n_chars = (yy_n_chars);
| 		}
| 
| 	if ( (yy_n_chars) == 0 )
| 		{
| 		if ( number_to_move == YY_MORE_ADJ )
| 			{
| 			ret_val = EOB_ACT_END_OF_FILE;
| 			yyrestart( yyin  );
| 			}
| 
| 		else
| 			{
| 			ret_val = EOB_ACT_LAST_MATCH;
| 			YY_CURRENT_BUFFER_LVALUE->yy_buffer_status =
| 				YY_BUFFER_EOF_PENDING;
| 			}
| 		}
| 
| 	else
| 		ret_val = EOB_ACT_CONTINUE_SCAN;
| 
| 	if (((yy_n_chars) + number_to_move) > YY_CURRENT_BUFFER_LVALUE->yy_buf_size) {
| 		/* Extend the array by 50%, plus the number we really need. */
| 		int new_size = (yy_n_chars) + number_to_move + ((yy_n_chars) >> 1);
| 		YY_CURRENT_BUFFER_LVALUE->yy_ch_buf = (char *) yyrealloc(
| 			(void *) YY_CURRENT_BUFFER_LVALUE->yy_ch_buf, (yy_size_t) new_size  );
| 		if ( ! YY_CURRENT_BUFFER_LVALUE->yy_ch_buf )
| 			YY_FATAL_ERROR( "out of dynamic memory in yy_get_next_buffer()" );
| 		/* "- 2" to take care of EOB's */
| 		YY_CURRENT_BUFFER_LVALUE->yy_buf_size = (int) (new_size - 2);
| 	}
| 
| 	(yy_n_chars) += number_to_move;
| 	YY_CURRENT_BUFFER_LVALUE->yy_ch_buf[(yy_n_chars)] = YY_END_OF_BUFFER_CHAR;
| 	YY_CURRENT_BUFFER_LVALUE->yy_ch_buf[(yy_n_chars) + 1] = YY_END_OF_BUFFER_CHAR;
| 
| 	(yytext_ptr) = &YY_CURRENT_BUFFER_LVALUE->yy_ch_buf[0];
| 
| 	return ret_val;
| }
| 
| /* yy_get_previous_state - get the state just before the EOB char was reached */
| 
|     static yy_state_type yy_get_previous_state (void)
| {
| 	yy_state_type yy_current_state;
| 	char *yy_cp;
|     
| 	yy_current_state = (yy_start);
| 
| 	(yy_state_ptr) = (yy_state_buf);
| 	*(yy_state_ptr)++ = yy_current_state;
| 
| 	for ( yy_cp = (yytext_ptr) + YY_MORE_ADJ; yy_cp < (yy_c_buf_p); ++yy_cp )
| 		{
| 		YY_CHAR yy_c = (*yy_cp ? yy_ec[YY_SC_TO_UI(*yy_cp)] : 1);
| 		while ( yy_chk[yy_base[yy_current_state] + yy_c] != yy_current_state )
| 			{
| 			yy_current_state = (int) yy_def[yy_current_state];
| 			if ( yy_current_state >= 13 )
| 				yy_c = yy_meta[yy_c];
| 			}
| 		yy_current_state = yy_nxt[yy_base[yy_current_state] + yy_c];
| 		*(yy_state_ptr)++ = yy_current_state;
| 		}
| 
| 	return yy_current_state;
| }
| 
| /* yy_try_NUL_trans - try to make a transition on the NUL character
|  *
|  * synopsis
|  *	next_state = yy_try_NUL_trans( current_state );
|  */
|     static yy_state_type yy_try_NUL_trans  (yy_state_type yy_current_state )
| {
| 	int yy_is_jam;
|     
| 	YY_CHAR yy_c = 1;
| 	while ( yy_chk[yy_base[yy_current_state] + yy_c] != yy_current_state )
| 		{
| 		yy_current_state = (int) yy_def[yy_current_state];
| 		if ( yy_current_state >= 13 )
| 			yy_c = yy_meta[yy_c];
| 		}
| 	yy_current_state = yy_nxt[yy_base[yy_current_state] + yy_c];
| 	yy_is_jam = (yy_current_state == 12);
| 	if ( ! yy_is_jam )
| 		*(yy_state_ptr)++ = yy_current_state;
| 
| 		return yy_is_jam ? 0 : yy_current_state;
| }
| 
| #ifndef YY_NO_UNPUT
| 
|     static void yyunput (int c, char * yy_bp )
| {
| 	char *yy_cp;
|     
|     yy_cp = (yy_c_buf_p);
| 
| 	/* undo effects of setting up yytext */
| 	*yy_cp = (yy_hold_char);
| 
| 	if ( yy_cp < YY_CURRENT_BUFFER_LVALUE->yy_ch_buf + 2 )
| 		{ /* need to shift things up to make room */
| 		/* +2 for EOB chars. */
| 		int number_to_move = (yy_n_chars) + 2;
| 		char *dest = &YY_CURRENT_BUFFER_LVALUE->yy_ch_buf[
| 					YY_CURRENT_BUFFER_LVALUE->yy_buf_size + 2];
| 		char *source =
| 				&YY_CURRENT_BUFFER_LVALUE->yy_ch_buf[number_to_move];
| 
| 		while ( source > YY_CURRENT_BUFFER_LVALUE->yy_ch_buf )
| 			*--dest = *--source;
| 
| 		yy_cp += (int) (dest - source);
| 		yy_bp += (int) (dest - source);
| 		YY_CURRENT_BUFFER_LVALUE->yy_n_chars =
| 			(yy_n_chars) = (int) YY_CURRENT_BUFFER_LVALUE->yy_buf_size;
| 
| 		if ( yy_cp < YY_CURRENT_BUFFER_LVALUE->yy_ch_buf + 2 )
| 			YY_FATAL_ERROR( "flex scanner push-back overflow" );
| 		}
| 
| 	*--yy_cp = (char) c;
| 
| 	(yytext_ptr) = yy_bp;
| 	(yy_hold_char) = *yy_cp;
| 	(yy_c_buf_p) = yy_cp;
| }
| 
| #endif
| 
| #ifndef YY_NO_INPUT
| #ifdef __cplusplus
|     static int yyinput (void)
| #else
|     static int input  (void)
| #endif
| 
| {
| 	int c;
|     
| 	*(yy_c_buf_p) = (yy_hold_char);
| 
| 	if ( *(yy_c_buf_p) == YY_END_OF_BUFFER_CHAR )
| 		{
| 		/* yy_c_buf_p now points to the character we want to return.
| 		 * If this occurs *before* the EOB characters, then it's a
| 		 * valid NUL; if not, then we've hit the end of the buffer.
| 		 */
| 		if ( (yy_c_buf_p) < &YY_CURRENT_BUFFER_LVALUE->yy_ch_buf[(yy_n_chars)] )
| 			/* This was really a NUL. */
| 			*(yy_c_buf_p) = '\0';
| 
| 		else
| 			{ /* need more input */
| 			int offset = (int) ((yy_c_buf_p) - (yytext_ptr));
| 			++(yy_c_buf_p);
| 
| 			switch ( yy_get_next_buffer(  ) )
| 				{
| 				case EOB_ACT_LAST_MATCH:
| 					/* This happens because yy_g_n_b()
| 					 * sees that we've accumulated a
| 					 * token and flags that we need to
| 					 * try matching the token before
| 					 * proceeding.  But for input(),
| 					 * there's no matching to consider.
| 					 * So convert the EOB_ACT_LAST_MATCH
| 					 * to EOB_ACT_END_OF_FILE.
| 					 */
| 
| 					/* Reset buffer status. */
| 					yyrestart( yyin );
| 
| 					/*FALLTHROUGH*/
| 
| 				case EOB_ACT_END_OF_FILE:
| 					{
| 					if ( yywrap(  ) )
| 						return 0;
| 
| 					if ( ! (yy_did_buffer_switch_on_eof) )
| 						YY_NEW_FILE;
| #ifdef __cplusplus
| 					return yyinput();
| #else
| 					return input();
| #endif
| 					}
| 
| 				case EOB_ACT_CONTINUE_SCAN:
| 					(yy_c_buf_p) = (yytext_ptr) + offset;
| 					break;
| 				}
| 			}
| 		}
| 
| 	c = *(unsigned char *) (yy_c_buf_p);	/* cast for 8-bit char's */
| 	*(yy_c_buf_p) = '\0';	/* preserve yytext */
| 	(yy_hold_char) = *++(yy_c_buf_p);
| 
| 	return c;
| }
| #endif	/* ifndef YY_NO_INPUT */
| 
| /** Immediately switch to a different input stream.
|  * @param input_file A readable stream.
|  * 
|  * @note This function does not reset the start condition to @c INITIAL .
|  */
|     void yyrestart  (FILE * input_file )
| {
|     
| 	if ( ! YY_CURRENT_BUFFER ){
|         yyensure_buffer_stack ();
| 		YY_CURRENT_BUFFER_LVALUE =
|             yy_create_buffer( yyin, YY_BUF_SIZE );
| 	}
| 
| 	yy_init_buffer( YY_CURRENT_BUFFER, input_file );
| 	yy_load_buffer_state(  );
| }
| 
| /** Switch to a different input buffer.
|  * @param new_buffer The new input buffer.
|  * 
|  */
|     void yy_switch_to_buffer  (YY_BUFFER_STATE  new_buffer )
| {
|     
| 	/* TODO. We should be able to replace this entire function body
| 	 * with
| 	 *		yypop_buffer_state();
| 	 *		yypush_buffer_state(new_buffer);
|      */
| 	yyensure_buffer_stack ();
| 	if ( YY_CURRENT_BUFFER == new_buffer )
| 		return;
| 
| 	if ( YY_CURRENT_BUFFER )
| 		{
| 		/* Flush out information for old buffer. */
| 		*(yy_c_buf_p) = (yy_hold_char);
| 		YY_CURRENT_BUFFER_LVALUE->yy_buf_pos = (yy_c_buf_p);
| 		YY_CURRENT_BUFFER_LVALUE->yy_n_chars = (yy_n_chars);
| 		}
| 
| 	YY_CURRENT_BUFFER_LVALUE = new_buffer;
| 	yy_load_buffer_state(  );
| 
| 	/* We don't actually know whether we did this switch during
| 	 * EOF (yywrap()) processing, but the only time this flag
| 	 * is looked at is after yywrap() is called, so it's safe
| 	 * to go ahead and always set it.
| 	 */
| 	(yy_did_buffer_switch_on_eof) = 1;
| }
| 
| static void yy_load_buffer_state  (void)
| {
|     	(yy_n_chars) = YY_CURRENT_BUFFER_LVALUE->yy_n_chars;
| 	(yytext_ptr) = (yy_c_buf_p) = YY_CURRENT_BUFFER_LVALUE->yy_buf_pos;
| 	yyin = YY_CURRENT_BUFFER_LVALUE->yy_input_file;
| 	(yy_hold_char) = *(yy_c_buf_p);
| }
| 
| /** Allocate and initialize an input buffer state.
|  * @param file A readable stream.
|  * @param size The character buffer size in bytes. When in doubt, use @c YY_BUF_SIZE.
|  * 
|  * @return the allocated buffer state.
|  */
|     YY_BUFFER_STATE yy_create_buffer  (FILE * file, int  size )
| {
| 	YY_BUFFER_STATE b;
|     
| 	b = (YY_BUFFER_STATE) yyalloc( sizeof( struct yy_buffer_state )  );
| 	if ( ! b )
| 		YY_FATAL_ERROR( "out of dynamic memory in yy_create_buffer()" );
| 
| 	b->yy_buf_size = size;
| 
| 	/* yy_ch_buf has to be 2 characters longer than the size given because
| 	 * we need to put in 2 end-of-buffer characters.
| 	 */
| 	b->yy_ch_buf = (char *) yyalloc( (yy_size_t) (b->yy_buf_size + 2)  );
| 	if ( ! b->yy_ch_buf )
| 		YY_FATAL_ERROR( "out of dynamic memory in yy_create_buffer()" );
| 
| 	b->yy_is_our_buffer = 1;
| 
| 	yy_init_buffer( b, file );
| 
| 	return b;
| }
| 
| /** Destroy the buffer.
|  * @param b a buffer created with yy_create_buffer()
|  * 
|  */
|     void yy_delete_buffer (YY_BUFFER_STATE  b )
| {
|     
| 	if ( ! b )
| 		return;
| 
| 	if ( b == YY_CURRENT_BUFFER ) /* Not sure if we should pop here. */
| 		YY_CURRENT_BUFFER_LVALUE = (YY_BUFFER_STATE) 0;
| 
| 	if ( b->yy_is_our_buffer )
| 		yyfree( (void *) b->yy_ch_buf  );
| 
| 	yyfree( (void *) b  );
| }
| 
| /* Initializes or reinitializes a buffer.
|  * This function is sometimes called more than once on the same buffer,
|  * such as during a yyrestart() or at EOF.
|  */
|     static void yy_init_buffer  (YY_BUFFER_STATE  b, FILE * file )
| 
| {
| 	int oerrno = errno;
|     
| 	yy_flush_buffer( b );
| 
| 	b->yy_input_file = file;
| 	b->yy_fill_buffer = 1;
| 
|     /* If b is the current buffer, then yy_init_buffer was _probably_
|      * called from yyrestart() or through yy_get_next_buffer.
|      * In that case, we don't want to reset the lineno or column.
|      */
|     if (b != YY_CURRENT_BUFFER){
|         b->yy_bs_lineno = 1;
|         b->yy_bs_column = 0;
|     }
| 
|         b->yy_is_interactive = file ? (isatty( fileno(file) ) > 0) : 0;
|     
| 	errno = oerrno;
| }
| 
| /** Discard all buffered characters. On the next scan, YY_INPUT will be called.
|  * @param b the buffer state to be flushed, usually @c YY_CURRENT_BUFFER.
|  * 
|  */
|     void yy_flush_buffer (YY_BUFFER_STATE  b )
| {
|     	if ( ! b )
| 		return;
| 
| 	b->yy_n_chars = 0;
| 
| 	/* We always need two end-of-buffer characters.  The first causes
| 	 * a transition to the end-of-buffer state.  The second causes
| 	 * a jam in that state.
| 	 */
| 	b->yy_ch_buf[0] = YY_END_OF_BUFFER_CHAR;
| 	b->yy_ch_buf[1] = YY_END_OF_BUFFER_CHAR;
| 
| 	b->yy_buf_pos = &b->yy_ch_buf[0];
| 
| 	b->yy_at_bol = 1;
| 	b->yy_buffer_status = YY_BUFFER_NEW;
| 
| 	if ( b == YY_CURRENT_BUFFER )
| 		yy_load_buffer_state(  );
| }
| 
| /** Pushes the new state onto the stack. The new state becomes
|  *  the current state. This function will allocate the stack
|  *  if necessary.
|  *  @param new_buffer The new state.
|  *  
|  */
| void yypush_buffer_state (YY_BUFFER_STATE new_buffer )
| {
|     	if (new_buffer == NULL)
| 		return;
| 
| 	yyensure_buffer_stack();
| 
| 	/* This block is copied from yy_switch_to_buffer. */
| 	if ( YY_CURRENT_BUFFER )
| 		{
| 		/* Flush out information for old buffer. */
| 		*(yy_c_buf_p) = (yy_hold_char);
| 		YY_CURRENT_BUFFER_LVALUE->yy_buf_pos = (yy_c_buf_p);
| 		YY_CURRENT_BUFFER_LVALUE->yy_n_chars = (yy_n_chars);
| 		}
| 
| 	/* Only push if top exists. Otherwise, replace top. */
| 	if (YY_CURRENT_BUFFER)
| 		(yy_buffer_stack_top)++;
| 	YY_CURRENT_BUFFER_LVALUE = new_buffer;
| 
| 	/* copied from yy_switch_to_buffer. */
| 	yy_load_buffer_state(  );
| 	(yy_did_buffer_switch_on_eof) = 1;
| }
| 
| /** Removes and deletes the top of the stack, if present.
|  *  The next element becomes the new top.
|  *  
|  */
| void yypop_buffer_state (void)
| {
|     	if (!YY_CURRENT_BUFFER)
| 		return;
| 
| 	yy_delete_buffer(YY_CURRENT_BUFFER );
| 	YY_CURRENT_BUFFER_LVALUE = NULL;
| 	if ((yy_buffer_stack_top) > 0)
| 		--(yy_buffer_stack_top);
| 
| 	if (YY_CURRENT_BUFFER) {
| 		yy_load_buffer_state(  );
| 		(yy_did_buffer_switch_on_eof) = 1;
| 	}
| }
| 
| /* Allocates the stack if it does not exist.
|  *  Guarantees space for at least one push.
|  */
| static void yyensure_buffer_stack (void)
| {
| 	yy_size_t num_to_alloc;
|     
| 	if (!(yy_buffer_stack)) {
| 
| 		/* First allocation is just for 2 elements, since we don't know if this
| 		 * scanner will even need a stack. We use 2 instead of 1 to avoid an
| 		 * immediate realloc on the next call.
|          */
|       num_to_alloc = 1; /* After all that talk, this was set to 1 anyways... */
| 		(yy_buffer_stack) = (struct yy_buffer_state**)yyalloc
| 								(num_to_alloc * sizeof(struct yy_buffer_state*)
| 								);
| 		if ( ! (yy_buffer_stack) )
| 			YY_FATAL_ERROR( "out of dynamic memory in yyensure_buffer_stack()" );
| 
| 		memset((yy_buffer_stack), 0, num_to_alloc * sizeof(struct yy_buffer_state*));
| 
| 		(yy_buffer_stack_max) = num_to_alloc;
| 		(yy_buffer_stack_top) = 0;
| 		return;
| 	}
| 
| 	if ((yy_buffer_stack_top) >= ((yy_buffer_stack_max)) - 1){
| 
| 		/* Increase the buffer to prepare for a possible push. */
| 		yy_size_t grow_size = 8 /* arbitrary grow size */;
| 
| 		num_to_alloc = (yy_buffer_stack_max) + grow_size;
| 		(yy_buffer_stack) = (struct yy_buffer_state**)yyrealloc
| 								((yy_buffer_stack),
| 								num_to_alloc * sizeof(struct yy_buffer_state*)
| 								);
| 		if ( ! (yy_buffer_stack) )
| 			YY_FATAL_ERROR( "out of dynamic memory in yyensure_buffer_stack()" );
| 
| 		/* zero only the new slots.*/
| 		memset((yy_buffer_stack) + (yy_buffer_stack_max), 0, grow_size * sizeof(struct yy_buffer_state*));
| 		(yy_buffer_stack_max) = num_to_alloc;
| 	}
| }
| 
| /** Setup the input buffer state to scan directly from a user-specified character buffer.
|  * @param base the character buffer
|  * @param size the size in bytes of the character buffer
|  * 
|  * @return the newly allocated buffer state object.
|  */
| YY_BUFFER_STATE yy_scan_buffer  (char * base, yy_size_t  size )
| {
| 	YY_BUFFER_STATE b;
|     
| 	if ( size < 2 ||
| 	     base[size-2] != YY_END_OF_BUFFER_CHAR ||
| 	     base[size-1] != YY_END_OF_BUFFER_CHAR )
| 		/* They forgot to leave room for the EOB's. */
| 		return NULL;
| 
| 	b = (YY_BUFFER_STATE) yyalloc( sizeof( struct yy_buffer_state )  );
| 	if ( ! b )
| 		YY_FATAL_ERROR( "out of dynamic memory in yy_scan_buffer()" );
| 
| 	b->yy_buf_size = (int) (size - 2);	/* "- 2" to take care of EOB's */
| 	b->yy_buf_pos = b->yy_ch_buf = base;
| 	b->yy_is_our_buffer = 0;
| 	b->yy_input_file = NULL;
| 	b->yy_n_chars = b->yy_buf_size;
| 	b->yy_is_interactive = 0;
| 	b->yy_at_bol = 1;
| 	b->yy_fill_buffer = 0;
| 	b->yy_buffer_status = YY_BUFFER_NEW;
| 
| 	yy_switch_to_buffer( b  );
| 
| 	return b;
| }
| 
| /** Setup the input buffer state to scan a string. The next call to yylex() will
|  * scan from a @e copy of @a str.
|  * @param yystr a NUL-terminated string to scan
|  * 
|  * @return the newly allocated buffer state object.
|  * @note If you want to scan bytes that may contain NUL values, then use
|  *       yy_scan_bytes() instead.
|  */
| YY_BUFFER_STATE yy_scan_string (const char * yystr )
| {
|     
| 	return yy_scan_bytes( yystr, (int) strlen(yystr) );
| }
| 
| /** Setup the input buffer state to scan the given bytes. The next call to yylex() will
|  * scan from a @e copy of @a bytes.
|  * @param yybytes the byte buffer to scan
|  * @param _yybytes_len the number of bytes in the buffer pointed to by @a bytes.
|  * 
|  * @return the newly allocated buffer state object.
|  */
| YY_BUFFER_STATE yy_scan_bytes  (const char * yybytes, int  _yybytes_len )
| {
| 	YY_BUFFER_STATE b;
| 	char *buf;
| 	yy_size_t n;
| 	int i;
|     
| 	/* Get memory for full buffer, including space for trailing EOB's. */
| 	n = (yy_size_t) (_yybytes_len + 2);
| 	buf = (char *) yyalloc( n  );
| 	if ( ! buf )
| 		YY_FATAL_ERROR( "out of dynamic memory in yy_scan_bytes()" );
| 
| 	for ( i = 0; i < _yybytes_len; ++i )
| 		buf[i] = yybytes[i];
| 
| 	buf[_yybytes_len] = buf[_yybytes_len+1] = YY_END_OF_BUFFER_CHAR;
| 
| 	b = yy_scan_buffer( buf, n );
| 	if ( ! b )
| 		YY_FATAL_ERROR( "bad buffer in yy_scan_bytes()" );
| 
| 	/* It's okay to grow etc. this buffer, and we should throw it
| 	 * away when we're done.
| 	 */
| 	b->yy_is_our_buffer = 1;
| 
| 	return b;
| }
| 
| #ifndef YY_EXIT_FAILURE
| #define YY_EXIT_FAILURE 2
| #endif
| 
| static void yynoreturn yy_fatal_error (const char* msg )
| {
| 			fprintf( stderr, "%s\n", msg );
| 	exit( YY_EXIT_FAILURE );
| }
| 
| /* Redefine yyless() so it works in section 3 code. */
| 
| #undef yyless
| #define yyless(n) \
| 	do \
| 		{ \
| 		/* Undo effects of setting up yytext. */ \
|         int yyless_macro_arg = (n); \
|         YY_LESS_LINENO(yyless_macro_arg);\
| 		yytext[yyleng] = (yy_hold_char); \
| 		(yy_c_buf_p) = yytext + yyless_macro_arg; \
| 		(yy_hold_char) = *(yy_c_buf_p); \
| 		*(yy_c_buf_p) = '\0'; \
| 		yyleng = yyless_macro_arg; \
| 		} \
| 	while ( 0 )
| 
| /* Accessor  methods (get/set functions) to struct members. */
| 
| /** Get the current line number.
|  * 
|  */
| int yyget_lineno  (void)
| {
|     
|     return yylineno;
| }
| 
| /** Get the input stream.
|  * 
|  */
| FILE *yyget_in  (void)
| {
|         return yyin;
| }
| 
| /** Get the output stream.
|  * 
|  */
| FILE *yyget_out  (void)
| {
|         return yyout;
| }
| 
| /** Get the length of the current token.
|  * 
|  */
| int yyget_leng  (void)
| {
|         return yyleng;
| }
| 
| /** Get the current token.
|  * 
|  */
| 
| char *yyget_text  (void)
| {
|         return yytext;
| }
| 
| /** Set the current line number.
|  * @param _line_number line number
|  * 
|  */
| void yyset_lineno (int  _line_number )
| {
|     
|     yylineno = _line_number;
| }
| 
| /** Set the input stream. This does not discard the current
|  * input buffer.
|  * @param _in_str A readable stream.
|  * 
|  * @see yy_switch_to_buffer
|  */
| void yyset_in (FILE *  _in_str )
| {
|         yyin = _in_str ;
| }
| 
| void yyset_out (FILE *  _out_str )
| {
|         yyout = _out_str ;
| }
| 
| int yyget_debug  (void)
| {
|         return yy_flex_debug;
| }
| 
| void yyset_debug (int  _bdebug )
| {
|         yy_flex_debug = _bdebug ;
| }
| 
| static int yy_init_globals (void)
| {
|         /* Initialization is the same as for the non-reentrant scanner.
|      * This function is called from yylex_destroy(), so don't allocate here.
|      */
| 
|     (yy_buffer_stack) = NULL;
|     (yy_buffer_stack_top) = 0;
|     (yy_buffer_stack_max) = 0;
|     (yy_c_buf_p) = NULL;
|     (yy_init) = 0;
|     (yy_start) = 0;
| 
|     (yy_state_buf) = 0;
|     (yy_state_ptr) = 0;
|     (yy_full_match) = 0;
|     (yy_lp) = 0;
| 
| /* Defined in main.c */
| #ifdef YY_STDINIT
|     yyin = stdin;
|     yyout = stdout;
| #else
|     yyin = NULL;
|     yyout = NULL;
| #endif
| 
|     /* For future reference: Set errno on error, since we are called by
|      * yylex_init()
|      */
|     return 0;
| }
| 
| /* yylex_destroy is for both reentrant and non-reentrant scanners. */
| int yylex_destroy  (void)
| {
|     
|     /* Pop the buffer stack, destroying each element. */
| 	while(YY_CURRENT_BUFFER){
| 		yy_delete_buffer( YY_CURRENT_BUFFER  );
| 		YY_CURRENT_BUFFER_LVALUE = NULL;
| 		yypop_buffer_state();
| 	}
| 
| 	/* Destroy the stack itself. */
| 	yyfree((yy_buffer_stack) );
| 	(yy_buffer_stack) = NULL;
| 
|     yyfree ( (yy_state_buf) );
|     (yy_state_buf)  = NULL;
| 
|     /* Reset the globals. This is important in a non-reentrant scanner so the next time
|      * yylex() is called, initialization will occur. */
|     yy_init_globals( );
| 
|     return 0;
| }
| 
| /*
|  * Internal utility routines.
|  */
| 
| #ifndef yytext_ptr
| static void yy_flex_strncpy (char* s1, const char * s2, int n )
| {
| 		
| 	int i;
| 	for ( i = 0; i < n; ++i )
| 		s1[i] = s2[i];
| }
| #endif
| 
| #ifdef YY_NEED_STRLEN
| static int yy_flex_strlen (const char * s )
| {
| 	int n;
| 	for ( n = 0; s[n]; ++n )
| 		;
| 
| 	return n;
| }
| #endif
| 
| void *yyalloc (yy_size_t  size )
| {
| 			return malloc(size);
| }
| 
| void *yyrealloc  (void * ptr, yy_size_t  size )
| {
| 		
| 	/* The cast to (char *) in the following accommodates both
| 	 * implementations that use char* generic pointers, and those
| 	 * that use void* generic pointers.  It works with the latter
| 	 * because both ANSI C and C++ allow castless assignment from
| 	 * any pointer type to void*, and deal with argument conversions
| 	 * as though doing an assignment.
| 	 */
| 	return realloc(ptr, size);
| }
| 
| void yyfree (void * ptr )
| {
| 			free( (char *) ptr );	/* see yyrealloc() for (char *) cast */
| }
| 
| #define YYTABLES_NAME "yytables"
| 
| #line 10 "conftest.l"
| 
| #ifdef YYTEXT_POINTER
| extern char *yytext;
| #endif
| int
| main (void)
| {
|   return ! yylex () + ! yywrap ();
| }
configure:6531: gcc -o conftest  -g -O2 -D_GNU_SOURCE -flto   conftest.c -lfl  >&5
/usr/bin/ld: cannot find -lfl: No such file or directory
collect2: error: ld returned 1 exit status
configure:6531: $? = 1
configure: failed program was:
| /* confdefs.h */
| #define PACKAGE_NAME "unbound"
| #define PACKAGE_TARNAME "unbound"
| #define PACKAGE_VERSION "1.18.0"
| #define PACKAGE_STRING "unbound 1.18.0"
| #define PACKAGE_BUGREPORT "unbound-bugs@nlnetlabs.nl or https://github.com/NLnetLabs/unbound/issues"
| #define PACKAGE_URL ""
| #define CONFCMDLINE ""
| #define STDC_HEADERS 1
| #define HAVE_SYS_TYPES_H 1
| #define HAVE_SYS_STAT_H 1
| #define HAVE_STDLIB_H 1
| #define HAVE_STRING_H 1
| #define HAVE_MEMORY_H 1
| #define HAVE_STRINGS_H 1
| #define HAVE_INTTYPES_H 1
| #define HAVE_STDINT_H 1
| #define HAVE_UNISTD_H 1
| #define __EXTENSIONS__ 1
| #define _ALL_SOURCE 1
| #define _GNU_SOURCE 1
| #define _POSIX_PTHREAD_SEMANTICS 1
| #define _TANDEM_SOURCE 1
| #define CONFIGFILE "/usr/local/etc/unbound/unbound.conf"
| #define RUN_DIR "/usr/local/etc/unbound"
| #define CHROOT_DIR "/usr/local/etc/unbound"
| #define SHARE_DIR "/usr/local/etc/unbound"
| #define PIDFILE "/usr/local/etc/unbound/unbound.pid"
| #define ROOT_ANCHOR_FILE "/usr/local/etc/unbound/root.key"
| #define ROOT_CERT_FILE "/usr/local/etc/unbound/icannbundle.pem"
| #define UB_USERNAME "unbound"
| #define WINVER 0x0502
| #define RSRC_PACKAGE_VERSION 1,18,0,0
| #define HAVE_GETOPT_H 1
| #define HAVE_TIME_H 1
| #define HAVE_ATTR_FORMAT 1
| #define HAVE_ATTR_UNUSED 1
| #define HAVE_ATTR_WEAK 1
| #define ATTR_WEAK __attribute__((weak))
| #define HAVE_ATTR_NORETURN 1
| #define ATTR_NORETURN __attribute__((__noreturn__))
| /* end confdefs.h.  */
| 
| #line 3 "lex.yy.c"
| 
| #define  YY_INT_ALIGNED short int
| 
| /* A lexical scanner generated by flex */
| 
| #define FLEX_SCANNER
| #define YY_FLEX_MAJOR_VERSION 2
| #define YY_FLEX_MINOR_VERSION 6
| #define YY_FLEX_SUBMINOR_VERSION 4
| #if YY_FLEX_SUBMINOR_VERSION > 0
| #define FLEX_BETA
| #endif
| 
| /* First, we deal with  platform-specific or compiler-specific issues. */
| 
| /* begin standard C headers. */
| #include <stdio.h>
| #include <string.h>
| #include <errno.h>
| #include <stdlib.h>
| 
| /* end standard C headers. */
| 
| /* flex integer type definitions */
| 
| #ifndef FLEXINT_H
| #define FLEXINT_H
| 
| /* C99 systems have <inttypes.h>. Non-C99 systems may or may not. */
| 
| #if defined (__STDC_VERSION__) && __STDC_VERSION__ >= 199901L
| 
| /* C99 says to define __STDC_LIMIT_MACROS before including stdint.h,
|  * if you want the limit (max/min) macros for int types. 
|  */
| #ifndef __STDC_LIMIT_MACROS
| #define __STDC_LIMIT_MACROS 1
| #endif
| 
| #include <inttypes.h>
| typedef int8_t flex_int8_t;
| typedef uint8_t flex_uint8_t;
| typedef int16_t flex_int16_t;
| typedef uint16_t flex_uint16_t;
| typedef int32_t flex_int32_t;
| typedef uint32_t flex_uint32_t;
| #else
| typedef signed char flex_int8_t;
| typedef short int flex_int16_t;
| typedef int flex_int32_t;
| typedef unsigned char flex_uint8_t; 
| typedef unsigned short int flex_uint16_t;
| typedef unsigned int flex_uint32_t;
| 
| /* Limits of integral types. */
| #ifndef INT8_MIN
| #define INT8_MIN               (-128)
| #endif
| #ifndef INT16_MIN
| #define INT16_MIN              (-32767-1)
| #endif
| #ifndef INT32_MIN
| #define INT32_MIN              (-2147483647-1)
| #endif
| #ifndef INT8_MAX
| #define INT8_MAX               (127)
| #endif
| #ifndef INT16_MAX
| #define INT16_MAX              (32767)
| #endif
| #ifndef INT32_MAX
| #define INT32_MAX              (2147483647)
| #endif
| #ifndef UINT8_MAX
| #define UINT8_MAX              (255U)
| #endif
| #ifndef UINT16_MAX
| #define UINT16_MAX             (65535U)
| #endif
| #ifndef UINT32_MAX
| #define UINT32_MAX             (4294967295U)
| #endif
| 
| #ifndef SIZE_MAX
| #define SIZE_MAX               (~(size_t)0)
| #endif
| 
| #endif /* ! C99 */
| 
| #endif /* ! FLEXINT_H */
| 
| /* begin standard C++ headers. */
| 
| /* TODO: this is always defined, so inline it */
| #define yyconst const
| 
| #if defined(__GNUC__) && __GNUC__ >= 3
| #define yynoreturn __attribute__((__noreturn__))
| #else
| #define yynoreturn
| #endif
| 
| /* Returned upon end-of-file. */
| #define YY_NULL 0
| 
| /* Promotes a possibly negative, possibly signed char to an
|  *   integer in range [0..255] for use as an array index.
|  */
| #define YY_SC_TO_UI(c) ((YY_CHAR) (c))
| 
| /* Enter a start condition.  This macro really ought to take a parameter,
|  * but we do it the disgusting crufty way forced on us by the ()-less
|  * definition of BEGIN.
|  */
| #define BEGIN (yy_start) = 1 + 2 *
| /* Translate the current start state into a value that can be later handed
|  * to BEGIN to return to the state.  The YYSTATE alias is for lex
|  * compatibility.
|  */
| #define YY_START (((yy_start) - 1) / 2)
| #define YYSTATE YY_START
| /* Action number for EOF rule of a given start state. */
| #define YY_STATE_EOF(state) (YY_END_OF_BUFFER + state + 1)
| /* Special action meaning "start processing a new file". */
| #define YY_NEW_FILE yyrestart( yyin  )
| #define YY_END_OF_BUFFER_CHAR 0
| 
| /* Size of default input buffer. */
| #ifndef YY_BUF_SIZE
| #ifdef __ia64__
| /* On IA-64, the buffer size is 16k, not 8k.
|  * Moreover, YY_BUF_SIZE is 2*YY_READ_BUF_SIZE in the general case.
|  * Ditto for the __ia64__ case accordingly.
|  */
| #define YY_BUF_SIZE 32768
| #else
| #define YY_BUF_SIZE 16384
| #endif /* __ia64__ */
| #endif
| 
| /* The state buf must be large enough to hold one state per character in the main buffer.
|  */
| #define YY_STATE_BUF_SIZE   ((YY_BUF_SIZE + 2) * sizeof(yy_state_type))
| 
| #ifndef YY_TYPEDEF_YY_BUFFER_STATE
| #define YY_TYPEDEF_YY_BUFFER_STATE
| typedef struct yy_buffer_state *YY_BUFFER_STATE;
| #endif
| 
| #ifndef YY_TYPEDEF_YY_SIZE_T
| #define YY_TYPEDEF_YY_SIZE_T
| typedef size_t yy_size_t;
| #endif
| 
| extern int yyleng;
| 
| extern FILE *yyin, *yyout;
| 
| #define EOB_ACT_CONTINUE_SCAN 0
| #define EOB_ACT_END_OF_FILE 1
| #define EOB_ACT_LAST_MATCH 2
|     
|     #define YY_LESS_LINENO(n)
|     #define YY_LINENO_REWIND_TO(ptr)
|     
| /* Return all but the first "n" matched characters back to the input stream. */
| #define yyless(n) \
| 	do \
| 		{ \
| 		/* Undo effects of setting up yytext. */ \
|         int yyless_macro_arg = (n); \
|         YY_LESS_LINENO(yyless_macro_arg);\
| 		*yy_cp = (yy_hold_char); \
| 		YY_RESTORE_YY_MORE_OFFSET \
| 		(yy_c_buf_p) = yy_cp = yy_bp + yyless_macro_arg - YY_MORE_ADJ; \
| 		YY_DO_BEFORE_ACTION; /* set up yytext again */ \
| 		} \
| 	while ( 0 )
| #define unput(c) yyunput( c, (yytext_ptr)  )
| 
| #ifndef YY_STRUCT_YY_BUFFER_STATE
| #define YY_STRUCT_YY_BUFFER_STATE
| struct yy_buffer_state
| 	{
| 	FILE *yy_input_file;
| 
| 	char *yy_ch_buf;		/* input buffer */
| 	char *yy_buf_pos;		/* current position in input buffer */
| 
| 	/* Size of input buffer in bytes, not including room for EOB
| 	 * characters.
| 	 */
| 	int yy_buf_size;
| 
| 	/* Number of characters read into yy_ch_buf, not including EOB
| 	 * characters.
| 	 */
| 	int yy_n_chars;
| 
| 	/* Whether we "own" the buffer - i.e., we know we created it,
| 	 * and can realloc() it to grow it, and should free() it to
| 	 * delete it.
| 	 */
| 	int yy_is_our_buffer;
| 
| 	/* Whether this is an "interactive" input source; if so, and
| 	 * if we're using stdio for input, then we want to use getc()
| 	 * instead of fread(), to make sure we stop fetching input after
| 	 * each newline.
| 	 */
| 	int yy_is_interactive;
| 
| 	/* Whether we're considered to be at the beginning of a line.
| 	 * If so, '^' rules will be active on the next match, otherwise
| 	 * not.
| 	 */
| 	int yy_at_bol;
| 
|     int yy_bs_lineno; /**< The line count. */
|     int yy_bs_column; /**< The column count. */
| 
| 	/* Whether to try to fill the input buffer when we reach the
| 	 * end of it.
| 	 */
| 	int yy_fill_buffer;
| 
| 	int yy_buffer_status;
| 
| #define YY_BUFFER_NEW 0
| #define YY_BUFFER_NORMAL 1
| 	/* When an EOF's been seen but there's still some text to process
| 	 * then we mark the buffer as YY_EOF_PENDING, to indicate that we
| 	 * shouldn't try reading from the input source any more.  We might
| 	 * still have a bunch of tokens to match, though, because of
| 	 * possible backing-up.
| 	 *
| 	 * When we actually see the EOF, we change the status to "new"
| 	 * (via yyrestart()), so that the user can continue scanning by
| 	 * just pointing yyin at a new input file.
| 	 */
| #define YY_BUFFER_EOF_PENDING 2
| 
| 	};
| #endif /* !YY_STRUCT_YY_BUFFER_STATE */
| 
| /* Stack of input buffers. */
| static size_t yy_buffer_stack_top = 0; /**< index of top of stack. */
| static size_t yy_buffer_stack_max = 0; /**< capacity of stack. */
| static YY_BUFFER_STATE * yy_buffer_stack = NULL; /**< Stack as an array. */
| 
| /* We provide macros for accessing buffer states in case in the
|  * future we want to put the buffer states in a more general
|  * "scanner state".
|  *
|  * Returns the top of the stack, or NULL.
|  */
| #define YY_CURRENT_BUFFER ( (yy_buffer_stack) \
|                           ? (yy_buffer_stack)[(yy_buffer_stack_top)] \
|                           : NULL)
| /* Same as previous macro, but useful when we know that the buffer stack is not
|  * NULL or when we need an lvalue. For internal use only.
|  */
| #define YY_CURRENT_BUFFER_LVALUE (yy_buffer_stack)[(yy_buffer_stack_top)]
| 
| /* yy_hold_char holds the character lost when yytext is formed. */
| static char yy_hold_char;
| static int yy_n_chars;		/* number of characters read into yy_ch_buf */
| int yyleng;
| 
| /* Points to current character in buffer. */
| static char *yy_c_buf_p = NULL;
| static int yy_init = 0;		/* whether we need to initialize */
| static int yy_start = 0;	/* start state number */
| 
| /* Flag which is used to allow yywrap()'s to do buffer switches
|  * instead of setting up a fresh yyin.  A bit of a hack ...
|  */
| static int yy_did_buffer_switch_on_eof;
| 
| void yyrestart ( FILE *input_file  );
| void yy_switch_to_buffer ( YY_BUFFER_STATE new_buffer  );
| YY_BUFFER_STATE yy_create_buffer ( FILE *file, int size  );
| void yy_delete_buffer ( YY_BUFFER_STATE b  );
| void yy_flush_buffer ( YY_BUFFER_STATE b  );
| void yypush_buffer_state ( YY_BUFFER_STATE new_buffer  );
| void yypop_buffer_state ( void );
| 
| static void yyensure_buffer_stack ( void );
| static void yy_load_buffer_state ( void );
| static void yy_init_buffer ( YY_BUFFER_STATE b, FILE *file  );
| #define YY_FLUSH_BUFFER yy_flush_buffer( YY_CURRENT_BUFFER )
| 
| YY_BUFFER_STATE yy_scan_buffer ( char *base, yy_size_t size  );
| YY_BUFFER_STATE yy_scan_string ( const char *yy_str  );
| YY_BUFFER_STATE yy_scan_bytes ( const char *bytes, int len  );
| 
| void *yyalloc ( yy_size_t  );
| void *yyrealloc ( void *, yy_size_t  );
| void yyfree ( void *  );
| 
| #define yy_new_buffer yy_create_buffer
| #define yy_set_interactive(is_interactive) \
| 	{ \
| 	if ( ! YY_CURRENT_BUFFER ){ \
|         yyensure_buffer_stack (); \
| 		YY_CURRENT_BUFFER_LVALUE =    \
|             yy_create_buffer( yyin, YY_BUF_SIZE ); \
| 	} \
| 	YY_CURRENT_BUFFER_LVALUE->yy_is_interactive = is_interactive; \
| 	}
| #define yy_set_bol(at_bol) \
| 	{ \
| 	if ( ! YY_CURRENT_BUFFER ){\
|         yyensure_buffer_stack (); \
| 		YY_CURRENT_BUFFER_LVALUE =    \
|             yy_create_buffer( yyin, YY_BUF_SIZE ); \
| 	} \
| 	YY_CURRENT_BUFFER_LVALUE->yy_at_bol = at_bol; \
| 	}
| #define YY_AT_BOL() (YY_CURRENT_BUFFER_LVALUE->yy_at_bol)
| 
| /* Begin user sect3 */
| typedef flex_uint8_t YY_CHAR;
| 
| FILE *yyin = NULL, *yyout = NULL;
| 
| typedef int yy_state_type;
| 
| extern int yylineno;
| int yylineno = 1;
| 
| extern char *yytext;
| #ifdef yytext_ptr
| #undef yytext_ptr
| #endif
| #define yytext_ptr yytext
| 
| static yy_state_type yy_get_previous_state ( void );
| static yy_state_type yy_try_NUL_trans ( yy_state_type current_state  );
| static int yy_get_next_buffer ( void );
| static void yynoreturn yy_fatal_error ( const char* msg  );
| 
| /* Done after the current pattern has been matched and before the
|  * corresponding action - sets up yytext.
|  */
| #define YY_DO_BEFORE_ACTION \
| 	(yytext_ptr) = yy_bp; \
| 	(yytext_ptr) -= (yy_more_len); \
| 	yyleng = (int) (yy_cp - (yytext_ptr)); \
| 	(yy_hold_char) = *yy_cp; \
| 	*yy_cp = '\0'; \
| 	(yy_c_buf_p) = yy_cp;
| #define YY_NUM_RULES 8
| #define YY_END_OF_BUFFER 9
| /* This struct is not used in this scanner,
|    but its presence is necessary. */
| struct yy_trans_info
| 	{
| 	flex_int32_t yy_verify;
| 	flex_int32_t yy_nxt;
| 	};
| static const flex_int16_t yy_acclist[23] =
|     {   0,
|         9,    7,    8,    8,    1,    7,    8,    2,    7,    8,
|         3,    7,    8,    4,    7,    8,    5,    7,    8,    6,
|         7,    8
|     } ;
| 
| static const flex_int16_t yy_accept[14] =
|     {   0,
|         1,    1,    1,    2,    4,    5,    8,   11,   14,   17,
|        20,   23,   23
|     } ;
| 
| static const YY_CHAR yy_ec[256] =
|     {   0,
|         1,    1,    1,    1,    1,    1,    1,    1,    1,    2,
|         1,    1,    1,    1,    1,    1,    1,    1,    1,    1,
|         1,    1,    1,    1,    1,    1,    1,    1,    1,    1,
|         1,    1,    1,    1,    1,    1,    1,    1,    1,    1,
|         1,    1,    1,    1,    1,    1,    1,    1,    1,    1,
|         1,    1,    1,    1,    1,    1,    1,    1,    1,    1,
|         1,    1,    1,    1,    1,    1,    1,    1,    1,    1,
|         1,    1,    1,    1,    1,    1,    1,    1,    1,    1,
|         1,    1,    1,    1,    1,    1,    1,    1,    1,    1,
|         1,    1,    1,    1,    1,    1,    3,    4,    5,    6,
| 
|         7,    8,    1,    1,    1,    1,    1,    1,    1,    1,
|         1,    1,    1,    1,    1,    1,    1,    1,    1,    1,
|         1,    1,    1,    1,    1,    1,    1,    1,    1,    1,
|         1,    1,    1,    1,    1,    1,    1,    1,    1,    1,
|         1,    1,    1,    1,    1,    1,    1,    1,    1,    1,
|         1,    1,    1,    1,    1,    1,    1,    1,    1,    1,
|         1,    1,    1,    1,    1,    1,    1,    1,    1,    1,
|         1,    1,    1,    1,    1,    1,    1,    1,    1,    1,
|         1,    1,    1,    1,    1,    1,    1,    1,    1,    1,
|         1,    1,    1,    1,    1,    1,    1,    1,    1,    1,
| 
|         1,    1,    1,    1,    1,    1,    1,    1,    1,    1,
|         1,    1,    1,    1,    1,    1,    1,    1,    1,    1,
|         1,    1,    1,    1,    1,    1,    1,    1,    1,    1,
|         1,    1,    1,    1,    1,    1,    1,    1,    1,    1,
|         1,    1,    1,    1,    1,    1,    1,    1,    1,    1,
|         1,    1,    1,    1,    1
|     } ;
| 
| static const YY_CHAR yy_meta[9] =
|     {   0,
|         1,    1,    1,    1,    1,    1,    1,    1
|     } ;
| 
| static const flex_int16_t yy_base[13] =
|     {   0,
|         0,    0,    9,   10,   10,   10,   10,   10,   10,   10,
|        10,   10
|     } ;
| 
| static const flex_int16_t yy_def[13] =
|     {   0,
|        12,    1,   12,   12,   12,   12,   12,   12,   12,   12,
|        12,    0
|     } ;
| 
| static const flex_int16_t yy_nxt[19] =
|     {   0,
|         4,    5,    6,    7,    8,    9,   10,   11,   12,    3,
|        12,   12,   12,   12,   12,   12,   12,   12
|     } ;
| 
| static const flex_int16_t yy_chk[19] =
|     {   0,
|         1,    1,    1,    1,    1,    1,    1,    1,    3,   12,
|        12,   12,   12,   12,   12,   12,   12,   12
|     } ;
| 
| extern int yy_flex_debug;
| int yy_flex_debug = 0;
| 
| static yy_state_type *yy_state_buf=0, *yy_state_ptr=0;
| static char *yy_full_match;
| static int yy_lp;
| #define REJECT \
| { \
| *yy_cp = (yy_hold_char); /* undo effects of setting up yytext */ \
| yy_cp = (yy_full_match); /* restore poss. backed-over text */ \
| ++(yy_lp); \
| goto find_rule; \
| }
| 
| static int yy_more_flag = 0;
| static int yy_more_len = 0;
| #define yymore() ((yy_more_flag) = 1)
| #define YY_MORE_ADJ (yy_more_len)
| #define YY_RESTORE_YY_MORE_OFFSET
| char *yytext;
| #line 1 "conftest.l"
| #line 460 "lex.yy.c"
| 
| #define INITIAL 0
| 
| #ifndef YY_NO_UNISTD_H
| /* Special case for "unistd.h", since it is non-ANSI. We include it way
|  * down here because we want the user's section 1 to have been scanned first.
|  * The user has a chance to override it with an option.
|  */
| #include <unistd.h>
| #endif
| 
| #ifndef YY_EXTRA_TYPE
| #define YY_EXTRA_TYPE void *
| #endif
| 
| static int yy_init_globals ( void );
| 
| /* Accessor methods to globals.
|    These are made visible to non-reentrant scanners for convenience. */
| 
| int yylex_destroy ( void );
| 
| int yyget_debug ( void );
| 
| void yyset_debug ( int debug_flag  );
| 
| YY_EXTRA_TYPE yyget_extra ( void );
| 
| void yyset_extra ( YY_EXTRA_TYPE user_defined  );
| 
| FILE *yyget_in ( void );
| 
| void yyset_in  ( FILE * _in_str  );
| 
| FILE *yyget_out ( void );
| 
| void yyset_out  ( FILE * _out_str  );
| 
| 			int yyget_leng ( void );
| 
| char *yyget_text ( void );
| 
| int yyget_lineno ( void );
| 
| void yyset_lineno ( int _line_number  );
| 
| /* Macros after this point can all be overridden by user definitions in
|  * section 1.
|  */
| 
| #ifndef YY_SKIP_YYWRAP
| #ifdef __cplusplus
| extern "C" int yywrap ( void );
| #else
| extern int yywrap ( void );
| #endif
| #endif
| 
| #ifndef YY_NO_UNPUT
|     
|     static void yyunput ( int c, char *buf_ptr  );
|     
| #endif
| 
| #ifndef yytext_ptr
| static void yy_flex_strncpy ( char *, const char *, int );
| #endif
| 
| #ifdef YY_NEED_STRLEN
| static int yy_flex_strlen ( const char * );
| #endif
| 
| #ifndef YY_NO_INPUT
| #ifdef __cplusplus
| static int yyinput ( void );
| #else
| static int input ( void );
| #endif
| 
| #endif
| 
| /* Amount of stuff to slurp up with each read. */
| #ifndef YY_READ_BUF_SIZE
| #ifdef __ia64__
| /* On IA-64, the buffer size is 16k, not 8k */
| #define YY_READ_BUF_SIZE 16384
| #else
| #define YY_READ_BUF_SIZE 8192
| #endif /* __ia64__ */
| #endif
| 
| /* Copy whatever the last rule matched to the standard output. */
| #ifndef ECHO
| /* This used to be an fputs(), but since the string might contain NUL's,
|  * we now use fwrite().
|  */
| #define ECHO do { if (fwrite( yytext, (size_t) yyleng, 1, yyout )) {} } while (0)
| #endif
| 
| /* Gets input and stuffs it into "buf".  number of characters read, or YY_NULL,
|  * is returned in "result".
|  */
| #ifndef YY_INPUT
| #define YY_INPUT(buf,result,max_size) \
| 	if ( YY_CURRENT_BUFFER_LVALUE->yy_is_interactive ) \
| 		{ \
| 		int c = '*'; \
| 		int n; \
| 		for ( n = 0; n < max_size && \
| 			     (c = getc( yyin )) != EOF && c != '\n'; ++n ) \
| 			buf[n] = (char) c; \
| 		if ( c == '\n' ) \
| 			buf[n++] = (char) c; \
| 		if ( c == EOF && ferror( yyin ) ) \
| 			YY_FATAL_ERROR( "input in flex scanner failed" ); \
| 		result = n; \
| 		} \
| 	else \
| 		{ \
| 		errno=0; \
| 		while ( (result = (int) fread(buf, 1, (yy_size_t) max_size, yyin)) == 0 && ferror(yyin)) \
| 			{ \
| 			if( errno != EINTR) \
| 				{ \
| 				YY_FATAL_ERROR( "input in flex scanner failed" ); \
| 				break; \
| 				} \
| 			errno=0; \
| 			clearerr(yyin); \
| 			} \
| 		}\
| \
| 
| #endif
| 
| /* No semi-colon after return; correct usage is to write "yyterminate();" -
|  * we don't want an extra ';' after the "return" because that will cause
|  * some compilers to complain about unreachable statements.
|  */
| #ifndef yyterminate
| #define yyterminate() return YY_NULL
| #endif
| 
| /* Number of entries by which start-condition stack grows. */
| #ifndef YY_START_STACK_INCR
| #define YY_START_STACK_INCR 25
| #endif
| 
| /* Report a fatal error. */
| #ifndef YY_FATAL_ERROR
| #define YY_FATAL_ERROR(msg) yy_fatal_error( msg )
| #endif
| 
| /* end tables serialization structures and prototypes */
| 
| /* Default declaration of generated scanner - a define so the user can
|  * easily add parameters.
|  */
| #ifndef YY_DECL
| #define YY_DECL_IS_OURS 1
| 
| extern int yylex (void);
| 
| #define YY_DECL int yylex (void)
| #endif /* !YY_DECL */
| 
| /* Code executed at the beginning of each rule, after yytext and yyleng
|  * have been set up.
|  */
| #ifndef YY_USER_ACTION
| #define YY_USER_ACTION
| #endif
| 
| /* Code executed at the end of each rule. */
| #ifndef YY_BREAK
| #define YY_BREAK /*LINTED*/break;
| #endif
| 
| #define YY_RULE_SETUP \
| 	YY_USER_ACTION
| 
| /** The main scanner function which does all the work.
|  */
| YY_DECL
| {
| 	yy_state_type yy_current_state;
| 	char *yy_cp, *yy_bp;
| 	int yy_act;
|     
| 	if ( !(yy_init) )
| 		{
| 		(yy_init) = 1;
| 
| #ifdef YY_USER_INIT
| 		YY_USER_INIT;
| #endif
| 
|         /* Create the reject buffer large enough to save one state per allowed character. */
|         if ( ! (yy_state_buf) )
|             (yy_state_buf) = (yy_state_type *)yyalloc(YY_STATE_BUF_SIZE  );
|             if ( ! (yy_state_buf) )
|                 YY_FATAL_ERROR( "out of dynamic memory in yylex()" );
| 
| 		if ( ! (yy_start) )
| 			(yy_start) = 1;	/* first start state */
| 
| 		if ( ! yyin )
| 			yyin = stdin;
| 
| 		if ( ! yyout )
| 			yyout = stdout;
| 
| 		if ( ! YY_CURRENT_BUFFER ) {
| 			yyensure_buffer_stack ();
| 			YY_CURRENT_BUFFER_LVALUE =
| 				yy_create_buffer( yyin, YY_BUF_SIZE );
| 		}
| 
| 		yy_load_buffer_state(  );
| 		}
| 
| 	{
| #line 1 "conftest.l"
| 
| #line 685 "lex.yy.c"
| 
| 	while ( /*CONSTCOND*/1 )		/* loops until end-of-file is reached */
| 		{
| 		(yy_more_len) = 0;
| 		if ( (yy_more_flag) )
| 			{
| 			(yy_more_len) = (int) ((yy_c_buf_p) - (yytext_ptr));
| 			(yy_more_flag) = 0;
| 			}
| 		yy_cp = (yy_c_buf_p);
| 
| 		/* Support of yytext. */
| 		*yy_cp = (yy_hold_char);
| 
| 		/* yy_bp points to the position in yy_ch_buf of the start of
| 		 * the current run.
| 		 */
| 		yy_bp = yy_cp;
| 
| 		yy_current_state = (yy_start);
| 
| 		(yy_state_ptr) = (yy_state_buf);
| 		*(yy_state_ptr)++ = yy_current_state;
| 
| yy_match:
| 		do
| 			{
| 			YY_CHAR yy_c = yy_ec[YY_SC_TO_UI(*yy_cp)] ;
| 			while ( yy_chk[yy_base[yy_current_state] + yy_c] != yy_current_state )
| 				{
| 				yy_current_state = (int) yy_def[yy_current_state];
| 				if ( yy_current_state >= 13 )
| 					yy_c = yy_meta[yy_c];
| 				}
| 			yy_current_state = yy_nxt[yy_base[yy_current_state] + yy_c];
| 			*(yy_state_ptr)++ = yy_current_state;
| 			++yy_cp;
| 			}
| 		while ( yy_base[yy_current_state] != 10 );
| 
| yy_find_action:
| 		yy_current_state = *--(yy_state_ptr);
| 		(yy_lp) = yy_accept[yy_current_state];
| 
| find_rule: /* we branch to this label when backing up */
| 
| 		for ( ; ; ) /* until we find what rule we matched */
| 			{
| 			if ( (yy_lp) && (yy_lp) < yy_accept[yy_current_state + 1] )
| 				{
| 				yy_act = yy_acclist[(yy_lp)];
| 					{
| 					(yy_full_match) = yy_cp;
| 					break;
| 					}
| 				}
| 			--yy_cp;
| 			yy_current_state = *--(yy_state_ptr);
| 			(yy_lp) = yy_accept[yy_current_state];
| 			}
| 
| 		YY_DO_BEFORE_ACTION;
| 
| do_action:	/* This label is used only to access EOF actions. */
| 
| 		switch ( yy_act )
| 	{ /* beginning of action switch */
| case 1:
| YY_RULE_SETUP
| #line 2 "conftest.l"
| { ECHO; }
| 	YY_BREAK
| case 2:
| YY_RULE_SETUP
| #line 3 "conftest.l"
| { REJECT; }
| 	YY_BREAK
| case 3:
| YY_RULE_SETUP
| #line 4 "conftest.l"
| { yymore (); }
| 	YY_BREAK
| case 4:
| YY_RULE_SETUP
| #line 5 "conftest.l"
| { yyless (1); }
| 	YY_BREAK
| case 5:
| YY_RULE_SETUP
| #line 6 "conftest.l"
| { /* IRIX 6.5 flex 2.5.4 underquotes its yyless argument.  */
|     yyless ((input () != 0)); }
| 	YY_BREAK
| case 6:
| YY_RULE_SETUP
| #line 8 "conftest.l"
| { unput (yytext[0]); }
| 	YY_BREAK
| case 7:
| YY_RULE_SETUP
| #line 9 "conftest.l"
| { BEGIN INITIAL; }
| 	YY_BREAK
| case 8:
| YY_RULE_SETUP
| #line 10 "conftest.l"
| ECHO;
| 	YY_BREAK
| #line 794 "lex.yy.c"
| 			case YY_STATE_EOF(INITIAL):
| 				yyterminate();
| 
| 	case YY_END_OF_BUFFER:
| 		{
| 		/* Amount of text matched not including the EOB char. */
| 		int yy_amount_of_matched_text = (int) (yy_cp - (yytext_ptr)) - 1;
| 
| 		/* Undo the effects of YY_DO_BEFORE_ACTION. */
| 		*yy_cp = (yy_hold_char);
| 		YY_RESTORE_YY_MORE_OFFSET
| 
| 		if ( YY_CURRENT_BUFFER_LVALUE->yy_buffer_status == YY_BUFFER_NEW )
| 			{
| 			/* We're scanning a new file or input source.  It's
| 			 * possible that this happened because the user
| 			 * just pointed yyin at a new source and called
| 			 * yylex().  If so, then we have to assure
| 			 * consistency between YY_CURRENT_BUFFER and our
| 			 * globals.  Here is the right place to do so, because
| 			 * this is the first action (other than possibly a
| 			 * back-up) that will match for the new input source.
| 			 */
| 			(yy_n_chars) = YY_CURRENT_BUFFER_LVALUE->yy_n_chars;
| 			YY_CURRENT_BUFFER_LVALUE->yy_input_file = yyin;
| 			YY_CURRENT_BUFFER_LVALUE->yy_buffer_status = YY_BUFFER_NORMAL;
| 			}
| 
| 		/* Note that here we test for yy_c_buf_p "<=" to the position
| 		 * of the first EOB in the buffer, since yy_c_buf_p will
| 		 * already have been incremented past the NUL character
| 		 * (since all states make transitions on EOB to the
| 		 * end-of-buffer state).  Contrast this with the test
| 		 * in input().
| 		 */
| 		if ( (yy_c_buf_p) <= &YY_CURRENT_BUFFER_LVALUE->yy_ch_buf[(yy_n_chars)] )
| 			{ /* This was really a NUL. */
| 			yy_state_type yy_next_state;
| 
| 			(yy_c_buf_p) = (yytext_ptr) + yy_amount_of_matched_text;
| 
| 			yy_current_state = yy_get_previous_state(  );
| 
| 			/* Okay, we're now positioned to make the NUL
| 			 * transition.  We couldn't have
| 			 * yy_get_previous_state() go ahead and do it
| 			 * for us because it doesn't know how to deal
| 			 * with the possibility of jamming (and we don't
| 			 * want to build jamming into it because then it
| 			 * will run more slowly).
| 			 */
| 
| 			yy_next_state = yy_try_NUL_trans( yy_current_state );
| 
| 			yy_bp = (yytext_ptr) + YY_MORE_ADJ;
| 
| 			if ( yy_next_state )
| 				{
| 				/* Consume the NUL. */
| 				yy_cp = ++(yy_c_buf_p);
| 				yy_current_state = yy_next_state;
| 				goto yy_match;
| 				}
| 
| 			else
| 				{
| 				yy_cp = (yy_c_buf_p);
| 				goto yy_find_action;
| 				}
| 			}
| 
| 		else switch ( yy_get_next_buffer(  ) )
| 			{
| 			case EOB_ACT_END_OF_FILE:
| 				{
| 				(yy_did_buffer_switch_on_eof) = 0;
| 
| 				if ( yywrap(  ) )
| 					{
| 					/* Note: because we've taken care in
| 					 * yy_get_next_buffer() to have set up
| 					 * yytext, we can now set up
| 					 * yy_c_buf_p so that if some total
| 					 * hoser (like flex itself) wants to
| 					 * call the scanner after we return the
| 					 * YY_NULL, it'll still work - another
| 					 * YY_NULL will get returned.
| 					 */
| 					(yy_c_buf_p) = (yytext_ptr) + YY_MORE_ADJ;
| 
| 					yy_act = YY_STATE_EOF(YY_START);
| 					goto do_action;
| 					}
| 
| 				else
| 					{
| 					if ( ! (yy_did_buffer_switch_on_eof) )
| 						YY_NEW_FILE;
| 					}
| 				break;
| 				}
| 
| 			case EOB_ACT_CONTINUE_SCAN:
| 				(yy_c_buf_p) =
| 					(yytext_ptr) + yy_amount_of_matched_text;
| 
| 				yy_current_state = yy_get_previous_state(  );
| 
| 				yy_cp = (yy_c_buf_p);
| 				yy_bp = (yytext_ptr) + YY_MORE_ADJ;
| 				goto yy_match;
| 
| 			case EOB_ACT_LAST_MATCH:
| 				(yy_c_buf_p) =
| 				&YY_CURRENT_BUFFER_LVALUE->yy_ch_buf[(yy_n_chars)];
| 
| 				yy_current_state = yy_get_previous_state(  );
| 
| 				yy_cp = (yy_c_buf_p);
| 				yy_bp = (yytext_ptr) + YY_MORE_ADJ;
| 				goto yy_find_action;
| 			}
| 		break;
| 		}
| 
| 	default:
| 		YY_FATAL_ERROR(
| 			"fatal flex scanner internal error--no action found" );
| 	} /* end of action switch */
| 		} /* end of scanning one token */
| 	} /* end of user's declarations */
| } /* end of yylex */
| 
| /* yy_get_next_buffer - try to read in a new buffer
|  *
|  * Returns a code representing an action:
|  *	EOB_ACT_LAST_MATCH -
|  *	EOB_ACT_CONTINUE_SCAN - continue scanning from current position
|  *	EOB_ACT_END_OF_FILE - end of file
|  */
| static int yy_get_next_buffer (void)
| {
|     	char *dest = YY_CURRENT_BUFFER_LVALUE->yy_ch_buf;
| 	char *source = (yytext_ptr);
| 	int number_to_move, i;
| 	int ret_val;
| 
| 	if ( (yy_c_buf_p) > &YY_CURRENT_BUFFER_LVALUE->yy_ch_buf[(yy_n_chars) + 1] )
| 		YY_FATAL_ERROR(
| 		"fatal flex scanner internal error--end of buffer missed" );
| 
| 	if ( YY_CURRENT_BUFFER_LVALUE->yy_fill_buffer == 0 )
| 		{ /* Don't try to fill the buffer, so this is an EOF. */
| 		if ( (yy_c_buf_p) - (yytext_ptr) - YY_MORE_ADJ == 1 )
| 			{
| 			/* We matched a single character, the EOB, so
| 			 * treat this as a final EOF.
| 			 */
| 			return EOB_ACT_END_OF_FILE;
| 			}
| 
| 		else
| 			{
| 			/* We matched some text prior to the EOB, first
| 			 * process it.
| 			 */
| 			return EOB_ACT_LAST_MATCH;
| 			}
| 		}
| 
| 	/* Try to read more data. */
| 
| 	/* First move last chars to start of buffer. */
| 	number_to_move = (int) ((yy_c_buf_p) - (yytext_ptr) - 1);
| 
| 	for ( i = 0; i < number_to_move; ++i )
| 		*(dest++) = *(source++);
| 
| 	if ( YY_CURRENT_BUFFER_LVALUE->yy_buffer_status == YY_BUFFER_EOF_PENDING )
| 		/* don't do the read, it's not guaranteed to return an EOF,
| 		 * just force an EOF
| 		 */
| 		YY_CURRENT_BUFFER_LVALUE->yy_n_chars = (yy_n_chars) = 0;
| 
| 	else
| 		{
| 			int num_to_read =
| 			YY_CURRENT_BUFFER_LVALUE->yy_buf_size - number_to_move - 1;
| 
| 		while ( num_to_read <= 0 )
| 			{ /* Not enough room in the buffer - grow it. */
| 
| 			YY_FATAL_ERROR(
| "input buffer overflow, can't enlarge buffer because scanner uses REJECT" );
| 
| 			}
| 
| 		if ( num_to_read > YY_READ_BUF_SIZE )
| 			num_to_read = YY_READ_BUF_SIZE;
| 
| 		/* Read in more data. */
| 		YY_INPUT( (&YY_CURRENT_BUFFER_LVALUE->yy_ch_buf[number_to_move]),
| 			(yy_n_chars), num_to_read );
| 
| 		YY_CURRENT_BUFFER_LVALUE->yy_n_chars = (yy_n_chars);
| 		}
| 
| 	if ( (yy_n_chars) == 0 )
| 		{
| 		if ( number_to_move == YY_MORE_ADJ )
| 			{
| 			ret_val = EOB_ACT_END_OF_FILE;
| 			yyrestart( yyin  );
| 			}
| 
| 		else
| 			{
| 			ret_val = EOB_ACT_LAST_MATCH;
| 			YY_CURRENT_BUFFER_LVALUE->yy_buffer_status =
| 				YY_BUFFER_EOF_PENDING;
| 			}
| 		}
| 
| 	else
| 		ret_val = EOB_ACT_CONTINUE_SCAN;
| 
| 	if (((yy_n_chars) + number_to_move) > YY_CURRENT_BUFFER_LVALUE->yy_buf_size) {
| 		/* Extend the array by 50%, plus the number we really need. */
| 		int new_size = (yy_n_chars) + number_to_move + ((yy_n_chars) >> 1);
| 		YY_CURRENT_BUFFER_LVALUE->yy_ch_buf = (char *) yyrealloc(
| 			(void *) YY_CURRENT_BUFFER_LVALUE->yy_ch_buf, (yy_size_t) new_size  );
| 		if ( ! YY_CURRENT_BUFFER_LVALUE->yy_ch_buf )
| 			YY_FATAL_ERROR( "out of dynamic memory in yy_get_next_buffer()" );
| 		/* "- 2" to take care of EOB's */
| 		YY_CURRENT_BUFFER_LVALUE->yy_buf_size = (int) (new_size - 2);
| 	}
| 
| 	(yy_n_chars) += number_to_move;
| 	YY_CURRENT_BUFFER_LVALUE->yy_ch_buf[(yy_n_chars)] = YY_END_OF_BUFFER_CHAR;
| 	YY_CURRENT_BUFFER_LVALUE->yy_ch_buf[(yy_n_chars) + 1] = YY_END_OF_BUFFER_CHAR;
| 
| 	(yytext_ptr) = &YY_CURRENT_BUFFER_LVALUE->yy_ch_buf[0];
| 
| 	return ret_val;
| }
| 
| /* yy_get_previous_state - get the state just before the EOB char was reached */
| 
|     static yy_state_type yy_get_previous_state (void)
| {
| 	yy_state_type yy_current_state;
| 	char *yy_cp;
|     
| 	yy_current_state = (yy_start);
| 
| 	(yy_state_ptr) = (yy_state_buf);
| 	*(yy_state_ptr)++ = yy_current_state;
| 
| 	for ( yy_cp = (yytext_ptr) + YY_MORE_ADJ; yy_cp < (yy_c_buf_p); ++yy_cp )
| 		{
| 		YY_CHAR yy_c = (*yy_cp ? yy_ec[YY_SC_TO_UI(*yy_cp)] : 1);
| 		while ( yy_chk[yy_base[yy_current_state] + yy_c] != yy_current_state )
| 			{
| 			yy_current_state = (int) yy_def[yy_current_state];
| 			if ( yy_current_state >= 13 )
| 				yy_c = yy_meta[yy_c];
| 			}
| 		yy_current_state = yy_nxt[yy_base[yy_current_state] + yy_c];
| 		*(yy_state_ptr)++ = yy_current_state;
| 		}
| 
| 	return yy_current_state;
| }
| 
| /* yy_try_NUL_trans - try to make a transition on the NUL character
|  *
|  * synopsis
|  *	next_state = yy_try_NUL_trans( current_state );
|  */
|     static yy_state_type yy_try_NUL_trans  (yy_state_type yy_current_state )
| {
| 	int yy_is_jam;
|     
| 	YY_CHAR yy_c = 1;
| 	while ( yy_chk[yy_base[yy_current_state] + yy_c] != yy_current_state )
| 		{
| 		yy_current_state = (int) yy_def[yy_current_state];
| 		if ( yy_current_state >= 13 )
| 			yy_c = yy_meta[yy_c];
| 		}
| 	yy_current_state = yy_nxt[yy_base[yy_current_state] + yy_c];
| 	yy_is_jam = (yy_current_state == 12);
| 	if ( ! yy_is_jam )
| 		*(yy_state_ptr)++ = yy_current_state;
| 
| 		return yy_is_jam ? 0 : yy_current_state;
| }
| 
| #ifndef YY_NO_UNPUT
| 
|     static void yyunput (int c, char * yy_bp )
| {
| 	char *yy_cp;
|     
|     yy_cp = (yy_c_buf_p);
| 
| 	/* undo effects of setting up yytext */
| 	*yy_cp = (yy_hold_char);
| 
| 	if ( yy_cp < YY_CURRENT_BUFFER_LVALUE->yy_ch_buf + 2 )
| 		{ /* need to shift things up to make room */
| 		/* +2 for EOB chars. */
| 		int number_to_move = (yy_n_chars) + 2;
| 		char *dest = &YY_CURRENT_BUFFER_LVALUE->yy_ch_buf[
| 					YY_CURRENT_BUFFER_LVALUE->yy_buf_size + 2];
| 		char *source =
| 				&YY_CURRENT_BUFFER_LVALUE->yy_ch_buf[number_to_move];
| 
| 		while ( source > YY_CURRENT_BUFFER_LVALUE->yy_ch_buf )
| 			*--dest = *--source;
| 
| 		yy_cp += (int) (dest - source);
| 		yy_bp += (int) (dest - source);
| 		YY_CURRENT_BUFFER_LVALUE->yy_n_chars =
| 			(yy_n_chars) = (int) YY_CURRENT_BUFFER_LVALUE->yy_buf_size;
| 
| 		if ( yy_cp < YY_CURRENT_BUFFER_LVALUE->yy_ch_buf + 2 )
| 			YY_FATAL_ERROR( "flex scanner push-back overflow" );
| 		}
| 
| 	*--yy_cp = (char) c;
| 
| 	(yytext_ptr) = yy_bp;
| 	(yy_hold_char) = *yy_cp;
| 	(yy_c_buf_p) = yy_cp;
| }
| 
| #endif
| 
| #ifndef YY_NO_INPUT
| #ifdef __cplusplus
|     static int yyinput (void)
| #else
|     static int input  (void)
| #endif
| 
| {
| 	int c;
|     
| 	*(yy_c_buf_p) = (yy_hold_char);
| 
| 	if ( *(yy_c_buf_p) == YY_END_OF_BUFFER_CHAR )
| 		{
| 		/* yy_c_buf_p now points to the character we want to return.
| 		 * If this occurs *before* the EOB characters, then it's a
| 		 * valid NUL; if not, then we've hit the end of the buffer.
| 		 */
| 		if ( (yy_c_buf_p) < &YY_CURRENT_BUFFER_LVALUE->yy_ch_buf[(yy_n_chars)] )
| 			/* This was really a NUL. */
| 			*(yy_c_buf_p) = '\0';
| 
| 		else
| 			{ /* need more input */
| 			int offset = (int) ((yy_c_buf_p) - (yytext_ptr));
| 			++(yy_c_buf_p);
| 
| 			switch ( yy_get_next_buffer(  ) )
| 				{
| 				case EOB_ACT_LAST_MATCH:
| 					/* This happens because yy_g_n_b()
| 					 * sees that we've accumulated a
| 					 * token and flags that we need to
| 					 * try matching the token before
| 					 * proceeding.  But for input(),
| 					 * there's no matching to consider.
| 					 * So convert the EOB_ACT_LAST_MATCH
| 					 * to EOB_ACT_END_OF_FILE.
| 					 */
| 
| 					/* Reset buffer status. */
| 					yyrestart( yyin );
| 
| 					/*FALLTHROUGH*/
| 
| 				case EOB_ACT_END_OF_FILE:
| 					{
| 					if ( yywrap(  ) )
| 						return 0;
| 
| 					if ( ! (yy_did_buffer_switch_on_eof) )
| 						YY_NEW_FILE;
| #ifdef __cplusplus
| 					return yyinput();
| #else
| 					return input();
| #endif
| 					}
| 
| 				case EOB_ACT_CONTINUE_SCAN:
| 					(yy_c_buf_p) = (yytext_ptr) + offset;
| 					break;
| 				}
| 			}
| 		}
| 
| 	c = *(unsigned char *) (yy_c_buf_p);	/* cast for 8-bit char's */
| 	*(yy_c_buf_p) = '\0';	/* preserve yytext */
| 	(yy_hold_char) = *++(yy_c_buf_p);
| 
| 	return c;
| }
| #endif	/* ifndef YY_NO_INPUT */
| 
| /** Immediately switch to a different input stream.
|  * @param input_file A readable stream.
|  * 
|  * @note This function does not reset the start condition to @c INITIAL .
|  */
|     void yyrestart  (FILE * input_file )
| {
|     
| 	if ( ! YY_CURRENT_BUFFER ){
|         yyensure_buffer_stack ();
| 		YY_CURRENT_BUFFER_LVALUE =
|             yy_create_buffer( yyin, YY_BUF_SIZE );
| 	}
| 
| 	yy_init_buffer( YY_CURRENT_BUFFER, input_file );
| 	yy_load_buffer_state(  );
| }
| 
| /** Switch to a different input buffer.
|  * @param new_buffer The new input buffer.
|  * 
|  */
|     void yy_switch_to_buffer  (YY_BUFFER_STATE  new_buffer )
| {
|     
| 	/* TODO. We should be able to replace this entire function body
| 	 * with
| 	 *		yypop_buffer_state();
| 	 *		yypush_buffer_state(new_buffer);
|      */
| 	yyensure_buffer_stack ();
| 	if ( YY_CURRENT_BUFFER == new_buffer )
| 		return;
| 
| 	if ( YY_CURRENT_BUFFER )
| 		{
| 		/* Flush out information for old buffer. */
| 		*(yy_c_buf_p) = (yy_hold_char);
| 		YY_CURRENT_BUFFER_LVALUE->yy_buf_pos = (yy_c_buf_p);
| 		YY_CURRENT_BUFFER_LVALUE->yy_n_chars = (yy_n_chars);
| 		}
| 
| 	YY_CURRENT_BUFFER_LVALUE = new_buffer;
| 	yy_load_buffer_state(  );
| 
| 	/* We don't actually know whether we did this switch during
| 	 * EOF (yywrap()) processing, but the only time this flag
| 	 * is looked at is after yywrap() is called, so it's safe
| 	 * to go ahead and always set it.
| 	 */
| 	(yy_did_buffer_switch_on_eof) = 1;
| }
| 
| static void yy_load_buffer_state  (void)
| {
|     	(yy_n_chars) = YY_CURRENT_BUFFER_LVALUE->yy_n_chars;
| 	(yytext_ptr) = (yy_c_buf_p) = YY_CURRENT_BUFFER_LVALUE->yy_buf_pos;
| 	yyin = YY_CURRENT_BUFFER_LVALUE->yy_input_file;
| 	(yy_hold_char) = *(yy_c_buf_p);
| }
| 
| /** Allocate and initialize an input buffer state.
|  * @param file A readable stream.
|  * @param size The character buffer size in bytes. When in doubt, use @c YY_BUF_SIZE.
|  * 
|  * @return the allocated buffer state.
|  */
|     YY_BUFFER_STATE yy_create_buffer  (FILE * file, int  size )
| {
| 	YY_BUFFER_STATE b;
|     
| 	b = (YY_BUFFER_STATE) yyalloc( sizeof( struct yy_buffer_state )  );
| 	if ( ! b )
| 		YY_FATAL_ERROR( "out of dynamic memory in yy_create_buffer()" );
| 
| 	b->yy_buf_size = size;
| 
| 	/* yy_ch_buf has to be 2 characters longer than the size given because
| 	 * we need to put in 2 end-of-buffer characters.
| 	 */
| 	b->yy_ch_buf = (char *) yyalloc( (yy_size_t) (b->yy_buf_size + 2)  );
| 	if ( ! b->yy_ch_buf )
| 		YY_FATAL_ERROR( "out of dynamic memory in yy_create_buffer()" );
| 
| 	b->yy_is_our_buffer = 1;
| 
| 	yy_init_buffer( b, file );
| 
| 	return b;
| }
| 
| /** Destroy the buffer.
|  * @param b a buffer created with yy_create_buffer()
|  * 
|  */
|     void yy_delete_buffer (YY_BUFFER_STATE  b )
| {
|     
| 	if ( ! b )
| 		return;
| 
| 	if ( b == YY_CURRENT_BUFFER ) /* Not sure if we should pop here. */
| 		YY_CURRENT_BUFFER_LVALUE = (YY_BUFFER_STATE) 0;
| 
| 	if ( b->yy_is_our_buffer )
| 		yyfree( (void *) b->yy_ch_buf  );
| 
| 	yyfree( (void *) b  );
| }
| 
| /* Initializes or reinitializes a buffer.
|  * This function is sometimes called more than once on the same buffer,
|  * such as during a yyrestart() or at EOF.
|  */
|     static void yy_init_buffer  (YY_BUFFER_STATE  b, FILE * file )
| 
| {
| 	int oerrno = errno;
|     
| 	yy_flush_buffer( b );
| 
| 	b->yy_input_file = file;
| 	b->yy_fill_buffer = 1;
| 
|     /* If b is the current buffer, then yy_init_buffer was _probably_
|      * called from yyrestart() or through yy_get_next_buffer.
|      * In that case, we don't want to reset the lineno or column.
|      */
|     if (b != YY_CURRENT_BUFFER){
|         b->yy_bs_lineno = 1;
|         b->yy_bs_column = 0;
|     }
| 
|         b->yy_is_interactive = file ? (isatty( fileno(file) ) > 0) : 0;
|     
| 	errno = oerrno;
| }
| 
| /** Discard all buffered characters. On the next scan, YY_INPUT will be called.
|  * @param b the buffer state to be flushed, usually @c YY_CURRENT_BUFFER.
|  * 
|  */
|     void yy_flush_buffer (YY_BUFFER_STATE  b )
| {
|     	if ( ! b )
| 		return;
| 
| 	b->yy_n_chars = 0;
| 
| 	/* We always need two end-of-buffer characters.  The first causes
| 	 * a transition to the end-of-buffer state.  The second causes
| 	 * a jam in that state.
| 	 */
| 	b->yy_ch_buf[0] = YY_END_OF_BUFFER_CHAR;
| 	b->yy_ch_buf[1] = YY_END_OF_BUFFER_CHAR;
| 
| 	b->yy_buf_pos = &b->yy_ch_buf[0];
| 
| 	b->yy_at_bol = 1;
| 	b->yy_buffer_status = YY_BUFFER_NEW;
| 
| 	if ( b == YY_CURRENT_BUFFER )
| 		yy_load_buffer_state(  );
| }
| 
| /** Pushes the new state onto the stack. The new state becomes
|  *  the current state. This function will allocate the stack
|  *  if necessary.
|  *  @param new_buffer The new state.
|  *  
|  */
| void yypush_buffer_state (YY_BUFFER_STATE new_buffer )
| {
|     	if (new_buffer == NULL)
| 		return;
| 
| 	yyensure_buffer_stack();
| 
| 	/* This block is copied from yy_switch_to_buffer. */
| 	if ( YY_CURRENT_BUFFER )
| 		{
| 		/* Flush out information for old buffer. */
| 		*(yy_c_buf_p) = (yy_hold_char);
| 		YY_CURRENT_BUFFER_LVALUE->yy_buf_pos = (yy_c_buf_p);
| 		YY_CURRENT_BUFFER_LVALUE->yy_n_chars = (yy_n_chars);
| 		}
| 
| 	/* Only push if top exists. Otherwise, replace top. */
| 	if (YY_CURRENT_BUFFER)
| 		(yy_buffer_stack_top)++;
| 	YY_CURRENT_BUFFER_LVALUE = new_buffer;
| 
| 	/* copied from yy_switch_to_buffer. */
| 	yy_load_buffer_state(  );
| 	(yy_did_buffer_switch_on_eof) = 1;
| }
| 
| /** Removes and deletes the top of the stack, if present.
|  *  The next element becomes the new top.
|  *  
|  */
| void yypop_buffer_state (void)
| {
|     	if (!YY_CURRENT_BUFFER)
| 		return;
| 
| 	yy_delete_buffer(YY_CURRENT_BUFFER );
| 	YY_CURRENT_BUFFER_LVALUE = NULL;
| 	if ((yy_buffer_stack_top) > 0)
| 		--(yy_buffer_stack_top);
| 
| 	if (YY_CURRENT_BUFFER) {
| 		yy_load_buffer_state(  );
| 		(yy_did_buffer_switch_on_eof) = 1;
| 	}
| }
| 
| /* Allocates the stack if it does not exist.
|  *  Guarantees space for at least one push.
|  */
| static void yyensure_buffer_stack (void)
| {
| 	yy_size_t num_to_alloc;
|     
| 	if (!(yy_buffer_stack)) {
| 
| 		/* First allocation is just for 2 elements, since we don't know if this
| 		 * scanner will even need a stack. We use 2 instead of 1 to avoid an
| 		 * immediate realloc on the next call.
|          */
|       num_to_alloc = 1; /* After all that talk, this was set to 1 anyways... */
| 		(yy_buffer_stack) = (struct yy_buffer_state**)yyalloc
| 								(num_to_alloc * sizeof(struct yy_buffer_state*)
| 								);
| 		if ( ! (yy_buffer_stack) )
| 			YY_FATAL_ERROR( "out of dynamic memory in yyensure_buffer_stack()" );
| 
| 		memset((yy_buffer_stack), 0, num_to_alloc * sizeof(struct yy_buffer_state*));
| 
| 		(yy_buffer_stack_max) = num_to_alloc;
| 		(yy_buffer_stack_top) = 0;
| 		return;
| 	}
| 
| 	if ((yy_buffer_stack_top) >= ((yy_buffer_stack_max)) - 1){
| 
| 		/* Increase the buffer to prepare for a possible push. */
| 		yy_size_t grow_size = 8 /* arbitrary grow size */;
| 
| 		num_to_alloc = (yy_buffer_stack_max) + grow_size;
| 		(yy_buffer_stack) = (struct yy_buffer_state**)yyrealloc
| 								((yy_buffer_stack),
| 								num_to_alloc * sizeof(struct yy_buffer_state*)
| 								);
| 		if ( ! (yy_buffer_stack) )
| 			YY_FATAL_ERROR( "out of dynamic memory in yyensure_buffer_stack()" );
| 
| 		/* zero only the new slots.*/
| 		memset((yy_buffer_stack) + (yy_buffer_stack_max), 0, grow_size * sizeof(struct yy_buffer_state*));
| 		(yy_buffer_stack_max) = num_to_alloc;
| 	}
| }
| 
| /** Setup the input buffer state to scan directly from a user-specified character buffer.
|  * @param base the character buffer
|  * @param size the size in bytes of the character buffer
|  * 
|  * @return the newly allocated buffer state object.
|  */
| YY_BUFFER_STATE yy_scan_buffer  (char * base, yy_size_t  size )
| {
| 	YY_BUFFER_STATE b;
|     
| 	if ( size < 2 ||
| 	     base[size-2] != YY_END_OF_BUFFER_CHAR ||
| 	     base[size-1] != YY_END_OF_BUFFER_CHAR )
| 		/* They forgot to leave room for the EOB's. */
| 		return NULL;
| 
| 	b = (YY_BUFFER_STATE) yyalloc( sizeof( struct yy_buffer_state )  );
| 	if ( ! b )
| 		YY_FATAL_ERROR( "out of dynamic memory in yy_scan_buffer()" );
| 
| 	b->yy_buf_size = (int) (size - 2);	/* "- 2" to take care of EOB's */
| 	b->yy_buf_pos = b->yy_ch_buf = base;
| 	b->yy_is_our_buffer = 0;
| 	b->yy_input_file = NULL;
| 	b->yy_n_chars = b->yy_buf_size;
| 	b->yy_is_interactive = 0;
| 	b->yy_at_bol = 1;
| 	b->yy_fill_buffer = 0;
| 	b->yy_buffer_status = YY_BUFFER_NEW;
| 
| 	yy_switch_to_buffer( b  );
| 
| 	return b;
| }
| 
| /** Setup the input buffer state to scan a string. The next call to yylex() will
|  * scan from a @e copy of @a str.
|  * @param yystr a NUL-terminated string to scan
|  * 
|  * @return the newly allocated buffer state object.
|  * @note If you want to scan bytes that may contain NUL values, then use
|  *       yy_scan_bytes() instead.
|  */
| YY_BUFFER_STATE yy_scan_string (const char * yystr )
| {
|     
| 	return yy_scan_bytes( yystr, (int) strlen(yystr) );
| }
| 
| /** Setup the input buffer state to scan the given bytes. The next call to yylex() will
|  * scan from a @e copy of @a bytes.
|  * @param yybytes the byte buffer to scan
|  * @param _yybytes_len the number of bytes in the buffer pointed to by @a bytes.
|  * 
|  * @return the newly allocated buffer state object.
|  */
| YY_BUFFER_STATE yy_scan_bytes  (const char * yybytes, int  _yybytes_len )
| {
| 	YY_BUFFER_STATE b;
| 	char *buf;
| 	yy_size_t n;
| 	int i;
|     
| 	/* Get memory for full buffer, including space for trailing EOB's. */
| 	n = (yy_size_t) (_yybytes_len + 2);
| 	buf = (char *) yyalloc( n  );
| 	if ( ! buf )
| 		YY_FATAL_ERROR( "out of dynamic memory in yy_scan_bytes()" );
| 
| 	for ( i = 0; i < _yybytes_len; ++i )
| 		buf[i] = yybytes[i];
| 
| 	buf[_yybytes_len] = buf[_yybytes_len+1] = YY_END_OF_BUFFER_CHAR;
| 
| 	b = yy_scan_buffer( buf, n );
| 	if ( ! b )
| 		YY_FATAL_ERROR( "bad buffer in yy_scan_bytes()" );
| 
| 	/* It's okay to grow etc. this buffer, and we should throw it
| 	 * away when we're done.
| 	 */
| 	b->yy_is_our_buffer = 1;
| 
| 	return b;
| }
| 
| #ifndef YY_EXIT_FAILURE
| #define YY_EXIT_FAILURE 2
| #endif
| 
| static void yynoreturn yy_fatal_error (const char* msg )
| {
| 			fprintf( stderr, "%s\n", msg );
| 	exit( YY_EXIT_FAILURE );
| }
| 
| /* Redefine yyless() so it works in section 3 code. */
| 
| #undef yyless
| #define yyless(n) \
| 	do \
| 		{ \
| 		/* Undo effects of setting up yytext. */ \
|         int yyless_macro_arg = (n); \
|         YY_LESS_LINENO(yyless_macro_arg);\
| 		yytext[yyleng] = (yy_hold_char); \
| 		(yy_c_buf_p) = yytext + yyless_macro_arg; \
| 		(yy_hold_char) = *(yy_c_buf_p); \
| 		*(yy_c_buf_p) = '\0'; \
| 		yyleng = yyless_macro_arg; \
| 		} \
| 	while ( 0 )
| 
| /* Accessor  methods (get/set functions) to struct members. */
| 
| /** Get the current line number.
|  * 
|  */
| int yyget_lineno  (void)
| {
|     
|     return yylineno;
| }
| 
| /** Get the input stream.
|  * 
|  */
| FILE *yyget_in  (void)
| {
|         return yyin;
| }
| 
| /** Get the output stream.
|  * 
|  */
| FILE *yyget_out  (void)
| {
|         return yyout;
| }
| 
| /** Get the length of the current token.
|  * 
|  */
| int yyget_leng  (void)
| {
|         return yyleng;
| }
| 
| /** Get the current token.
|  * 
|  */
| 
| char *yyget_text  (void)
| {
|         return yytext;
| }
| 
| /** Set the current line number.
|  * @param _line_number line number
|  * 
|  */
| void yyset_lineno (int  _line_number )
| {
|     
|     yylineno = _line_number;
| }
| 
| /** Set the input stream. This does not discard the current
|  * input buffer.
|  * @param _in_str A readable stream.
|  * 
|  * @see yy_switch_to_buffer
|  */
| void yyset_in (FILE *  _in_str )
| {
|         yyin = _in_str ;
| }
| 
| void yyset_out (FILE *  _out_str )
| {
|         yyout = _out_str ;
| }
| 
| int yyget_debug  (void)
| {
|         return yy_flex_debug;
| }
| 
| void yyset_debug (int  _bdebug )
| {
|         yy_flex_debug = _bdebug ;
| }
| 
| static int yy_init_globals (void)
| {
|         /* Initialization is the same as for the non-reentrant scanner.
|      * This function is called from yylex_destroy(), so don't allocate here.
|      */
| 
|     (yy_buffer_stack) = NULL;
|     (yy_buffer_stack_top) = 0;
|     (yy_buffer_stack_max) = 0;
|     (yy_c_buf_p) = NULL;
|     (yy_init) = 0;
|     (yy_start) = 0;
| 
|     (yy_state_buf) = 0;
|     (yy_state_ptr) = 0;
|     (yy_full_match) = 0;
|     (yy_lp) = 0;
| 
| /* Defined in main.c */
| #ifdef YY_STDINIT
|     yyin = stdin;
|     yyout = stdout;
| #else
|     yyin = NULL;
|     yyout = NULL;
| #endif
| 
|     /* For future reference: Set errno on error, since we are called by
|      * yylex_init()
|      */
|     return 0;
| }
| 
| /* yylex_destroy is for both reentrant and non-reentrant scanners. */
| int yylex_destroy  (void)
| {
|     
|     /* Pop the buffer stack, destroying each element. */
| 	while(YY_CURRENT_BUFFER){
| 		yy_delete_buffer( YY_CURRENT_BUFFER  );
| 		YY_CURRENT_BUFFER_LVALUE = NULL;
| 		yypop_buffer_state();
| 	}
| 
| 	/* Destroy the stack itself. */
| 	yyfree((yy_buffer_stack) );
| 	(yy_buffer_stack) = NULL;
| 
|     yyfree ( (yy_state_buf) );
|     (yy_state_buf)  = NULL;
| 
|     /* Reset the globals. This is important in a non-reentrant scanner so the next time
|      * yylex() is called, initialization will occur. */
|     yy_init_globals( );
| 
|     return 0;
| }
| 
| /*
|  * Internal utility routines.
|  */
| 
| #ifndef yytext_ptr
| static void yy_flex_strncpy (char* s1, const char * s2, int n )
| {
| 		
| 	int i;
| 	for ( i = 0; i < n; ++i )
| 		s1[i] = s2[i];
| }
| #endif
| 
| #ifdef YY_NEED_STRLEN
| static int yy_flex_strlen (const char * s )
| {
| 	int n;
| 	for ( n = 0; s[n]; ++n )
| 		;
| 
| 	return n;
| }
| #endif
| 
| void *yyalloc (yy_size_t  size )
| {
| 			return malloc(size);
| }
| 
| void *yyrealloc  (void * ptr, yy_size_t  size )
| {
| 		
| 	/* The cast to (char *) in the following accommodates both
| 	 * implementations that use char* generic pointers, and those
| 	 * that use void* generic pointers.  It works with the latter
| 	 * because both ANSI C and C++ allow castless assignment from
| 	 * any pointer type to void*, and deal with argument conversions
| 	 * as though doing an assignment.
| 	 */
| 	return realloc(ptr, size);
| }
| 
| void yyfree (void * ptr )
| {
| 			free( (char *) ptr );	/* see yyrealloc() for (char *) cast */
| }
| 
| #define YYTABLES_NAME "yytables"
| 
| #line 10 "conftest.l"
| 
| #ifdef YYTEXT_POINTER
| extern char *yytext;
| #endif
| int
| main (void)
| {
|   return ! yylex () + ! yywrap ();
| }
configure:6531: gcc -o conftest  -g -O2 -D_GNU_SOURCE -flto   conftest.c -ll  >&5
/usr/bin/ld: cannot find -ll: No such file or directory
collect2: error: ld returned 1 exit status
configure:6531: $? = 1
configure: failed program was:
| /* confdefs.h */
| #define PACKAGE_NAME "unbound"
| #define PACKAGE_TARNAME "unbound"
| #define PACKAGE_VERSION "1.18.0"
| #define PACKAGE_STRING "unbound 1.18.0"
| #define PACKAGE_BUGREPORT "unbound-bugs@nlnetlabs.nl or https://github.com/NLnetLabs/unbound/issues"
| #define PACKAGE_URL ""
| #define CONFCMDLINE ""
| #define STDC_HEADERS 1
| #define HAVE_SYS_TYPES_H 1
| #define HAVE_SYS_STAT_H 1
| #define HAVE_STDLIB_H 1
| #define HAVE_STRING_H 1
| #define HAVE_MEMORY_H 1
| #define HAVE_STRINGS_H 1
| #define HAVE_INTTYPES_H 1
| #define HAVE_STDINT_H 1
| #define HAVE_UNISTD_H 1
| #define __EXTENSIONS__ 1
| #define _ALL_SOURCE 1
| #define _GNU_SOURCE 1
| #define _POSIX_PTHREAD_SEMANTICS 1
| #define _TANDEM_SOURCE 1
| #define CONFIGFILE "/usr/local/etc/unbound/unbound.conf"
| #define RUN_DIR "/usr/local/etc/unbound"
| #define CHROOT_DIR "/usr/local/etc/unbound"
| #define SHARE_DIR "/usr/local/etc/unbound"
| #define PIDFILE "/usr/local/etc/unbound/unbound.pid"
| #define ROOT_ANCHOR_FILE "/usr/local/etc/unbound/root.key"
| #define ROOT_CERT_FILE "/usr/local/etc/unbound/icannbundle.pem"
| #define UB_USERNAME "unbound"
| #define WINVER 0x0502
| #define RSRC_PACKAGE_VERSION 1,18,0,0
| #define HAVE_GETOPT_H 1
| #define HAVE_TIME_H 1
| #define HAVE_ATTR_FORMAT 1
| #define HAVE_ATTR_UNUSED 1
| #define HAVE_ATTR_WEAK 1
| #define ATTR_WEAK __attribute__((weak))
| #define HAVE_ATTR_NORETURN 1
| #define ATTR_NORETURN __attribute__((__noreturn__))
| /* end confdefs.h.  */
| 
| #line 3 "lex.yy.c"
| 
| #define  YY_INT_ALIGNED short int
| 
| /* A lexical scanner generated by flex */
| 
| #define FLEX_SCANNER
| #define YY_FLEX_MAJOR_VERSION 2
| #define YY_FLEX_MINOR_VERSION 6
| #define YY_FLEX_SUBMINOR_VERSION 4
| #if YY_FLEX_SUBMINOR_VERSION > 0
| #define FLEX_BETA
| #endif
| 
| /* First, we deal with  platform-specific or compiler-specific issues. */
| 
| /* begin standard C headers. */
| #include <stdio.h>
| #include <string.h>
| #include <errno.h>
| #include <stdlib.h>
| 
| /* end standard C headers. */
| 
| /* flex integer type definitions */
| 
| #ifndef FLEXINT_H
| #define FLEXINT_H
| 
| /* C99 systems have <inttypes.h>. Non-C99 systems may or may not. */
| 
| #if defined (__STDC_VERSION__) && __STDC_VERSION__ >= 199901L
| 
| /* C99 says to define __STDC_LIMIT_MACROS before including stdint.h,
|  * if you want the limit (max/min) macros for int types. 
|  */
| #ifndef __STDC_LIMIT_MACROS
| #define __STDC_LIMIT_MACROS 1
| #endif
| 
| #include <inttypes.h>
| typedef int8_t flex_int8_t;
| typedef uint8_t flex_uint8_t;
| typedef int16_t flex_int16_t;
| typedef uint16_t flex_uint16_t;
| typedef int32_t flex_int32_t;
| typedef uint32_t flex_uint32_t;
| #else
| typedef signed char flex_int8_t;
| typedef short int flex_int16_t;
| typedef int flex_int32_t;
| typedef unsigned char flex_uint8_t; 
| typedef unsigned short int flex_uint16_t;
| typedef unsigned int flex_uint32_t;
| 
| /* Limits of integral types. */
| #ifndef INT8_MIN
| #define INT8_MIN               (-128)
| #endif
| #ifndef INT16_MIN
| #define INT16_MIN              (-32767-1)
| #endif
| #ifndef INT32_MIN
| #define INT32_MIN              (-2147483647-1)
| #endif
| #ifndef INT8_MAX
| #define INT8_MAX               (127)
| #endif
| #ifndef INT16_MAX
| #define INT16_MAX              (32767)
| #endif
| #ifndef INT32_MAX
| #define INT32_MAX              (2147483647)
| #endif
| #ifndef UINT8_MAX
| #define UINT8_MAX              (255U)
| #endif
| #ifndef UINT16_MAX
| #define UINT16_MAX             (65535U)
| #endif
| #ifndef UINT32_MAX
| #define UINT32_MAX             (4294967295U)
| #endif
| 
| #ifndef SIZE_MAX
| #define SIZE_MAX               (~(size_t)0)
| #endif
| 
| #endif /* ! C99 */
| 
| #endif /* ! FLEXINT_H */
| 
| /* begin standard C++ headers. */
| 
| /* TODO: this is always defined, so inline it */
| #define yyconst const
| 
| #if defined(__GNUC__) && __GNUC__ >= 3
| #define yynoreturn __attribute__((__noreturn__))
| #else
| #define yynoreturn
| #endif
| 
| /* Returned upon end-of-file. */
| #define YY_NULL 0
| 
| /* Promotes a possibly negative, possibly signed char to an
|  *   integer in range [0..255] for use as an array index.
|  */
| #define YY_SC_TO_UI(c) ((YY_CHAR) (c))
| 
| /* Enter a start condition.  This macro really ought to take a parameter,
|  * but we do it the disgusting crufty way forced on us by the ()-less
|  * definition of BEGIN.
|  */
| #define BEGIN (yy_start) = 1 + 2 *
| /* Translate the current start state into a value that can be later handed
|  * to BEGIN to return to the state.  The YYSTATE alias is for lex
|  * compatibility.
|  */
| #define YY_START (((yy_start) - 1) / 2)
| #define YYSTATE YY_START
| /* Action number for EOF rule of a given start state. */
| #define YY_STATE_EOF(state) (YY_END_OF_BUFFER + state + 1)
| /* Special action meaning "start processing a new file". */
| #define YY_NEW_FILE yyrestart( yyin  )
| #define YY_END_OF_BUFFER_CHAR 0
| 
| /* Size of default input buffer. */
| #ifndef YY_BUF_SIZE
| #ifdef __ia64__
| /* On IA-64, the buffer size is 16k, not 8k.
|  * Moreover, YY_BUF_SIZE is 2*YY_READ_BUF_SIZE in the general case.
|  * Ditto for the __ia64__ case accordingly.
|  */
| #define YY_BUF_SIZE 32768
| #else
| #define YY_BUF_SIZE 16384
| #endif /* __ia64__ */
| #endif
| 
| /* The state buf must be large enough to hold one state per character in the main buffer.
|  */
| #define YY_STATE_BUF_SIZE   ((YY_BUF_SIZE + 2) * sizeof(yy_state_type))
| 
| #ifndef YY_TYPEDEF_YY_BUFFER_STATE
| #define YY_TYPEDEF_YY_BUFFER_STATE
| typedef struct yy_buffer_state *YY_BUFFER_STATE;
| #endif
| 
| #ifndef YY_TYPEDEF_YY_SIZE_T
| #define YY_TYPEDEF_YY_SIZE_T
| typedef size_t yy_size_t;
| #endif
| 
| extern int yyleng;
| 
| extern FILE *yyin, *yyout;
| 
| #define EOB_ACT_CONTINUE_SCAN 0
| #define EOB_ACT_END_OF_FILE 1
| #define EOB_ACT_LAST_MATCH 2
|     
|     #define YY_LESS_LINENO(n)
|     #define YY_LINENO_REWIND_TO(ptr)
|     
| /* Return all but the first "n" matched characters back to the input stream. */
| #define yyless(n) \
| 	do \
| 		{ \
| 		/* Undo effects of setting up yytext. */ \
|         int yyless_macro_arg = (n); \
|         YY_LESS_LINENO(yyless_macro_arg);\
| 		*yy_cp = (yy_hold_char); \
| 		YY_RESTORE_YY_MORE_OFFSET \
| 		(yy_c_buf_p) = yy_cp = yy_bp + yyless_macro_arg - YY_MORE_ADJ; \
| 		YY_DO_BEFORE_ACTION; /* set up yytext again */ \
| 		} \
| 	while ( 0 )
| #define unput(c) yyunput( c, (yytext_ptr)  )
| 
| #ifndef YY_STRUCT_YY_BUFFER_STATE
| #define YY_STRUCT_YY_BUFFER_STATE
| struct yy_buffer_state
| 	{
| 	FILE *yy_input_file;
| 
| 	char *yy_ch_buf;		/* input buffer */
| 	char *yy_buf_pos;		/* current position in input buffer */
| 
| 	/* Size of input buffer in bytes, not including room for EOB
| 	 * characters.
| 	 */
| 	int yy_buf_size;
| 
| 	/* Number of characters read into yy_ch_buf, not including EOB
| 	 * characters.
| 	 */
| 	int yy_n_chars;
| 
| 	/* Whether we "own" the buffer - i.e., we know we created it,
| 	 * and can realloc() it to grow it, and should free() it to
| 	 * delete it.
| 	 */
| 	int yy_is_our_buffer;
| 
| 	/* Whether this is an "interactive" input source; if so, and
| 	 * if we're using stdio for input, then we want to use getc()
| 	 * instead of fread(), to make sure we stop fetching input after
| 	 * each newline.
| 	 */
| 	int yy_is_interactive;
| 
| 	/* Whether we're considered to be at the beginning of a line.
| 	 * If so, '^' rules will be active on the next match, otherwise
| 	 * not.
| 	 */
| 	int yy_at_bol;
| 
|     int yy_bs_lineno; /**< The line count. */
|     int yy_bs_column; /**< The column count. */
| 
| 	/* Whether to try to fill the input buffer when we reach the
| 	 * end of it.
| 	 */
| 	int yy_fill_buffer;
| 
| 	int yy_buffer_status;
| 
| #define YY_BUFFER_NEW 0
| #define YY_BUFFER_NORMAL 1
| 	/* When an EOF's been seen but there's still some text to process
| 	 * then we mark the buffer as YY_EOF_PENDING, to indicate that we
| 	 * shouldn't try reading from the input source any more.  We might
| 	 * still have a bunch of tokens to match, though, because of
| 	 * possible backing-up.
| 	 *
| 	 * When we actually see the EOF, we change the status to "new"
| 	 * (via yyrestart()), so that the user can continue scanning by
| 	 * just pointing yyin at a new input file.
| 	 */
| #define YY_BUFFER_EOF_PENDING 2
| 
| 	};
| #endif /* !YY_STRUCT_YY_BUFFER_STATE */
| 
| /* Stack of input buffers. */
| static size_t yy_buffer_stack_top = 0; /**< index of top of stack. */
| static size_t yy_buffer_stack_max = 0; /**< capacity of stack. */
| static YY_BUFFER_STATE * yy_buffer_stack = NULL; /**< Stack as an array. */
| 
| /* We provide macros for accessing buffer states in case in the
|  * future we want to put the buffer states in a more general
|  * "scanner state".
|  *
|  * Returns the top of the stack, or NULL.
|  */
| #define YY_CURRENT_BUFFER ( (yy_buffer_stack) \
|                           ? (yy_buffer_stack)[(yy_buffer_stack_top)] \
|                           : NULL)
| /* Same as previous macro, but useful when we know that the buffer stack is not
|  * NULL or when we need an lvalue. For internal use only.
|  */
| #define YY_CURRENT_BUFFER_LVALUE (yy_buffer_stack)[(yy_buffer_stack_top)]
| 
| /* yy_hold_char holds the character lost when yytext is formed. */
| static char yy_hold_char;
| static int yy_n_chars;		/* number of characters read into yy_ch_buf */
| int yyleng;
| 
| /* Points to current character in buffer. */
| static char *yy_c_buf_p = NULL;
| static int yy_init = 0;		/* whether we need to initialize */
| static int yy_start = 0;	/* start state number */
| 
| /* Flag which is used to allow yywrap()'s to do buffer switches
|  * instead of setting up a fresh yyin.  A bit of a hack ...
|  */
| static int yy_did_buffer_switch_on_eof;
| 
| void yyrestart ( FILE *input_file  );
| void yy_switch_to_buffer ( YY_BUFFER_STATE new_buffer  );
| YY_BUFFER_STATE yy_create_buffer ( FILE *file, int size  );
| void yy_delete_buffer ( YY_BUFFER_STATE b  );
| void yy_flush_buffer ( YY_BUFFER_STATE b  );
| void yypush_buffer_state ( YY_BUFFER_STATE new_buffer  );
| void yypop_buffer_state ( void );
| 
| static void yyensure_buffer_stack ( void );
| static void yy_load_buffer_state ( void );
| static void yy_init_buffer ( YY_BUFFER_STATE b, FILE *file  );
| #define YY_FLUSH_BUFFER yy_flush_buffer( YY_CURRENT_BUFFER )
| 
| YY_BUFFER_STATE yy_scan_buffer ( char *base, yy_size_t size  );
| YY_BUFFER_STATE yy_scan_string ( const char *yy_str  );
| YY_BUFFER_STATE yy_scan_bytes ( const char *bytes, int len  );
| 
| void *yyalloc ( yy_size_t  );
| void *yyrealloc ( void *, yy_size_t  );
| void yyfree ( void *  );
| 
| #define yy_new_buffer yy_create_buffer
| #define yy_set_interactive(is_interactive) \
| 	{ \
| 	if ( ! YY_CURRENT_BUFFER ){ \
|         yyensure_buffer_stack (); \
| 		YY_CURRENT_BUFFER_LVALUE =    \
|             yy_create_buffer( yyin, YY_BUF_SIZE ); \
| 	} \
| 	YY_CURRENT_BUFFER_LVALUE->yy_is_interactive = is_interactive; \
| 	}
| #define yy_set_bol(at_bol) \
| 	{ \
| 	if ( ! YY_CURRENT_BUFFER ){\
|         yyensure_buffer_stack (); \
| 		YY_CURRENT_BUFFER_LVALUE =    \
|             yy_create_buffer( yyin, YY_BUF_SIZE ); \
| 	} \
| 	YY_CURRENT_BUFFER_LVALUE->yy_at_bol = at_bol; \
| 	}
| #define YY_AT_BOL() (YY_CURRENT_BUFFER_LVALUE->yy_at_bol)
| 
| /* Begin user sect3 */
| typedef flex_uint8_t YY_CHAR;
| 
| FILE *yyin = NULL, *yyout = NULL;
| 
| typedef int yy_state_type;
| 
| extern int yylineno;
| int yylineno = 1;
| 
| extern char *yytext;
| #ifdef yytext_ptr
| #undef yytext_ptr
| #endif
| #define yytext_ptr yytext
| 
| static yy_state_type yy_get_previous_state ( void );
| static yy_state_type yy_try_NUL_trans ( yy_state_type current_state  );
| static int yy_get_next_buffer ( void );
| static void yynoreturn yy_fatal_error ( const char* msg  );
| 
| /* Done after the current pattern has been matched and before the
|  * corresponding action - sets up yytext.
|  */
| #define YY_DO_BEFORE_ACTION \
| 	(yytext_ptr) = yy_bp; \
| 	(yytext_ptr) -= (yy_more_len); \
| 	yyleng = (int) (yy_cp - (yytext_ptr)); \
| 	(yy_hold_char) = *yy_cp; \
| 	*yy_cp = '\0'; \
| 	(yy_c_buf_p) = yy_cp;
| #define YY_NUM_RULES 8
| #define YY_END_OF_BUFFER 9
| /* This struct is not used in this scanner,
|    but its presence is necessary. */
| struct yy_trans_info
| 	{
| 	flex_int32_t yy_verify;
| 	flex_int32_t yy_nxt;
| 	};
| static const flex_int16_t yy_acclist[23] =
|     {   0,
|         9,    7,    8,    8,    1,    7,    8,    2,    7,    8,
|         3,    7,    8,    4,    7,    8,    5,    7,    8,    6,
|         7,    8
|     } ;
| 
| static const flex_int16_t yy_accept[14] =
|     {   0,
|         1,    1,    1,    2,    4,    5,    8,   11,   14,   17,
|        20,   23,   23
|     } ;
| 
| static const YY_CHAR yy_ec[256] =
|     {   0,
|         1,    1,    1,    1,    1,    1,    1,    1,    1,    2,
|         1,    1,    1,    1,    1,    1,    1,    1,    1,    1,
|         1,    1,    1,    1,    1,    1,    1,    1,    1,    1,
|         1,    1,    1,    1,    1,    1,    1,    1,    1,    1,
|         1,    1,    1,    1,    1,    1,    1,    1,    1,    1,
|         1,    1,    1,    1,    1,    1,    1,    1,    1,    1,
|         1,    1,    1,    1,    1,    1,    1,    1,    1,    1,
|         1,    1,    1,    1,    1,    1,    1,    1,    1,    1,
|         1,    1,    1,    1,    1,    1,    1,    1,    1,    1,
|         1,    1,    1,    1,    1,    1,    3,    4,    5,    6,
| 
|         7,    8,    1,    1,    1,    1,    1,    1,    1,    1,
|         1,    1,    1,    1,    1,    1,    1,    1,    1,    1,
|         1,    1,    1,    1,    1,    1,    1,    1,    1,    1,
|         1,    1,    1,    1,    1,    1,    1,    1,    1,    1,
|         1,    1,    1,    1,    1,    1,    1,    1,    1,    1,
|         1,    1,    1,    1,    1,    1,    1,    1,    1,    1,
|         1,    1,    1,    1,    1,    1,    1,    1,    1,    1,
|         1,    1,    1,    1,    1,    1,    1,    1,    1,    1,
|         1,    1,    1,    1,    1,    1,    1,    1,    1,    1,
|         1,    1,    1,    1,    1,    1,    1,    1,    1,    1,
| 
|         1,    1,    1,    1,    1,    1,    1,    1,    1,    1,
|         1,    1,    1,    1,    1,    1,    1,    1,    1,    1,
|         1,    1,    1,    1,    1,    1,    1,    1,    1,    1,
|         1,    1,    1,    1,    1,    1,    1,    1,    1,    1,
|         1,    1,    1,    1,    1,    1,    1,    1,    1,    1,
|         1,    1,    1,    1,    1
|     } ;
| 
| static const YY_CHAR yy_meta[9] =
|     {   0,
|         1,    1,    1,    1,    1,    1,    1,    1
|     } ;
| 
| static const flex_int16_t yy_base[13] =
|     {   0,
|         0,    0,    9,   10,   10,   10,   10,   10,   10,   10,
|        10,   10
|     } ;
| 
| static const flex_int16_t yy_def[13] =
|     {   0,
|        12,    1,   12,   12,   12,   12,   12,   12,   12,   12,
|        12,    0
|     } ;
| 
| static const flex_int16_t yy_nxt[19] =
|     {   0,
|         4,    5,    6,    7,    8,    9,   10,   11,   12,    3,
|        12,   12,   12,   12,   12,   12,   12,   12
|     } ;
| 
| static const flex_int16_t yy_chk[19] =
|     {   0,
|         1,    1,    1,    1,    1,    1,    1,    1,    3,   12,
|        12,   12,   12,   12,   12,   12,   12,   12
|     } ;
| 
| extern int yy_flex_debug;
| int yy_flex_debug = 0;
| 
| static yy_state_type *yy_state_buf=0, *yy_state_ptr=0;
| static char *yy_full_match;
| static int yy_lp;
| #define REJECT \
| { \
| *yy_cp = (yy_hold_char); /* undo effects of setting up yytext */ \
| yy_cp = (yy_full_match); /* restore poss. backed-over text */ \
| ++(yy_lp); \
| goto find_rule; \
| }
| 
| static int yy_more_flag = 0;
| static int yy_more_len = 0;
| #define yymore() ((yy_more_flag) = 1)
| #define YY_MORE_ADJ (yy_more_len)
| #define YY_RESTORE_YY_MORE_OFFSET
| char *yytext;
| #line 1 "conftest.l"
| #line 460 "lex.yy.c"
| 
| #define INITIAL 0
| 
| #ifndef YY_NO_UNISTD_H
| /* Special case for "unistd.h", since it is non-ANSI. We include it way
|  * down here because we want the user's section 1 to have been scanned first.
|  * The user has a chance to override it with an option.
|  */
| #include <unistd.h>
| #endif
| 
| #ifndef YY_EXTRA_TYPE
| #define YY_EXTRA_TYPE void *
| #endif
| 
| static int yy_init_globals ( void );
| 
| /* Accessor methods to globals.
|    These are made visible to non-reentrant scanners for convenience. */
| 
| int yylex_destroy ( void );
| 
| int yyget_debug ( void );
| 
| void yyset_debug ( int debug_flag  );
| 
| YY_EXTRA_TYPE yyget_extra ( void );
| 
| void yyset_extra ( YY_EXTRA_TYPE user_defined  );
| 
| FILE *yyget_in ( void );
| 
| void yyset_in  ( FILE * _in_str  );
| 
| FILE *yyget_out ( void );
| 
| void yyset_out  ( FILE * _out_str  );
| 
| 			int yyget_leng ( void );
| 
| char *yyget_text ( void );
| 
| int yyget_lineno ( void );
| 
| void yyset_lineno ( int _line_number  );
| 
| /* Macros after this point can all be overridden by user definitions in
|  * section 1.
|  */
| 
| #ifndef YY_SKIP_YYWRAP
| #ifdef __cplusplus
| extern "C" int yywrap ( void );
| #else
| extern int yywrap ( void );
| #endif
| #endif
| 
| #ifndef YY_NO_UNPUT
|     
|     static void yyunput ( int c, char *buf_ptr  );
|     
| #endif
| 
| #ifndef yytext_ptr
| static void yy_flex_strncpy ( char *, const char *, int );
| #endif
| 
| #ifdef YY_NEED_STRLEN
| static int yy_flex_strlen ( const char * );
| #endif
| 
| #ifndef YY_NO_INPUT
| #ifdef __cplusplus
| static int yyinput ( void );
| #else
| static int input ( void );
| #endif
| 
| #endif
| 
| /* Amount of stuff to slurp up with each read. */
| #ifndef YY_READ_BUF_SIZE
| #ifdef __ia64__
| /* On IA-64, the buffer size is 16k, not 8k */
| #define YY_READ_BUF_SIZE 16384
| #else
| #define YY_READ_BUF_SIZE 8192
| #endif /* __ia64__ */
| #endif
| 
| /* Copy whatever the last rule matched to the standard output. */
| #ifndef ECHO
| /* This used to be an fputs(), but since the string might contain NUL's,
|  * we now use fwrite().
|  */
| #define ECHO do { if (fwrite( yytext, (size_t) yyleng, 1, yyout )) {} } while (0)
| #endif
| 
| /* Gets input and stuffs it into "buf".  number of characters read, or YY_NULL,
|  * is returned in "result".
|  */
| #ifndef YY_INPUT
| #define YY_INPUT(buf,result,max_size) \
| 	if ( YY_CURRENT_BUFFER_LVALUE->yy_is_interactive ) \
| 		{ \
| 		int c = '*'; \
| 		int n; \
| 		for ( n = 0; n < max_size && \
| 			     (c = getc( yyin )) != EOF && c != '\n'; ++n ) \
| 			buf[n] = (char) c; \
| 		if ( c == '\n' ) \
| 			buf[n++] = (char) c; \
| 		if ( c == EOF && ferror( yyin ) ) \
| 			YY_FATAL_ERROR( "input in flex scanner failed" ); \
| 		result = n; \
| 		} \
| 	else \
| 		{ \
| 		errno=0; \
| 		while ( (result = (int) fread(buf, 1, (yy_size_t) max_size, yyin)) == 0 && ferror(yyin)) \
| 			{ \
| 			if( errno != EINTR) \
| 				{ \
| 				YY_FATAL_ERROR( "input in flex scanner failed" ); \
| 				break; \
| 				} \
| 			errno=0; \
| 			clearerr(yyin); \
| 			} \
| 		}\
| \
| 
| #endif
| 
| /* No semi-colon after return; correct usage is to write "yyterminate();" -
|  * we don't want an extra ';' after the "return" because that will cause
|  * some compilers to complain about unreachable statements.
|  */
| #ifndef yyterminate
| #define yyterminate() return YY_NULL
| #endif
| 
| /* Number of entries by which start-condition stack grows. */
| #ifndef YY_START_STACK_INCR
| #define YY_START_STACK_INCR 25
| #endif
| 
| /* Report a fatal error. */
| #ifndef YY_FATAL_ERROR
| #define YY_FATAL_ERROR(msg) yy_fatal_error( msg )
| #endif
| 
| /* end tables serialization structures and prototypes */
| 
| /* Default declaration of generated scanner - a define so the user can
|  * easily add parameters.
|  */
| #ifndef YY_DECL
| #define YY_DECL_IS_OURS 1
| 
| extern int yylex (void);
| 
| #define YY_DECL int yylex (void)
| #endif /* !YY_DECL */
| 
| /* Code executed at the beginning of each rule, after yytext and yyleng
|  * have been set up.
|  */
| #ifndef YY_USER_ACTION
| #define YY_USER_ACTION
| #endif
| 
| /* Code executed at the end of each rule. */
| #ifndef YY_BREAK
| #define YY_BREAK /*LINTED*/break;
| #endif
| 
| #define YY_RULE_SETUP \
| 	YY_USER_ACTION
| 
| /** The main scanner function which does all the work.
|  */
| YY_DECL
| {
| 	yy_state_type yy_current_state;
| 	char *yy_cp, *yy_bp;
| 	int yy_act;
|     
| 	if ( !(yy_init) )
| 		{
| 		(yy_init) = 1;
| 
| #ifdef YY_USER_INIT
| 		YY_USER_INIT;
| #endif
| 
|         /* Create the reject buffer large enough to save one state per allowed character. */
|         if ( ! (yy_state_buf) )
|             (yy_state_buf) = (yy_state_type *)yyalloc(YY_STATE_BUF_SIZE  );
|             if ( ! (yy_state_buf) )
|                 YY_FATAL_ERROR( "out of dynamic memory in yylex()" );
| 
| 		if ( ! (yy_start) )
| 			(yy_start) = 1;	/* first start state */
| 
| 		if ( ! yyin )
| 			yyin = stdin;
| 
| 		if ( ! yyout )
| 			yyout = stdout;
| 
| 		if ( ! YY_CURRENT_BUFFER ) {
| 			yyensure_buffer_stack ();
| 			YY_CURRENT_BUFFER_LVALUE =
| 				yy_create_buffer( yyin, YY_BUF_SIZE );
| 		}
| 
| 		yy_load_buffer_state(  );
| 		}
| 
| 	{
| #line 1 "conftest.l"
| 
| #line 685 "lex.yy.c"
| 
| 	while ( /*CONSTCOND*/1 )		/* loops until end-of-file is reached */
| 		{
| 		(yy_more_len) = 0;
| 		if ( (yy_more_flag) )
| 			{
| 			(yy_more_len) = (int) ((yy_c_buf_p) - (yytext_ptr));
| 			(yy_more_flag) = 0;
| 			}
| 		yy_cp = (yy_c_buf_p);
| 
| 		/* Support of yytext. */
| 		*yy_cp = (yy_hold_char);
| 
| 		/* yy_bp points to the position in yy_ch_buf of the start of
| 		 * the current run.
| 		 */
| 		yy_bp = yy_cp;
| 
| 		yy_current_state = (yy_start);
| 
| 		(yy_state_ptr) = (yy_state_buf);
| 		*(yy_state_ptr)++ = yy_current_state;
| 
| yy_match:
| 		do
| 			{
| 			YY_CHAR yy_c = yy_ec[YY_SC_TO_UI(*yy_cp)] ;
| 			while ( yy_chk[yy_base[yy_current_state] + yy_c] != yy_current_state )
| 				{
| 				yy_current_state = (int) yy_def[yy_current_state];
| 				if ( yy_current_state >= 13 )
| 					yy_c = yy_meta[yy_c];
| 				}
| 			yy_current_state = yy_nxt[yy_base[yy_current_state] + yy_c];
| 			*(yy_state_ptr)++ = yy_current_state;
| 			++yy_cp;
| 			}
| 		while ( yy_base[yy_current_state] != 10 );
| 
| yy_find_action:
| 		yy_current_state = *--(yy_state_ptr);
| 		(yy_lp) = yy_accept[yy_current_state];
| 
| find_rule: /* we branch to this label when backing up */
| 
| 		for ( ; ; ) /* until we find what rule we matched */
| 			{
| 			if ( (yy_lp) && (yy_lp) < yy_accept[yy_current_state + 1] )
| 				{
| 				yy_act = yy_acclist[(yy_lp)];
| 					{
| 					(yy_full_match) = yy_cp;
| 					break;
| 					}
| 				}
| 			--yy_cp;
| 			yy_current_state = *--(yy_state_ptr);
| 			(yy_lp) = yy_accept[yy_current_state];
| 			}
| 
| 		YY_DO_BEFORE_ACTION;
| 
| do_action:	/* This label is used only to access EOF actions. */
| 
| 		switch ( yy_act )
| 	{ /* beginning of action switch */
| case 1:
| YY_RULE_SETUP
| #line 2 "conftest.l"
| { ECHO; }
| 	YY_BREAK
| case 2:
| YY_RULE_SETUP
| #line 3 "conftest.l"
| { REJECT; }
| 	YY_BREAK
| case 3:
| YY_RULE_SETUP
| #line 4 "conftest.l"
| { yymore (); }
| 	YY_BREAK
| case 4:
| YY_RULE_SETUP
| #line 5 "conftest.l"
| { yyless (1); }
| 	YY_BREAK
| case 5:
| YY_RULE_SETUP
| #line 6 "conftest.l"
| { /* IRIX 6.5 flex 2.5.4 underquotes its yyless argument.  */
|     yyless ((input () != 0)); }
| 	YY_BREAK
| case 6:
| YY_RULE_SETUP
| #line 8 "conftest.l"
| { unput (yytext[0]); }
| 	YY_BREAK
| case 7:
| YY_RULE_SETUP
| #line 9 "conftest.l"
| { BEGIN INITIAL; }
| 	YY_BREAK
| case 8:
| YY_RULE_SETUP
| #line 10 "conftest.l"
| ECHO;
| 	YY_BREAK
| #line 794 "lex.yy.c"
| 			case YY_STATE_EOF(INITIAL):
| 				yyterminate();
| 
| 	case YY_END_OF_BUFFER:
| 		{
| 		/* Amount of text matched not including the EOB char. */
| 		int yy_amount_of_matched_text = (int) (yy_cp - (yytext_ptr)) - 1;
| 
| 		/* Undo the effects of YY_DO_BEFORE_ACTION. */
| 		*yy_cp = (yy_hold_char);
| 		YY_RESTORE_YY_MORE_OFFSET
| 
| 		if ( YY_CURRENT_BUFFER_LVALUE->yy_buffer_status == YY_BUFFER_NEW )
| 			{
| 			/* We're scanning a new file or input source.  It's
| 			 * possible that this happened because the user
| 			 * just pointed yyin at a new source and called
| 			 * yylex().  If so, then we have to assure
| 			 * consistency between YY_CURRENT_BUFFER and our
| 			 * globals.  Here is the right place to do so, because
| 			 * this is the first action (other than possibly a
| 			 * back-up) that will match for the new input source.
| 			 */
| 			(yy_n_chars) = YY_CURRENT_BUFFER_LVALUE->yy_n_chars;
| 			YY_CURRENT_BUFFER_LVALUE->yy_input_file = yyin;
| 			YY_CURRENT_BUFFER_LVALUE->yy_buffer_status = YY_BUFFER_NORMAL;
| 			}
| 
| 		/* Note that here we test for yy_c_buf_p "<=" to the position
| 		 * of the first EOB in the buffer, since yy_c_buf_p will
| 		 * already have been incremented past the NUL character
| 		 * (since all states make transitions on EOB to the
| 		 * end-of-buffer state).  Contrast this with the test
| 		 * in input().
| 		 */
| 		if ( (yy_c_buf_p) <= &YY_CURRENT_BUFFER_LVALUE->yy_ch_buf[(yy_n_chars)] )
| 			{ /* This was really a NUL. */
| 			yy_state_type yy_next_state;
| 
| 			(yy_c_buf_p) = (yytext_ptr) + yy_amount_of_matched_text;
| 
| 			yy_current_state = yy_get_previous_state(  );
| 
| 			/* Okay, we're now positioned to make the NUL
| 			 * transition.  We couldn't have
| 			 * yy_get_previous_state() go ahead and do it
| 			 * for us because it doesn't know how to deal
| 			 * with the possibility of jamming (and we don't
| 			 * want to build jamming into it because then it
| 			 * will run more slowly).
| 			 */
| 
| 			yy_next_state = yy_try_NUL_trans( yy_current_state );
| 
| 			yy_bp = (yytext_ptr) + YY_MORE_ADJ;
| 
| 			if ( yy_next_state )
| 				{
| 				/* Consume the NUL. */
| 				yy_cp = ++(yy_c_buf_p);
| 				yy_current_state = yy_next_state;
| 				goto yy_match;
| 				}
| 
| 			else
| 				{
| 				yy_cp = (yy_c_buf_p);
| 				goto yy_find_action;
| 				}
| 			}
| 
| 		else switch ( yy_get_next_buffer(  ) )
| 			{
| 			case EOB_ACT_END_OF_FILE:
| 				{
| 				(yy_did_buffer_switch_on_eof) = 0;
| 
| 				if ( yywrap(  ) )
| 					{
| 					/* Note: because we've taken care in
| 					 * yy_get_next_buffer() to have set up
| 					 * yytext, we can now set up
| 					 * yy_c_buf_p so that if some total
| 					 * hoser (like flex itself) wants to
| 					 * call the scanner after we return the
| 					 * YY_NULL, it'll still work - another
| 					 * YY_NULL will get returned.
| 					 */
| 					(yy_c_buf_p) = (yytext_ptr) + YY_MORE_ADJ;
| 
| 					yy_act = YY_STATE_EOF(YY_START);
| 					goto do_action;
| 					}
| 
| 				else
| 					{
| 					if ( ! (yy_did_buffer_switch_on_eof) )
| 						YY_NEW_FILE;
| 					}
| 				break;
| 				}
| 
| 			case EOB_ACT_CONTINUE_SCAN:
| 				(yy_c_buf_p) =
| 					(yytext_ptr) + yy_amount_of_matched_text;
| 
| 				yy_current_state = yy_get_previous_state(  );
| 
| 				yy_cp = (yy_c_buf_p);
| 				yy_bp = (yytext_ptr) + YY_MORE_ADJ;
| 				goto yy_match;
| 
| 			case EOB_ACT_LAST_MATCH:
| 				(yy_c_buf_p) =
| 				&YY_CURRENT_BUFFER_LVALUE->yy_ch_buf[(yy_n_chars)];
| 
| 				yy_current_state = yy_get_previous_state(  );
| 
| 				yy_cp = (yy_c_buf_p);
| 				yy_bp = (yytext_ptr) + YY_MORE_ADJ;
| 				goto yy_find_action;
| 			}
| 		break;
| 		}
| 
| 	default:
| 		YY_FATAL_ERROR(
| 			"fatal flex scanner internal error--no action found" );
| 	} /* end of action switch */
| 		} /* end of scanning one token */
| 	} /* end of user's declarations */
| } /* end of yylex */
| 
| /* yy_get_next_buffer - try to read in a new buffer
|  *
|  * Returns a code representing an action:
|  *	EOB_ACT_LAST_MATCH -
|  *	EOB_ACT_CONTINUE_SCAN - continue scanning from current position
|  *	EOB_ACT_END_OF_FILE - end of file
|  */
| static int yy_get_next_buffer (void)
| {
|     	char *dest = YY_CURRENT_BUFFER_LVALUE->yy_ch_buf;
| 	char *source = (yytext_ptr);
| 	int number_to_move, i;
| 	int ret_val;
| 
| 	if ( (yy_c_buf_p) > &YY_CURRENT_BUFFER_LVALUE->yy_ch_buf[(yy_n_chars) + 1] )
| 		YY_FATAL_ERROR(
| 		"fatal flex scanner internal error--end of buffer missed" );
| 
| 	if ( YY_CURRENT_BUFFER_LVALUE->yy_fill_buffer == 0 )
| 		{ /* Don't try to fill the buffer, so this is an EOF. */
| 		if ( (yy_c_buf_p) - (yytext_ptr) - YY_MORE_ADJ == 1 )
| 			{
| 			/* We matched a single character, the EOB, so
| 			 * treat this as a final EOF.
| 			 */
| 			return EOB_ACT_END_OF_FILE;
| 			}
| 
| 		else
| 			{
| 			/* We matched some text prior to the EOB, first
| 			 * process it.
| 			 */
| 			return EOB_ACT_LAST_MATCH;
| 			}
| 		}
| 
| 	/* Try to read more data. */
| 
| 	/* First move last chars to start of buffer. */
| 	number_to_move = (int) ((yy_c_buf_p) - (yytext_ptr) - 1);
| 
| 	for ( i = 0; i < number_to_move; ++i )
| 		*(dest++) = *(source++);
| 
| 	if ( YY_CURRENT_BUFFER_LVALUE->yy_buffer_status == YY_BUFFER_EOF_PENDING )
| 		/* don't do the read, it's not guaranteed to return an EOF,
| 		 * just force an EOF
| 		 */
| 		YY_CURRENT_BUFFER_LVALUE->yy_n_chars = (yy_n_chars) = 0;
| 
| 	else
| 		{
| 			int num_to_read =
| 			YY_CURRENT_BUFFER_LVALUE->yy_buf_size - number_to_move - 1;
| 
| 		while ( num_to_read <= 0 )
| 			{ /* Not enough room in the buffer - grow it. */
| 
| 			YY_FATAL_ERROR(
| "input buffer overflow, can't enlarge buffer because scanner uses REJECT" );
| 
| 			}
| 
| 		if ( num_to_read > YY_READ_BUF_SIZE )
| 			num_to_read = YY_READ_BUF_SIZE;
| 
| 		/* Read in more data. */
| 		YY_INPUT( (&YY_CURRENT_BUFFER_LVALUE->yy_ch_buf[number_to_move]),
| 			(yy_n_chars), num_to_read );
| 
| 		YY_CURRENT_BUFFER_LVALUE->yy_n_chars = (yy_n_chars);
| 		}
| 
| 	if ( (yy_n_chars) == 0 )
| 		{
| 		if ( number_to_move == YY_MORE_ADJ )
| 			{
| 			ret_val = EOB_ACT_END_OF_FILE;
| 			yyrestart( yyin  );
| 			}
| 
| 		else
| 			{
| 			ret_val = EOB_ACT_LAST_MATCH;
| 			YY_CURRENT_BUFFER_LVALUE->yy_buffer_status =
| 				YY_BUFFER_EOF_PENDING;
| 			}
| 		}
| 
| 	else
| 		ret_val = EOB_ACT_CONTINUE_SCAN;
| 
| 	if (((yy_n_chars) + number_to_move) > YY_CURRENT_BUFFER_LVALUE->yy_buf_size) {
| 		/* Extend the array by 50%, plus the number we really need. */
| 		int new_size = (yy_n_chars) + number_to_move + ((yy_n_chars) >> 1);
| 		YY_CURRENT_BUFFER_LVALUE->yy_ch_buf = (char *) yyrealloc(
| 			(void *) YY_CURRENT_BUFFER_LVALUE->yy_ch_buf, (yy_size_t) new_size  );
| 		if ( ! YY_CURRENT_BUFFER_LVALUE->yy_ch_buf )
| 			YY_FATAL_ERROR( "out of dynamic memory in yy_get_next_buffer()" );
| 		/* "- 2" to take care of EOB's */
| 		YY_CURRENT_BUFFER_LVALUE->yy_buf_size = (int) (new_size - 2);
| 	}
| 
| 	(yy_n_chars) += number_to_move;
| 	YY_CURRENT_BUFFER_LVALUE->yy_ch_buf[(yy_n_chars)] = YY_END_OF_BUFFER_CHAR;
| 	YY_CURRENT_BUFFER_LVALUE->yy_ch_buf[(yy_n_chars) + 1] = YY_END_OF_BUFFER_CHAR;
| 
| 	(yytext_ptr) = &YY_CURRENT_BUFFER_LVALUE->yy_ch_buf[0];
| 
| 	return ret_val;
| }
| 
| /* yy_get_previous_state - get the state just before the EOB char was reached */
| 
|     static yy_state_type yy_get_previous_state (void)
| {
| 	yy_state_type yy_current_state;
| 	char *yy_cp;
|     
| 	yy_current_state = (yy_start);
| 
| 	(yy_state_ptr) = (yy_state_buf);
| 	*(yy_state_ptr)++ = yy_current_state;
| 
| 	for ( yy_cp = (yytext_ptr) + YY_MORE_ADJ; yy_cp < (yy_c_buf_p); ++yy_cp )
| 		{
| 		YY_CHAR yy_c = (*yy_cp ? yy_ec[YY_SC_TO_UI(*yy_cp)] : 1);
| 		while ( yy_chk[yy_base[yy_current_state] + yy_c] != yy_current_state )
| 			{
| 			yy_current_state = (int) yy_def[yy_current_state];
| 			if ( yy_current_state >= 13 )
| 				yy_c = yy_meta[yy_c];
| 			}
| 		yy_current_state = yy_nxt[yy_base[yy_current_state] + yy_c];
| 		*(yy_state_ptr)++ = yy_current_state;
| 		}
| 
| 	return yy_current_state;
| }
| 
| /* yy_try_NUL_trans - try to make a transition on the NUL character
|  *
|  * synopsis
|  *	next_state = yy_try_NUL_trans( current_state );
|  */
|     static yy_state_type yy_try_NUL_trans  (yy_state_type yy_current_state )
| {
| 	int yy_is_jam;
|     
| 	YY_CHAR yy_c = 1;
| 	while ( yy_chk[yy_base[yy_current_state] + yy_c] != yy_current_state )
| 		{
| 		yy_current_state = (int) yy_def[yy_current_state];
| 		if ( yy_current_state >= 13 )
| 			yy_c = yy_meta[yy_c];
| 		}
| 	yy_current_state = yy_nxt[yy_base[yy_current_state] + yy_c];
| 	yy_is_jam = (yy_current_state == 12);
| 	if ( ! yy_is_jam )
| 		*(yy_state_ptr)++ = yy_current_state;
| 
| 		return yy_is_jam ? 0 : yy_current_state;
| }
| 
| #ifndef YY_NO_UNPUT
| 
|     static void yyunput (int c, char * yy_bp )
| {
| 	char *yy_cp;
|     
|     yy_cp = (yy_c_buf_p);
| 
| 	/* undo effects of setting up yytext */
| 	*yy_cp = (yy_hold_char);
| 
| 	if ( yy_cp < YY_CURRENT_BUFFER_LVALUE->yy_ch_buf + 2 )
| 		{ /* need to shift things up to make room */
| 		/* +2 for EOB chars. */
| 		int number_to_move = (yy_n_chars) + 2;
| 		char *dest = &YY_CURRENT_BUFFER_LVALUE->yy_ch_buf[
| 					YY_CURRENT_BUFFER_LVALUE->yy_buf_size + 2];
| 		char *source =
| 				&YY_CURRENT_BUFFER_LVALUE->yy_ch_buf[number_to_move];
| 
| 		while ( source > YY_CURRENT_BUFFER_LVALUE->yy_ch_buf )
| 			*--dest = *--source;
| 
| 		yy_cp += (int) (dest - source);
| 		yy_bp += (int) (dest - source);
| 		YY_CURRENT_BUFFER_LVALUE->yy_n_chars =
| 			(yy_n_chars) = (int) YY_CURRENT_BUFFER_LVALUE->yy_buf_size;
| 
| 		if ( yy_cp < YY_CURRENT_BUFFER_LVALUE->yy_ch_buf + 2 )
| 			YY_FATAL_ERROR( "flex scanner push-back overflow" );
| 		}
| 
| 	*--yy_cp = (char) c;
| 
| 	(yytext_ptr) = yy_bp;
| 	(yy_hold_char) = *yy_cp;
| 	(yy_c_buf_p) = yy_cp;
| }
| 
| #endif
| 
| #ifndef YY_NO_INPUT
| #ifdef __cplusplus
|     static int yyinput (void)
| #else
|     static int input  (void)
| #endif
| 
| {
| 	int c;
|     
| 	*(yy_c_buf_p) = (yy_hold_char);
| 
| 	if ( *(yy_c_buf_p) == YY_END_OF_BUFFER_CHAR )
| 		{
| 		/* yy_c_buf_p now points to the character we want to return.
| 		 * If this occurs *before* the EOB characters, then it's a
| 		 * valid NUL; if not, then we've hit the end of the buffer.
| 		 */
| 		if ( (yy_c_buf_p) < &YY_CURRENT_BUFFER_LVALUE->yy_ch_buf[(yy_n_chars)] )
| 			/* This was really a NUL. */
| 			*(yy_c_buf_p) = '\0';
| 
| 		else
| 			{ /* need more input */
| 			int offset = (int) ((yy_c_buf_p) - (yytext_ptr));
| 			++(yy_c_buf_p);
| 
| 			switch ( yy_get_next_buffer(  ) )
| 				{
| 				case EOB_ACT_LAST_MATCH:
| 					/* This happens because yy_g_n_b()
| 					 * sees that we've accumulated a
| 					 * token and flags that we need to
| 					 * try matching the token before
| 					 * proceeding.  But for input(),
| 					 * there's no matching to consider.
| 					 * So convert the EOB_ACT_LAST_MATCH
| 					 * to EOB_ACT_END_OF_FILE.
| 					 */
| 
| 					/* Reset buffer status. */
| 					yyrestart( yyin );
| 
| 					/*FALLTHROUGH*/
| 
| 				case EOB_ACT_END_OF_FILE:
| 					{
| 					if ( yywrap(  ) )
| 						return 0;
| 
| 					if ( ! (yy_did_buffer_switch_on_eof) )
| 						YY_NEW_FILE;
| #ifdef __cplusplus
| 					return yyinput();
| #else
| 					return input();
| #endif
| 					}
| 
| 				case EOB_ACT_CONTINUE_SCAN:
| 					(yy_c_buf_p) = (yytext_ptr) + offset;
| 					break;
| 				}
| 			}
| 		}
| 
| 	c = *(unsigned char *) (yy_c_buf_p);	/* cast for 8-bit char's */
| 	*(yy_c_buf_p) = '\0';	/* preserve yytext */
| 	(yy_hold_char) = *++(yy_c_buf_p);
| 
| 	return c;
| }
| #endif	/* ifndef YY_NO_INPUT */
| 
| /** Immediately switch to a different input stream.
|  * @param input_file A readable stream.
|  * 
|  * @note This function does not reset the start condition to @c INITIAL .
|  */
|     void yyrestart  (FILE * input_file )
| {
|     
| 	if ( ! YY_CURRENT_BUFFER ){
|         yyensure_buffer_stack ();
| 		YY_CURRENT_BUFFER_LVALUE =
|             yy_create_buffer( yyin, YY_BUF_SIZE );
| 	}
| 
| 	yy_init_buffer( YY_CURRENT_BUFFER, input_file );
| 	yy_load_buffer_state(  );
| }
| 
| /** Switch to a different input buffer.
|  * @param new_buffer The new input buffer.
|  * 
|  */
|     void yy_switch_to_buffer  (YY_BUFFER_STATE  new_buffer )
| {
|     
| 	/* TODO. We should be able to replace this entire function body
| 	 * with
| 	 *		yypop_buffer_state();
| 	 *		yypush_buffer_state(new_buffer);
|      */
| 	yyensure_buffer_stack ();
| 	if ( YY_CURRENT_BUFFER == new_buffer )
| 		return;
| 
| 	if ( YY_CURRENT_BUFFER )
| 		{
| 		/* Flush out information for old buffer. */
| 		*(yy_c_buf_p) = (yy_hold_char);
| 		YY_CURRENT_BUFFER_LVALUE->yy_buf_pos = (yy_c_buf_p);
| 		YY_CURRENT_BUFFER_LVALUE->yy_n_chars = (yy_n_chars);
| 		}
| 
| 	YY_CURRENT_BUFFER_LVALUE = new_buffer;
| 	yy_load_buffer_state(  );
| 
| 	/* We don't actually know whether we did this switch during
| 	 * EOF (yywrap()) processing, but the only time this flag
| 	 * is looked at is after yywrap() is called, so it's safe
| 	 * to go ahead and always set it.
| 	 */
| 	(yy_did_buffer_switch_on_eof) = 1;
| }
| 
| static void yy_load_buffer_state  (void)
| {
|     	(yy_n_chars) = YY_CURRENT_BUFFER_LVALUE->yy_n_chars;
| 	(yytext_ptr) = (yy_c_buf_p) = YY_CURRENT_BUFFER_LVALUE->yy_buf_pos;
| 	yyin = YY_CURRENT_BUFFER_LVALUE->yy_input_file;
| 	(yy_hold_char) = *(yy_c_buf_p);
| }
| 
| /** Allocate and initialize an input buffer state.
|  * @param file A readable stream.
|  * @param size The character buffer size in bytes. When in doubt, use @c YY_BUF_SIZE.
|  * 
|  * @return the allocated buffer state.
|  */
|     YY_BUFFER_STATE yy_create_buffer  (FILE * file, int  size )
| {
| 	YY_BUFFER_STATE b;
|     
| 	b = (YY_BUFFER_STATE) yyalloc( sizeof( struct yy_buffer_state )  );
| 	if ( ! b )
| 		YY_FATAL_ERROR( "out of dynamic memory in yy_create_buffer()" );
| 
| 	b->yy_buf_size = size;
| 
| 	/* yy_ch_buf has to be 2 characters longer than the size given because
| 	 * we need to put in 2 end-of-buffer characters.
| 	 */
| 	b->yy_ch_buf = (char *) yyalloc( (yy_size_t) (b->yy_buf_size + 2)  );
| 	if ( ! b->yy_ch_buf )
| 		YY_FATAL_ERROR( "out of dynamic memory in yy_create_buffer()" );
| 
| 	b->yy_is_our_buffer = 1;
| 
| 	yy_init_buffer( b, file );
| 
| 	return b;
| }
| 
| /** Destroy the buffer.
|  * @param b a buffer created with yy_create_buffer()
|  * 
|  */
|     void yy_delete_buffer (YY_BUFFER_STATE  b )
| {
|     
| 	if ( ! b )
| 		return;
| 
| 	if ( b == YY_CURRENT_BUFFER ) /* Not sure if we should pop here. */
| 		YY_CURRENT_BUFFER_LVALUE = (YY_BUFFER_STATE) 0;
| 
| 	if ( b->yy_is_our_buffer )
| 		yyfree( (void *) b->yy_ch_buf  );
| 
| 	yyfree( (void *) b  );
| }
| 
| /* Initializes or reinitializes a buffer.
|  * This function is sometimes called more than once on the same buffer,
|  * such as during a yyrestart() or at EOF.
|  */
|     static void yy_init_buffer  (YY_BUFFER_STATE  b, FILE * file )
| 
| {
| 	int oerrno = errno;
|     
| 	yy_flush_buffer( b );
| 
| 	b->yy_input_file = file;
| 	b->yy_fill_buffer = 1;
| 
|     /* If b is the current buffer, then yy_init_buffer was _probably_
|      * called from yyrestart() or through yy_get_next_buffer.
|      * In that case, we don't want to reset the lineno or column.
|      */
|     if (b != YY_CURRENT_BUFFER){
|         b->yy_bs_lineno = 1;
|         b->yy_bs_column = 0;
|     }
| 
|         b->yy_is_interactive = file ? (isatty( fileno(file) ) > 0) : 0;
|     
| 	errno = oerrno;
| }
| 
| /** Discard all buffered characters. On the next scan, YY_INPUT will be called.
|  * @param b the buffer state to be flushed, usually @c YY_CURRENT_BUFFER.
|  * 
|  */
|     void yy_flush_buffer (YY_BUFFER_STATE  b )
| {
|     	if ( ! b )
| 		return;
| 
| 	b->yy_n_chars = 0;
| 
| 	/* We always need two end-of-buffer characters.  The first causes
| 	 * a transition to the end-of-buffer state.  The second causes
| 	 * a jam in that state.
| 	 */
| 	b->yy_ch_buf[0] = YY_END_OF_BUFFER_CHAR;
| 	b->yy_ch_buf[1] = YY_END_OF_BUFFER_CHAR;
| 
| 	b->yy_buf_pos = &b->yy_ch_buf[0];
| 
| 	b->yy_at_bol = 1;
| 	b->yy_buffer_status = YY_BUFFER_NEW;
| 
| 	if ( b == YY_CURRENT_BUFFER )
| 		yy_load_buffer_state(  );
| }
| 
| /** Pushes the new state onto the stack. The new state becomes
|  *  the current state. This function will allocate the stack
|  *  if necessary.
|  *  @param new_buffer The new state.
|  *  
|  */
| void yypush_buffer_state (YY_BUFFER_STATE new_buffer )
| {
|     	if (new_buffer == NULL)
| 		return;
| 
| 	yyensure_buffer_stack();
| 
| 	/* This block is copied from yy_switch_to_buffer. */
| 	if ( YY_CURRENT_BUFFER )
| 		{
| 		/* Flush out information for old buffer. */
| 		*(yy_c_buf_p) = (yy_hold_char);
| 		YY_CURRENT_BUFFER_LVALUE->yy_buf_pos = (yy_c_buf_p);
| 		YY_CURRENT_BUFFER_LVALUE->yy_n_chars = (yy_n_chars);
| 		}
| 
| 	/* Only push if top exists. Otherwise, replace top. */
| 	if (YY_CURRENT_BUFFER)
| 		(yy_buffer_stack_top)++;
| 	YY_CURRENT_BUFFER_LVALUE = new_buffer;
| 
| 	/* copied from yy_switch_to_buffer. */
| 	yy_load_buffer_state(  );
| 	(yy_did_buffer_switch_on_eof) = 1;
| }
| 
| /** Removes and deletes the top of the stack, if present.
|  *  The next element becomes the new top.
|  *  
|  */
| void yypop_buffer_state (void)
| {
|     	if (!YY_CURRENT_BUFFER)
| 		return;
| 
| 	yy_delete_buffer(YY_CURRENT_BUFFER );
| 	YY_CURRENT_BUFFER_LVALUE = NULL;
| 	if ((yy_buffer_stack_top) > 0)
| 		--(yy_buffer_stack_top);
| 
| 	if (YY_CURRENT_BUFFER) {
| 		yy_load_buffer_state(  );
| 		(yy_did_buffer_switch_on_eof) = 1;
| 	}
| }
| 
| /* Allocates the stack if it does not exist.
|  *  Guarantees space for at least one push.
|  */
| static void yyensure_buffer_stack (void)
| {
| 	yy_size_t num_to_alloc;
|     
| 	if (!(yy_buffer_stack)) {
| 
| 		/* First allocation is just for 2 elements, since we don't know if this
| 		 * scanner will even need a stack. We use 2 instead of 1 to avoid an
| 		 * immediate realloc on the next call.
|          */
|       num_to_alloc = 1; /* After all that talk, this was set to 1 anyways... */
| 		(yy_buffer_stack) = (struct yy_buffer_state**)yyalloc
| 								(num_to_alloc * sizeof(struct yy_buffer_state*)
| 								);
| 		if ( ! (yy_buffer_stack) )
| 			YY_FATAL_ERROR( "out of dynamic memory in yyensure_buffer_stack()" );
| 
| 		memset((yy_buffer_stack), 0, num_to_alloc * sizeof(struct yy_buffer_state*));
| 
| 		(yy_buffer_stack_max) = num_to_alloc;
| 		(yy_buffer_stack_top) = 0;
| 		return;
| 	}
| 
| 	if ((yy_buffer_stack_top) >= ((yy_buffer_stack_max)) - 1){
| 
| 		/* Increase the buffer to prepare for a possible push. */
| 		yy_size_t grow_size = 8 /* arbitrary grow size */;
| 
| 		num_to_alloc = (yy_buffer_stack_max) + grow_size;
| 		(yy_buffer_stack) = (struct yy_buffer_state**)yyrealloc
| 								((yy_buffer_stack),
| 								num_to_alloc * sizeof(struct yy_buffer_state*)
| 								);
| 		if ( ! (yy_buffer_stack) )
| 			YY_FATAL_ERROR( "out of dynamic memory in yyensure_buffer_stack()" );
| 
| 		/* zero only the new slots.*/
| 		memset((yy_buffer_stack) + (yy_buffer_stack_max), 0, grow_size * sizeof(struct yy_buffer_state*));
| 		(yy_buffer_stack_max) = num_to_alloc;
| 	}
| }
| 
| /** Setup the input buffer state to scan directly from a user-specified character buffer.
|  * @param base the character buffer
|  * @param size the size in bytes of the character buffer
|  * 
|  * @return the newly allocated buffer state object.
|  */
| YY_BUFFER_STATE yy_scan_buffer  (char * base, yy_size_t  size )
| {
| 	YY_BUFFER_STATE b;
|     
| 	if ( size < 2 ||
| 	     base[size-2] != YY_END_OF_BUFFER_CHAR ||
| 	     base[size-1] != YY_END_OF_BUFFER_CHAR )
| 		/* They forgot to leave room for the EOB's. */
| 		return NULL;
| 
| 	b = (YY_BUFFER_STATE) yyalloc( sizeof( struct yy_buffer_state )  );
| 	if ( ! b )
| 		YY_FATAL_ERROR( "out of dynamic memory in yy_scan_buffer()" );
| 
| 	b->yy_buf_size = (int) (size - 2);	/* "- 2" to take care of EOB's */
| 	b->yy_buf_pos = b->yy_ch_buf = base;
| 	b->yy_is_our_buffer = 0;
| 	b->yy_input_file = NULL;
| 	b->yy_n_chars = b->yy_buf_size;
| 	b->yy_is_interactive = 0;
| 	b->yy_at_bol = 1;
| 	b->yy_fill_buffer = 0;
| 	b->yy_buffer_status = YY_BUFFER_NEW;
| 
| 	yy_switch_to_buffer( b  );
| 
| 	return b;
| }
| 
| /** Setup the input buffer state to scan a string. The next call to yylex() will
|  * scan from a @e copy of @a str.
|  * @param yystr a NUL-terminated string to scan
|  * 
|  * @return the newly allocated buffer state object.
|  * @note If you want to scan bytes that may contain NUL values, then use
|  *       yy_scan_bytes() instead.
|  */
| YY_BUFFER_STATE yy_scan_string (const char * yystr )
| {
|     
| 	return yy_scan_bytes( yystr, (int) strlen(yystr) );
| }
| 
| /** Setup the input buffer state to scan the given bytes. The next call to yylex() will
|  * scan from a @e copy of @a bytes.
|  * @param yybytes the byte buffer to scan
|  * @param _yybytes_len the number of bytes in the buffer pointed to by @a bytes.
|  * 
|  * @return the newly allocated buffer state object.
|  */
| YY_BUFFER_STATE yy_scan_bytes  (const char * yybytes, int  _yybytes_len )
| {
| 	YY_BUFFER_STATE b;
| 	char *buf;
| 	yy_size_t n;
| 	int i;
|     
| 	/* Get memory for full buffer, including space for trailing EOB's. */
| 	n = (yy_size_t) (_yybytes_len + 2);
| 	buf = (char *) yyalloc( n  );
| 	if ( ! buf )
| 		YY_FATAL_ERROR( "out of dynamic memory in yy_scan_bytes()" );
| 
| 	for ( i = 0; i < _yybytes_len; ++i )
| 		buf[i] = yybytes[i];
| 
| 	buf[_yybytes_len] = buf[_yybytes_len+1] = YY_END_OF_BUFFER_CHAR;
| 
| 	b = yy_scan_buffer( buf, n );
| 	if ( ! b )
| 		YY_FATAL_ERROR( "bad buffer in yy_scan_bytes()" );
| 
| 	/* It's okay to grow etc. this buffer, and we should throw it
| 	 * away when we're done.
| 	 */
| 	b->yy_is_our_buffer = 1;
| 
| 	return b;
| }
| 
| #ifndef YY_EXIT_FAILURE
| #define YY_EXIT_FAILURE 2
| #endif
| 
| static void yynoreturn yy_fatal_error (const char* msg )
| {
| 			fprintf( stderr, "%s\n", msg );
| 	exit( YY_EXIT_FAILURE );
| }
| 
| /* Redefine yyless() so it works in section 3 code. */
| 
| #undef yyless
| #define yyless(n) \
| 	do \
| 		{ \
| 		/* Undo effects of setting up yytext. */ \
|         int yyless_macro_arg = (n); \
|         YY_LESS_LINENO(yyless_macro_arg);\
| 		yytext[yyleng] = (yy_hold_char); \
| 		(yy_c_buf_p) = yytext + yyless_macro_arg; \
| 		(yy_hold_char) = *(yy_c_buf_p); \
| 		*(yy_c_buf_p) = '\0'; \
| 		yyleng = yyless_macro_arg; \
| 		} \
| 	while ( 0 )
| 
| /* Accessor  methods (get/set functions) to struct members. */
| 
| /** Get the current line number.
|  * 
|  */
| int yyget_lineno  (void)
| {
|     
|     return yylineno;
| }
| 
| /** Get the input stream.
|  * 
|  */
| FILE *yyget_in  (void)
| {
|         return yyin;
| }
| 
| /** Get the output stream.
|  * 
|  */
| FILE *yyget_out  (void)
| {
|         return yyout;
| }
| 
| /** Get the length of the current token.
|  * 
|  */
| int yyget_leng  (void)
| {
|         return yyleng;
| }
| 
| /** Get the current token.
|  * 
|  */
| 
| char *yyget_text  (void)
| {
|         return yytext;
| }
| 
| /** Set the current line number.
|  * @param _line_number line number
|  * 
|  */
| void yyset_lineno (int  _line_number )
| {
|     
|     yylineno = _line_number;
| }
| 
| /** Set the input stream. This does not discard the current
|  * input buffer.
|  * @param _in_str A readable stream.
|  * 
|  * @see yy_switch_to_buffer
|  */
| void yyset_in (FILE *  _in_str )
| {
|         yyin = _in_str ;
| }
| 
| void yyset_out (FILE *  _out_str )
| {
|         yyout = _out_str ;
| }
| 
| int yyget_debug  (void)
| {
|         return yy_flex_debug;
| }
| 
| void yyset_debug (int  _bdebug )
| {
|         yy_flex_debug = _bdebug ;
| }
| 
| static int yy_init_globals (void)
| {
|         /* Initialization is the same as for the non-reentrant scanner.
|      * This function is called from yylex_destroy(), so don't allocate here.
|      */
| 
|     (yy_buffer_stack) = NULL;
|     (yy_buffer_stack_top) = 0;
|     (yy_buffer_stack_max) = 0;
|     (yy_c_buf_p) = NULL;
|     (yy_init) = 0;
|     (yy_start) = 0;
| 
|     (yy_state_buf) = 0;
|     (yy_state_ptr) = 0;
|     (yy_full_match) = 0;
|     (yy_lp) = 0;
| 
| /* Defined in main.c */
| #ifdef YY_STDINIT
|     yyin = stdin;
|     yyout = stdout;
| #else
|     yyin = NULL;
|     yyout = NULL;
| #endif
| 
|     /* For future reference: Set errno on error, since we are called by
|      * yylex_init()
|      */
|     return 0;
| }
| 
| /* yylex_destroy is for both reentrant and non-reentrant scanners. */
| int yylex_destroy  (void)
| {
|     
|     /* Pop the buffer stack, destroying each element. */
| 	while(YY_CURRENT_BUFFER){
| 		yy_delete_buffer( YY_CURRENT_BUFFER  );
| 		YY_CURRENT_BUFFER_LVALUE = NULL;
| 		yypop_buffer_state();
| 	}
| 
| 	/* Destroy the stack itself. */
| 	yyfree((yy_buffer_stack) );
| 	(yy_buffer_stack) = NULL;
| 
|     yyfree ( (yy_state_buf) );
|     (yy_state_buf)  = NULL;
| 
|     /* Reset the globals. This is important in a non-reentrant scanner so the next time
|      * yylex() is called, initialization will occur. */
|     yy_init_globals( );
| 
|     return 0;
| }
| 
| /*
|  * Internal utility routines.
|  */
| 
| #ifndef yytext_ptr
| static void yy_flex_strncpy (char* s1, const char * s2, int n )
| {
| 		
| 	int i;
| 	for ( i = 0; i < n; ++i )
| 		s1[i] = s2[i];
| }
| #endif
| 
| #ifdef YY_NEED_STRLEN
| static int yy_flex_strlen (const char * s )
| {
| 	int n;
| 	for ( n = 0; s[n]; ++n )
| 		;
| 
| 	return n;
| }
| #endif
| 
| void *yyalloc (yy_size_t  size )
| {
| 			return malloc(size);
| }
| 
| void *yyrealloc  (void * ptr, yy_size_t  size )
| {
| 		
| 	/* The cast to (char *) in the following accommodates both
| 	 * implementations that use char* generic pointers, and those
| 	 * that use void* generic pointers.  It works with the latter
| 	 * because both ANSI C and C++ allow castless assignment from
| 	 * any pointer type to void*, and deal with argument conversions
| 	 * as though doing an assignment.
| 	 */
| 	return realloc(ptr, size);
| }
| 
| void yyfree (void * ptr )
| {
| 			free( (char *) ptr );	/* see yyrealloc() for (char *) cast */
| }
| 
| #define YYTABLES_NAME "yytables"
| 
| #line 10 "conftest.l"
| 
| #ifdef YYTEXT_POINTER
| extern char *yytext;
| #endif
| int
| main (void)
| {
|   return ! yylex () + ! yywrap ();
| }
configure:6541: result: none needed
configure:6547: checking whether yytext is a pointer
configure:6564: gcc -o conftest  -g -O2 -D_GNU_SOURCE -flto   conftest.c   >&5
/usr/bin/ld: /tmp/ccyrCO91.ltrans0.ltrans.o: in function `main':
/home/runner/work/unbound-1.18.0/unbound-1.18.0/conftest.l:17:(.text.startup+0x59e): undefined reference to `yywrap'
/usr/bin/ld: /tmp/ccyrCO91.ltrans0.ltrans.o: in function `main':
/home/runner/work/unbound-1.18.0/unbound-1.18.0/lex.yy.c:1180:(.text.startup+0x6a7): undefined reference to `yywrap'
/usr/bin/ld: /home/runner/work/unbound-1.18.0/unbound-1.18.0/lex.yy.c:871:(.text.startup+0x7f0): undefined reference to `yywrap'
collect2: error: ld returned 1 exit status
configure:6564: $? = 1
configure: failed program was:
| /* confdefs.h */
| #define PACKAGE_NAME "unbound"
| #define PACKAGE_TARNAME "unbound"
| #define PACKAGE_VERSION "1.18.0"
| #define PACKAGE_STRING "unbound 1.18.0"
| #define PACKAGE_BUGREPORT "unbound-bugs@nlnetlabs.nl or https://github.com/NLnetLabs/unbound/issues"
| #define PACKAGE_URL ""
| #define CONFCMDLINE ""
| #define STDC_HEADERS 1
| #define HAVE_SYS_TYPES_H 1
| #define HAVE_SYS_STAT_H 1
| #define HAVE_STDLIB_H 1
| #define HAVE_STRING_H 1
| #define HAVE_MEMORY_H 1
| #define HAVE_STRINGS_H 1
| #define HAVE_INTTYPES_H 1
| #define HAVE_STDINT_H 1
| #define HAVE_UNISTD_H 1
| #define __EXTENSIONS__ 1
| #define _ALL_SOURCE 1
| #define _GNU_SOURCE 1
| #define _POSIX_PTHREAD_SEMANTICS 1
| #define _TANDEM_SOURCE 1
| #define CONFIGFILE "/usr/local/etc/unbound/unbound.conf"
| #define RUN_DIR "/usr/local/etc/unbound"
| #define CHROOT_DIR "/usr/local/etc/unbound"
| #define SHARE_DIR "/usr/local/etc/unbound"
| #define PIDFILE "/usr/local/etc/unbound/unbound.pid"
| #define ROOT_ANCHOR_FILE "/usr/local/etc/unbound/root.key"
| #define ROOT_CERT_FILE "/usr/local/etc/unbound/icannbundle.pem"
| #define UB_USERNAME "unbound"
| #define WINVER 0x0502
| #define RSRC_PACKAGE_VERSION 1,18,0,0
| #define HAVE_GETOPT_H 1
| #define HAVE_TIME_H 1
| #define HAVE_ATTR_FORMAT 1
| #define HAVE_ATTR_UNUSED 1
| #define HAVE_ATTR_WEAK 1
| #define ATTR_WEAK __attribute__((weak))
| #define HAVE_ATTR_NORETURN 1
| #define ATTR_NORETURN __attribute__((__noreturn__))
| /* end confdefs.h.  */
| 
|   #define YYTEXT_POINTER 1
| 
| #line 3 "lex.yy.c"
| 
| #define  YY_INT_ALIGNED short int
| 
| /* A lexical scanner generated by flex */
| 
| #define FLEX_SCANNER
| #define YY_FLEX_MAJOR_VERSION 2
| #define YY_FLEX_MINOR_VERSION 6
| #define YY_FLEX_SUBMINOR_VERSION 4
| #if YY_FLEX_SUBMINOR_VERSION > 0
| #define FLEX_BETA
| #endif
| 
| /* First, we deal with  platform-specific or compiler-specific issues. */
| 
| /* begin standard C headers. */
| #include <stdio.h>
| #include <string.h>
| #include <errno.h>
| #include <stdlib.h>
| 
| /* end standard C headers. */
| 
| /* flex integer type definitions */
| 
| #ifndef FLEXINT_H
| #define FLEXINT_H
| 
| /* C99 systems have <inttypes.h>. Non-C99 systems may or may not. */
| 
| #if defined (__STDC_VERSION__) && __STDC_VERSION__ >= 199901L
| 
| /* C99 says to define __STDC_LIMIT_MACROS before including stdint.h,
|  * if you want the limit (max/min) macros for int types. 
|  */
| #ifndef __STDC_LIMIT_MACROS
| #define __STDC_LIMIT_MACROS 1
| #endif
| 
| #include <inttypes.h>
| typedef int8_t flex_int8_t;
| typedef uint8_t flex_uint8_t;
| typedef int16_t flex_int16_t;
| typedef uint16_t flex_uint16_t;
| typedef int32_t flex_int32_t;
| typedef uint32_t flex_uint32_t;
| #else
| typedef signed char flex_int8_t;
| typedef short int flex_int16_t;
| typedef int flex_int32_t;
| typedef unsigned char flex_uint8_t; 
| typedef unsigned short int flex_uint16_t;
| typedef unsigned int flex_uint32_t;
| 
| /* Limits of integral types. */
| #ifndef INT8_MIN
| #define INT8_MIN               (-128)
| #endif
| #ifndef INT16_MIN
| #define INT16_MIN              (-32767-1)
| #endif
| #ifndef INT32_MIN
| #define INT32_MIN              (-2147483647-1)
| #endif
| #ifndef INT8_MAX
| #define INT8_MAX               (127)
| #endif
| #ifndef INT16_MAX
| #define INT16_MAX              (32767)
| #endif
| #ifndef INT32_MAX
| #define INT32_MAX              (2147483647)
| #endif
| #ifndef UINT8_MAX
| #define UINT8_MAX              (255U)
| #endif
| #ifndef UINT16_MAX
| #define UINT16_MAX             (65535U)
| #endif
| #ifndef UINT32_MAX
| #define UINT32_MAX             (4294967295U)
| #endif
| 
| #ifndef SIZE_MAX
| #define SIZE_MAX               (~(size_t)0)
| #endif
| 
| #endif /* ! C99 */
| 
| #endif /* ! FLEXINT_H */
| 
| /* begin standard C++ headers. */
| 
| /* TODO: this is always defined, so inline it */
| #define yyconst const
| 
| #if defined(__GNUC__) && __GNUC__ >= 3
| #define yynoreturn __attribute__((__noreturn__))
| #else
| #define yynoreturn
| #endif
| 
| /* Returned upon end-of-file. */
| #define YY_NULL 0
| 
| /* Promotes a possibly negative, possibly signed char to an
|  *   integer in range [0..255] for use as an array index.
|  */
| #define YY_SC_TO_UI(c) ((YY_CHAR) (c))
| 
| /* Enter a start condition.  This macro really ought to take a parameter,
|  * but we do it the disgusting crufty way forced on us by the ()-less
|  * definition of BEGIN.
|  */
| #define BEGIN (yy_start) = 1 + 2 *
| /* Translate the current start state into a value that can be later handed
|  * to BEGIN to return to the state.  The YYSTATE alias is for lex
|  * compatibility.
|  */
| #define YY_START (((yy_start) - 1) / 2)
| #define YYSTATE YY_START
| /* Action number for EOF rule of a given start state. */
| #define YY_STATE_EOF(state) (YY_END_OF_BUFFER + state + 1)
| /* Special action meaning "start processing a new file". */
| #define YY_NEW_FILE yyrestart( yyin  )
| #define YY_END_OF_BUFFER_CHAR 0
| 
| /* Size of default input buffer. */
| #ifndef YY_BUF_SIZE
| #ifdef __ia64__
| /* On IA-64, the buffer size is 16k, not 8k.
|  * Moreover, YY_BUF_SIZE is 2*YY_READ_BUF_SIZE in the general case.
|  * Ditto for the __ia64__ case accordingly.
|  */
| #define YY_BUF_SIZE 32768
| #else
| #define YY_BUF_SIZE 16384
| #endif /* __ia64__ */
| #endif
| 
| /* The state buf must be large enough to hold one state per character in the main buffer.
|  */
| #define YY_STATE_BUF_SIZE   ((YY_BUF_SIZE + 2) * sizeof(yy_state_type))
| 
| #ifndef YY_TYPEDEF_YY_BUFFER_STATE
| #define YY_TYPEDEF_YY_BUFFER_STATE
| typedef struct yy_buffer_state *YY_BUFFER_STATE;
| #endif
| 
| #ifndef YY_TYPEDEF_YY_SIZE_T
| #define YY_TYPEDEF_YY_SIZE_T
| typedef size_t yy_size_t;
| #endif
| 
| extern int yyleng;
| 
| extern FILE *yyin, *yyout;
| 
| #define EOB_ACT_CONTINUE_SCAN 0
| #define EOB_ACT_END_OF_FILE 1
| #define EOB_ACT_LAST_MATCH 2
|     
|     #define YY_LESS_LINENO(n)
|     #define YY_LINENO_REWIND_TO(ptr)
|     
| /* Return all but the first "n" matched characters back to the input stream. */
| #define yyless(n) \
| 	do \
| 		{ \
| 		/* Undo effects of setting up yytext. */ \
|         int yyless_macro_arg = (n); \
|         YY_LESS_LINENO(yyless_macro_arg);\
| 		*yy_cp = (yy_hold_char); \
| 		YY_RESTORE_YY_MORE_OFFSET \
| 		(yy_c_buf_p) = yy_cp = yy_bp + yyless_macro_arg - YY_MORE_ADJ; \
| 		YY_DO_BEFORE_ACTION; /* set up yytext again */ \
| 		} \
| 	while ( 0 )
| #define unput(c) yyunput( c, (yytext_ptr)  )
| 
| #ifndef YY_STRUCT_YY_BUFFER_STATE
| #define YY_STRUCT_YY_BUFFER_STATE
| struct yy_buffer_state
| 	{
| 	FILE *yy_input_file;
| 
| 	char *yy_ch_buf;		/* input buffer */
| 	char *yy_buf_pos;		/* current position in input buffer */
| 
| 	/* Size of input buffer in bytes, not including room for EOB
| 	 * characters.
| 	 */
| 	int yy_buf_size;
| 
| 	/* Number of characters read into yy_ch_buf, not including EOB
| 	 * characters.
| 	 */
| 	int yy_n_chars;
| 
| 	/* Whether we "own" the buffer - i.e., we know we created it,
| 	 * and can realloc() it to grow it, and should free() it to
| 	 * delete it.
| 	 */
| 	int yy_is_our_buffer;
| 
| 	/* Whether this is an "interactive" input source; if so, and
| 	 * if we're using stdio for input, then we want to use getc()
| 	 * instead of fread(), to make sure we stop fetching input after
| 	 * each newline.
| 	 */
| 	int yy_is_interactive;
| 
| 	/* Whether we're considered to be at the beginning of a line.
| 	 * If so, '^' rules will be active on the next match, otherwise
| 	 * not.
| 	 */
| 	int yy_at_bol;
| 
|     int yy_bs_lineno; /**< The line count. */
|     int yy_bs_column; /**< The column count. */
| 
| 	/* Whether to try to fill the input buffer when we reach the
| 	 * end of it.
| 	 */
| 	int yy_fill_buffer;
| 
| 	int yy_buffer_status;
| 
| #define YY_BUFFER_NEW 0
| #define YY_BUFFER_NORMAL 1
| 	/* When an EOF's been seen but there's still some text to process
| 	 * then we mark the buffer as YY_EOF_PENDING, to indicate that we
| 	 * shouldn't try reading from the input source any more.  We might
| 	 * still have a bunch of tokens to match, though, because of
| 	 * possible backing-up.
| 	 *
| 	 * When we actually see the EOF, we change the status to "new"
| 	 * (via yyrestart()), so that the user can continue scanning by
| 	 * just pointing yyin at a new input file.
| 	 */
| #define YY_BUFFER_EOF_PENDING 2
| 
| 	};
| #endif /* !YY_STRUCT_YY_BUFFER_STATE */
| 
| /* Stack of input buffers. */
| static size_t yy_buffer_stack_top = 0; /**< index of top of stack. */
| static size_t yy_buffer_stack_max = 0; /**< capacity of stack. */
| static YY_BUFFER_STATE * yy_buffer_stack = NULL; /**< Stack as an array. */
| 
| /* We provide macros for accessing buffer states in case in the
|  * future we want to put the buffer states in a more general
|  * "scanner state".
|  *
|  * Returns the top of the stack, or NULL.
|  */
| #define YY_CURRENT_BUFFER ( (yy_buffer_stack) \
|                           ? (yy_buffer_stack)[(yy_buffer_stack_top)] \
|                           : NULL)
| /* Same as previous macro, but useful when we know that the buffer stack is not
|  * NULL or when we need an lvalue. For internal use only.
|  */
| #define YY_CURRENT_BUFFER_LVALUE (yy_buffer_stack)[(yy_buffer_stack_top)]
| 
| /* yy_hold_char holds the character lost when yytext is formed. */
| static char yy_hold_char;
| static int yy_n_chars;		/* number of characters read into yy_ch_buf */
| int yyleng;
| 
| /* Points to current character in buffer. */
| static char *yy_c_buf_p = NULL;
| static int yy_init = 0;		/* whether we need to initialize */
| static int yy_start = 0;	/* start state number */
| 
| /* Flag which is used to allow yywrap()'s to do buffer switches
|  * instead of setting up a fresh yyin.  A bit of a hack ...
|  */
| static int yy_did_buffer_switch_on_eof;
| 
| void yyrestart ( FILE *input_file  );
| void yy_switch_to_buffer ( YY_BUFFER_STATE new_buffer  );
| YY_BUFFER_STATE yy_create_buffer ( FILE *file, int size  );
| void yy_delete_buffer ( YY_BUFFER_STATE b  );
| void yy_flush_buffer ( YY_BUFFER_STATE b  );
| void yypush_buffer_state ( YY_BUFFER_STATE new_buffer  );
| void yypop_buffer_state ( void );
| 
| static void yyensure_buffer_stack ( void );
| static void yy_load_buffer_state ( void );
| static void yy_init_buffer ( YY_BUFFER_STATE b, FILE *file  );
| #define YY_FLUSH_BUFFER yy_flush_buffer( YY_CURRENT_BUFFER )
| 
| YY_BUFFER_STATE yy_scan_buffer ( char *base, yy_size_t size  );
| YY_BUFFER_STATE yy_scan_string ( const char *yy_str  );
| YY_BUFFER_STATE yy_scan_bytes ( const char *bytes, int len  );
| 
| void *yyalloc ( yy_size_t  );
| void *yyrealloc ( void *, yy_size_t  );
| void yyfree ( void *  );
| 
| #define yy_new_buffer yy_create_buffer
| #define yy_set_interactive(is_interactive) \
| 	{ \
| 	if ( ! YY_CURRENT_BUFFER ){ \
|         yyensure_buffer_stack (); \
| 		YY_CURRENT_BUFFER_LVALUE =    \
|             yy_create_buffer( yyin, YY_BUF_SIZE ); \
| 	} \
| 	YY_CURRENT_BUFFER_LVALUE->yy_is_interactive = is_interactive; \
| 	}
| #define yy_set_bol(at_bol) \
| 	{ \
| 	if ( ! YY_CURRENT_BUFFER ){\
|         yyensure_buffer_stack (); \
| 		YY_CURRENT_BUFFER_LVALUE =    \
|             yy_create_buffer( yyin, YY_BUF_SIZE ); \
| 	} \
| 	YY_CURRENT_BUFFER_LVALUE->yy_at_bol = at_bol; \
| 	}
| #define YY_AT_BOL() (YY_CURRENT_BUFFER_LVALUE->yy_at_bol)
| 
| /* Begin user sect3 */
| typedef flex_uint8_t YY_CHAR;
| 
| FILE *yyin = NULL, *yyout = NULL;
| 
| typedef int yy_state_type;
| 
| extern int yylineno;
| int yylineno = 1;
| 
| extern char *yytext;
| #ifdef yytext_ptr
| #undef yytext_ptr
| #endif
| #define yytext_ptr yytext
| 
| static yy_state_type yy_get_previous_state ( void );
| static yy_state_type yy_try_NUL_trans ( yy_state_type current_state  );
| static int yy_get_next_buffer ( void );
| static void yynoreturn yy_fatal_error ( const char* msg  );
| 
| /* Done after the current pattern has been matched and before the
|  * corresponding action - sets up yytext.
|  */
| #define YY_DO_BEFORE_ACTION \
| 	(yytext_ptr) = yy_bp; \
| 	(yytext_ptr) -= (yy_more_len); \
| 	yyleng = (int) (yy_cp - (yytext_ptr)); \
| 	(yy_hold_char) = *yy_cp; \
| 	*yy_cp = '\0'; \
| 	(yy_c_buf_p) = yy_cp;
| #define YY_NUM_RULES 8
| #define YY_END_OF_BUFFER 9
| /* This struct is not used in this scanner,
|    but its presence is necessary. */
| struct yy_trans_info
| 	{
| 	flex_int32_t yy_verify;
| 	flex_int32_t yy_nxt;
| 	};
| static const flex_int16_t yy_acclist[23] =
|     {   0,
|         9,    7,    8,    8,    1,    7,    8,    2,    7,    8,
|         3,    7,    8,    4,    7,    8,    5,    7,    8,    6,
|         7,    8
|     } ;
| 
| static const flex_int16_t yy_accept[14] =
|     {   0,
|         1,    1,    1,    2,    4,    5,    8,   11,   14,   17,
|        20,   23,   23
|     } ;
| 
| static const YY_CHAR yy_ec[256] =
|     {   0,
|         1,    1,    1,    1,    1,    1,    1,    1,    1,    2,
|         1,    1,    1,    1,    1,    1,    1,    1,    1,    1,
|         1,    1,    1,    1,    1,    1,    1,    1,    1,    1,
|         1,    1,    1,    1,    1,    1,    1,    1,    1,    1,
|         1,    1,    1,    1,    1,    1,    1,    1,    1,    1,
|         1,    1,    1,    1,    1,    1,    1,    1,    1,    1,
|         1,    1,    1,    1,    1,    1,    1,    1,    1,    1,
|         1,    1,    1,    1,    1,    1,    1,    1,    1,    1,
|         1,    1,    1,    1,    1,    1,    1,    1,    1,    1,
|         1,    1,    1,    1,    1,    1,    3,    4,    5,    6,
| 
|         7,    8,    1,    1,    1,    1,    1,    1,    1,    1,
|         1,    1,    1,    1,    1,    1,    1,    1,    1,    1,
|         1,    1,    1,    1,    1,    1,    1,    1,    1,    1,
|         1,    1,    1,    1,    1,    1,    1,    1,    1,    1,
|         1,    1,    1,    1,    1,    1,    1,    1,    1,    1,
|         1,    1,    1,    1,    1,    1,    1,    1,    1,    1,
|         1,    1,    1,    1,    1,    1,    1,    1,    1,    1,
|         1,    1,    1,    1,    1,    1,    1,    1,    1,    1,
|         1,    1,    1,    1,    1,    1,    1,    1,    1,    1,
|         1,    1,    1,    1,    1,    1,    1,    1,    1,    1,
| 
|         1,    1,    1,    1,    1,    1,    1,    1,    1,    1,
|         1,    1,    1,    1,    1,    1,    1,    1,    1,    1,
|         1,    1,    1,    1,    1,    1,    1,    1,    1,    1,
|         1,    1,    1,    1,    1,    1,    1,    1,    1,    1,
|         1,    1,    1,    1,    1,    1,    1,    1,    1,    1,
|         1,    1,    1,    1,    1
|     } ;
| 
| static const YY_CHAR yy_meta[9] =
|     {   0,
|         1,    1,    1,    1,    1,    1,    1,    1
|     } ;
| 
| static const flex_int16_t yy_base[13] =
|     {   0,
|         0,    0,    9,   10,   10,   10,   10,   10,   10,   10,
|        10,   10
|     } ;
| 
| static const flex_int16_t yy_def[13] =
|     {   0,
|        12,    1,   12,   12,   12,   12,   12,   12,   12,   12,
|        12,    0
|     } ;
| 
| static const flex_int16_t yy_nxt[19] =
|     {   0,
|         4,    5,    6,    7,    8,    9,   10,   11,   12,    3,
|        12,   12,   12,   12,   12,   12,   12,   12
|     } ;
| 
| static const flex_int16_t yy_chk[19] =
|     {   0,
|         1,    1,    1,    1,    1,    1,    1,    1,    3,   12,
|        12,   12,   12,   12,   12,   12,   12,   12
|     } ;
| 
| extern int yy_flex_debug;
| int yy_flex_debug = 0;
| 
| static yy_state_type *yy_state_buf=0, *yy_state_ptr=0;
| static char *yy_full_match;
| static int yy_lp;
| #define REJECT \
| { \
| *yy_cp = (yy_hold_char); /* undo effects of setting up yytext */ \
| yy_cp = (yy_full_match); /* restore poss. backed-over text */ \
| ++(yy_lp); \
| goto find_rule; \
| }
| 
| static int yy_more_flag = 0;
| static int yy_more_len = 0;
| #define yymore() ((yy_more_flag) = 1)
| #define YY_MORE_ADJ (yy_more_len)
| #define YY_RESTORE_YY_MORE_OFFSET
| char *yytext;
| #line 1 "conftest.l"
| #line 460 "lex.yy.c"
| 
| #define INITIAL 0
| 
| #ifndef YY_NO_UNISTD_H
| /* Special case for "unistd.h", since it is non-ANSI. We include it way
|  * down here because we want the user's section 1 to have been scanned first.
|  * The user has a chance to override it with an option.
|  */
| #include <unistd.h>
| #endif
| 
| #ifndef YY_EXTRA_TYPE
| #define YY_EXTRA_TYPE void *
| #endif
| 
| static int yy_init_globals ( void );
| 
| /* Accessor methods to globals.
|    These are made visible to non-reentrant scanners for convenience. */
| 
| int yylex_destroy ( void );
| 
| int yyget_debug ( void );
| 
| void yyset_debug ( int debug_flag  );
| 
| YY_EXTRA_TYPE yyget_extra ( void );
| 
| void yyset_extra ( YY_EXTRA_TYPE user_defined  );
| 
| FILE *yyget_in ( void );
| 
| void yyset_in  ( FILE * _in_str  );
| 
| FILE *yyget_out ( void );
| 
| void yyset_out  ( FILE * _out_str  );
| 
| 			int yyget_leng ( void );
| 
| char *yyget_text ( void );
| 
| int yyget_lineno ( void );
| 
| void yyset_lineno ( int _line_number  );
| 
| /* Macros after this point can all be overridden by user definitions in
|  * section 1.
|  */
| 
| #ifndef YY_SKIP_YYWRAP
| #ifdef __cplusplus
| extern "C" int yywrap ( void );
| #else
| extern int yywrap ( void );
| #endif
| #endif
| 
| #ifndef YY_NO_UNPUT
|     
|     static void yyunput ( int c, char *buf_ptr  );
|     
| #endif
| 
| #ifndef yytext_ptr
| static void yy_flex_strncpy ( char *, const char *, int );
| #endif
| 
| #ifdef YY_NEED_STRLEN
| static int yy_flex_strlen ( const char * );
| #endif
| 
| #ifndef YY_NO_INPUT
| #ifdef __cplusplus
| static int yyinput ( void );
| #else
| static int input ( void );
| #endif
| 
| #endif
| 
| /* Amount of stuff to slurp up with each read. */
| #ifndef YY_READ_BUF_SIZE
| #ifdef __ia64__
| /* On IA-64, the buffer size is 16k, not 8k */
| #define YY_READ_BUF_SIZE 16384
| #else
| #define YY_READ_BUF_SIZE 8192
| #endif /* __ia64__ */
| #endif
| 
| /* Copy whatever the last rule matched to the standard output. */
| #ifndef ECHO
| /* This used to be an fputs(), but since the string might contain NUL's,
|  * we now use fwrite().
|  */
| #define ECHO do { if (fwrite( yytext, (size_t) yyleng, 1, yyout )) {} } while (0)
| #endif
| 
| /* Gets input and stuffs it into "buf".  number of characters read, or YY_NULL,
|  * is returned in "result".
|  */
| #ifndef YY_INPUT
| #define YY_INPUT(buf,result,max_size) \
| 	if ( YY_CURRENT_BUFFER_LVALUE->yy_is_interactive ) \
| 		{ \
| 		int c = '*'; \
| 		int n; \
| 		for ( n = 0; n < max_size && \
| 			     (c = getc( yyin )) != EOF && c != '\n'; ++n ) \
| 			buf[n] = (char) c; \
| 		if ( c == '\n' ) \
| 			buf[n++] = (char) c; \
| 		if ( c == EOF && ferror( yyin ) ) \
| 			YY_FATAL_ERROR( "input in flex scanner failed" ); \
| 		result = n; \
| 		} \
| 	else \
| 		{ \
| 		errno=0; \
| 		while ( (result = (int) fread(buf, 1, (yy_size_t) max_size, yyin)) == 0 && ferror(yyin)) \
| 			{ \
| 			if( errno != EINTR) \
| 				{ \
| 				YY_FATAL_ERROR( "input in flex scanner failed" ); \
| 				break; \
| 				} \
| 			errno=0; \
| 			clearerr(yyin); \
| 			} \
| 		}\
| \
| 
| #endif
| 
| /* No semi-colon after return; correct usage is to write "yyterminate();" -
|  * we don't want an extra ';' after the "return" because that will cause
|  * some compilers to complain about unreachable statements.
|  */
| #ifndef yyterminate
| #define yyterminate() return YY_NULL
| #endif
| 
| /* Number of entries by which start-condition stack grows. */
| #ifndef YY_START_STACK_INCR
| #define YY_START_STACK_INCR 25
| #endif
| 
| /* Report a fatal error. */
| #ifndef YY_FATAL_ERROR
| #define YY_FATAL_ERROR(msg) yy_fatal_error( msg )
| #endif
| 
| /* end tables serialization structures and prototypes */
| 
| /* Default declaration of generated scanner - a define so the user can
|  * easily add parameters.
|  */
| #ifndef YY_DECL
| #define YY_DECL_IS_OURS 1
| 
| extern int yylex (void);
| 
| #define YY_DECL int yylex (void)
| #endif /* !YY_DECL */
| 
| /* Code executed at the beginning of each rule, after yytext and yyleng
|  * have been set up.
|  */
| #ifndef YY_USER_ACTION
| #define YY_USER_ACTION
| #endif
| 
| /* Code executed at the end of each rule. */
| #ifndef YY_BREAK
| #define YY_BREAK /*LINTED*/break;
| #endif
| 
| #define YY_RULE_SETUP \
| 	YY_USER_ACTION
| 
| /** The main scanner function which does all the work.
|  */
| YY_DECL
| {
| 	yy_state_type yy_current_state;
| 	char *yy_cp, *yy_bp;
| 	int yy_act;
|     
| 	if ( !(yy_init) )
| 		{
| 		(yy_init) = 1;
| 
| #ifdef YY_USER_INIT
| 		YY_USER_INIT;
| #endif
| 
|         /* Create the reject buffer large enough to save one state per allowed character. */
|         if ( ! (yy_state_buf) )
|             (yy_state_buf) = (yy_state_type *)yyalloc(YY_STATE_BUF_SIZE  );
|             if ( ! (yy_state_buf) )
|                 YY_FATAL_ERROR( "out of dynamic memory in yylex()" );
| 
| 		if ( ! (yy_start) )
| 			(yy_start) = 1;	/* first start state */
| 
| 		if ( ! yyin )
| 			yyin = stdin;
| 
| 		if ( ! yyout )
| 			yyout = stdout;
| 
| 		if ( ! YY_CURRENT_BUFFER ) {
| 			yyensure_buffer_stack ();
| 			YY_CURRENT_BUFFER_LVALUE =
| 				yy_create_buffer( yyin, YY_BUF_SIZE );
| 		}
| 
| 		yy_load_buffer_state(  );
| 		}
| 
| 	{
| #line 1 "conftest.l"
| 
| #line 685 "lex.yy.c"
| 
| 	while ( /*CONSTCOND*/1 )		/* loops until end-of-file is reached */
| 		{
| 		(yy_more_len) = 0;
| 		if ( (yy_more_flag) )
| 			{
| 			(yy_more_len) = (int) ((yy_c_buf_p) - (yytext_ptr));
| 			(yy_more_flag) = 0;
| 			}
| 		yy_cp = (yy_c_buf_p);
| 
| 		/* Support of yytext. */
| 		*yy_cp = (yy_hold_char);
| 
| 		/* yy_bp points to the position in yy_ch_buf of the start of
| 		 * the current run.
| 		 */
| 		yy_bp = yy_cp;
| 
| 		yy_current_state = (yy_start);
| 
| 		(yy_state_ptr) = (yy_state_buf);
| 		*(yy_state_ptr)++ = yy_current_state;
| 
| yy_match:
| 		do
| 			{
| 			YY_CHAR yy_c = yy_ec[YY_SC_TO_UI(*yy_cp)] ;
| 			while ( yy_chk[yy_base[yy_current_state] + yy_c] != yy_current_state )
| 				{
| 				yy_current_state = (int) yy_def[yy_current_state];
| 				if ( yy_current_state >= 13 )
| 					yy_c = yy_meta[yy_c];
| 				}
| 			yy_current_state = yy_nxt[yy_base[yy_current_state] + yy_c];
| 			*(yy_state_ptr)++ = yy_current_state;
| 			++yy_cp;
| 			}
| 		while ( yy_base[yy_current_state] != 10 );
| 
| yy_find_action:
| 		yy_current_state = *--(yy_state_ptr);
| 		(yy_lp) = yy_accept[yy_current_state];
| 
| find_rule: /* we branch to this label when backing up */
| 
| 		for ( ; ; ) /* until we find what rule we matched */
| 			{
| 			if ( (yy_lp) && (yy_lp) < yy_accept[yy_current_state + 1] )
| 				{
| 				yy_act = yy_acclist[(yy_lp)];
| 					{
| 					(yy_full_match) = yy_cp;
| 					break;
| 					}
| 				}
| 			--yy_cp;
| 			yy_current_state = *--(yy_state_ptr);
| 			(yy_lp) = yy_accept[yy_current_state];
| 			}
| 
| 		YY_DO_BEFORE_ACTION;
| 
| do_action:	/* This label is used only to access EOF actions. */
| 
| 		switch ( yy_act )
| 	{ /* beginning of action switch */
| case 1:
| YY_RULE_SETUP
| #line 2 "conftest.l"
| { ECHO; }
| 	YY_BREAK
| case 2:
| YY_RULE_SETUP
| #line 3 "conftest.l"
| { REJECT; }
| 	YY_BREAK
| case 3:
| YY_RULE_SETUP
| #line 4 "conftest.l"
| { yymore (); }
| 	YY_BREAK
| case 4:
| YY_RULE_SETUP
| #line 5 "conftest.l"
| { yyless (1); }
| 	YY_BREAK
| case 5:
| YY_RULE_SETUP
| #line 6 "conftest.l"
| { /* IRIX 6.5 flex 2.5.4 underquotes its yyless argument.  */
|     yyless ((input () != 0)); }
| 	YY_BREAK
| case 6:
| YY_RULE_SETUP
| #line 8 "conftest.l"
| { unput (yytext[0]); }
| 	YY_BREAK
| case 7:
| YY_RULE_SETUP
| #line 9 "conftest.l"
| { BEGIN INITIAL; }
| 	YY_BREAK
| case 8:
| YY_RULE_SETUP
| #line 10 "conftest.l"
| ECHO;
| 	YY_BREAK
| #line 794 "lex.yy.c"
| 			case YY_STATE_EOF(INITIAL):
| 				yyterminate();
| 
| 	case YY_END_OF_BUFFER:
| 		{
| 		/* Amount of text matched not including the EOB char. */
| 		int yy_amount_of_matched_text = (int) (yy_cp - (yytext_ptr)) - 1;
| 
| 		/* Undo the effects of YY_DO_BEFORE_ACTION. */
| 		*yy_cp = (yy_hold_char);
| 		YY_RESTORE_YY_MORE_OFFSET
| 
| 		if ( YY_CURRENT_BUFFER_LVALUE->yy_buffer_status == YY_BUFFER_NEW )
| 			{
| 			/* We're scanning a new file or input source.  It's
| 			 * possible that this happened because the user
| 			 * just pointed yyin at a new source and called
| 			 * yylex().  If so, then we have to assure
| 			 * consistency between YY_CURRENT_BUFFER and our
| 			 * globals.  Here is the right place to do so, because
| 			 * this is the first action (other than possibly a
| 			 * back-up) that will match for the new input source.
| 			 */
| 			(yy_n_chars) = YY_CURRENT_BUFFER_LVALUE->yy_n_chars;
| 			YY_CURRENT_BUFFER_LVALUE->yy_input_file = yyin;
| 			YY_CURRENT_BUFFER_LVALUE->yy_buffer_status = YY_BUFFER_NORMAL;
| 			}
| 
| 		/* Note that here we test for yy_c_buf_p "<=" to the position
| 		 * of the first EOB in the buffer, since yy_c_buf_p will
| 		 * already have been incremented past the NUL character
| 		 * (since all states make transitions on EOB to the
| 		 * end-of-buffer state).  Contrast this with the test
| 		 * in input().
| 		 */
| 		if ( (yy_c_buf_p) <= &YY_CURRENT_BUFFER_LVALUE->yy_ch_buf[(yy_n_chars)] )
| 			{ /* This was really a NUL. */
| 			yy_state_type yy_next_state;
| 
| 			(yy_c_buf_p) = (yytext_ptr) + yy_amount_of_matched_text;
| 
| 			yy_current_state = yy_get_previous_state(  );
| 
| 			/* Okay, we're now positioned to make the NUL
| 			 * transition.  We couldn't have
| 			 * yy_get_previous_state() go ahead and do it
| 			 * for us because it doesn't know how to deal
| 			 * with the possibility of jamming (and we don't
| 			 * want to build jamming into it because then it
| 			 * will run more slowly).
| 			 */
| 
| 			yy_next_state = yy_try_NUL_trans( yy_current_state );
| 
| 			yy_bp = (yytext_ptr) + YY_MORE_ADJ;
| 
| 			if ( yy_next_state )
| 				{
| 				/* Consume the NUL. */
| 				yy_cp = ++(yy_c_buf_p);
| 				yy_current_state = yy_next_state;
| 				goto yy_match;
| 				}
| 
| 			else
| 				{
| 				yy_cp = (yy_c_buf_p);
| 				goto yy_find_action;
| 				}
| 			}
| 
| 		else switch ( yy_get_next_buffer(  ) )
| 			{
| 			case EOB_ACT_END_OF_FILE:
| 				{
| 				(yy_did_buffer_switch_on_eof) = 0;
| 
| 				if ( yywrap(  ) )
| 					{
| 					/* Note: because we've taken care in
| 					 * yy_get_next_buffer() to have set up
| 					 * yytext, we can now set up
| 					 * yy_c_buf_p so that if some total
| 					 * hoser (like flex itself) wants to
| 					 * call the scanner after we return the
| 					 * YY_NULL, it'll still work - another
| 					 * YY_NULL will get returned.
| 					 */
| 					(yy_c_buf_p) = (yytext_ptr) + YY_MORE_ADJ;
| 
| 					yy_act = YY_STATE_EOF(YY_START);
| 					goto do_action;
| 					}
| 
| 				else
| 					{
| 					if ( ! (yy_did_buffer_switch_on_eof) )
| 						YY_NEW_FILE;
| 					}
| 				break;
| 				}
| 
| 			case EOB_ACT_CONTINUE_SCAN:
| 				(yy_c_buf_p) =
| 					(yytext_ptr) + yy_amount_of_matched_text;
| 
| 				yy_current_state = yy_get_previous_state(  );
| 
| 				yy_cp = (yy_c_buf_p);
| 				yy_bp = (yytext_ptr) + YY_MORE_ADJ;
| 				goto yy_match;
| 
| 			case EOB_ACT_LAST_MATCH:
| 				(yy_c_buf_p) =
| 				&YY_CURRENT_BUFFER_LVALUE->yy_ch_buf[(yy_n_chars)];
| 
| 				yy_current_state = yy_get_previous_state(  );
| 
| 				yy_cp = (yy_c_buf_p);
| 				yy_bp = (yytext_ptr) + YY_MORE_ADJ;
| 				goto yy_find_action;
| 			}
| 		break;
| 		}
| 
| 	default:
| 		YY_FATAL_ERROR(
| 			"fatal flex scanner internal error--no action found" );
| 	} /* end of action switch */
| 		} /* end of scanning one token */
| 	} /* end of user's declarations */
| } /* end of yylex */
| 
| /* yy_get_next_buffer - try to read in a new buffer
|  *
|  * Returns a code representing an action:
|  *	EOB_ACT_LAST_MATCH -
|  *	EOB_ACT_CONTINUE_SCAN - continue scanning from current position
|  *	EOB_ACT_END_OF_FILE - end of file
|  */
| static int yy_get_next_buffer (void)
| {
|     	char *dest = YY_CURRENT_BUFFER_LVALUE->yy_ch_buf;
| 	char *source = (yytext_ptr);
| 	int number_to_move, i;
| 	int ret_val;
| 
| 	if ( (yy_c_buf_p) > &YY_CURRENT_BUFFER_LVALUE->yy_ch_buf[(yy_n_chars) + 1] )
| 		YY_FATAL_ERROR(
| 		"fatal flex scanner internal error--end of buffer missed" );
| 
| 	if ( YY_CURRENT_BUFFER_LVALUE->yy_fill_buffer == 0 )
| 		{ /* Don't try to fill the buffer, so this is an EOF. */
| 		if ( (yy_c_buf_p) - (yytext_ptr) - YY_MORE_ADJ == 1 )
| 			{
| 			/* We matched a single character, the EOB, so
| 			 * treat this as a final EOF.
| 			 */
| 			return EOB_ACT_END_OF_FILE;
| 			}
| 
| 		else
| 			{
| 			/* We matched some text prior to the EOB, first
| 			 * process it.
| 			 */
| 			return EOB_ACT_LAST_MATCH;
| 			}
| 		}
| 
| 	/* Try to read more data. */
| 
| 	/* First move last chars to start of buffer. */
| 	number_to_move = (int) ((yy_c_buf_p) - (yytext_ptr) - 1);
| 
| 	for ( i = 0; i < number_to_move; ++i )
| 		*(dest++) = *(source++);
| 
| 	if ( YY_CURRENT_BUFFER_LVALUE->yy_buffer_status == YY_BUFFER_EOF_PENDING )
| 		/* don't do the read, it's not guaranteed to return an EOF,
| 		 * just force an EOF
| 		 */
| 		YY_CURRENT_BUFFER_LVALUE->yy_n_chars = (yy_n_chars) = 0;
| 
| 	else
| 		{
| 			int num_to_read =
| 			YY_CURRENT_BUFFER_LVALUE->yy_buf_size - number_to_move - 1;
| 
| 		while ( num_to_read <= 0 )
| 			{ /* Not enough room in the buffer - grow it. */
| 
| 			YY_FATAL_ERROR(
| "input buffer overflow, can't enlarge buffer because scanner uses REJECT" );
| 
| 			}
| 
| 		if ( num_to_read > YY_READ_BUF_SIZE )
| 			num_to_read = YY_READ_BUF_SIZE;
| 
| 		/* Read in more data. */
| 		YY_INPUT( (&YY_CURRENT_BUFFER_LVALUE->yy_ch_buf[number_to_move]),
| 			(yy_n_chars), num_to_read );
| 
| 		YY_CURRENT_BUFFER_LVALUE->yy_n_chars = (yy_n_chars);
| 		}
| 
| 	if ( (yy_n_chars) == 0 )
| 		{
| 		if ( number_to_move == YY_MORE_ADJ )
| 			{
| 			ret_val = EOB_ACT_END_OF_FILE;
| 			yyrestart( yyin  );
| 			}
| 
| 		else
| 			{
| 			ret_val = EOB_ACT_LAST_MATCH;
| 			YY_CURRENT_BUFFER_LVALUE->yy_buffer_status =
| 				YY_BUFFER_EOF_PENDING;
| 			}
| 		}
| 
| 	else
| 		ret_val = EOB_ACT_CONTINUE_SCAN;
| 
| 	if (((yy_n_chars) + number_to_move) > YY_CURRENT_BUFFER_LVALUE->yy_buf_size) {
| 		/* Extend the array by 50%, plus the number we really need. */
| 		int new_size = (yy_n_chars) + number_to_move + ((yy_n_chars) >> 1);
| 		YY_CURRENT_BUFFER_LVALUE->yy_ch_buf = (char *) yyrealloc(
| 			(void *) YY_CURRENT_BUFFER_LVALUE->yy_ch_buf, (yy_size_t) new_size  );
| 		if ( ! YY_CURRENT_BUFFER_LVALUE->yy_ch_buf )
| 			YY_FATAL_ERROR( "out of dynamic memory in yy_get_next_buffer()" );
| 		/* "- 2" to take care of EOB's */
| 		YY_CURRENT_BUFFER_LVALUE->yy_buf_size = (int) (new_size - 2);
| 	}
| 
| 	(yy_n_chars) += number_to_move;
| 	YY_CURRENT_BUFFER_LVALUE->yy_ch_buf[(yy_n_chars)] = YY_END_OF_BUFFER_CHAR;
| 	YY_CURRENT_BUFFER_LVALUE->yy_ch_buf[(yy_n_chars) + 1] = YY_END_OF_BUFFER_CHAR;
| 
| 	(yytext_ptr) = &YY_CURRENT_BUFFER_LVALUE->yy_ch_buf[0];
| 
| 	return ret_val;
| }
| 
| /* yy_get_previous_state - get the state just before the EOB char was reached */
| 
|     static yy_state_type yy_get_previous_state (void)
| {
| 	yy_state_type yy_current_state;
| 	char *yy_cp;
|     
| 	yy_current_state = (yy_start);
| 
| 	(yy_state_ptr) = (yy_state_buf);
| 	*(yy_state_ptr)++ = yy_current_state;
| 
| 	for ( yy_cp = (yytext_ptr) + YY_MORE_ADJ; yy_cp < (yy_c_buf_p); ++yy_cp )
| 		{
| 		YY_CHAR yy_c = (*yy_cp ? yy_ec[YY_SC_TO_UI(*yy_cp)] : 1);
| 		while ( yy_chk[yy_base[yy_current_state] + yy_c] != yy_current_state )
| 			{
| 			yy_current_state = (int) yy_def[yy_current_state];
| 			if ( yy_current_state >= 13 )
| 				yy_c = yy_meta[yy_c];
| 			}
| 		yy_current_state = yy_nxt[yy_base[yy_current_state] + yy_c];
| 		*(yy_state_ptr)++ = yy_current_state;
| 		}
| 
| 	return yy_current_state;
| }
| 
| /* yy_try_NUL_trans - try to make a transition on the NUL character
|  *
|  * synopsis
|  *	next_state = yy_try_NUL_trans( current_state );
|  */
|     static yy_state_type yy_try_NUL_trans  (yy_state_type yy_current_state )
| {
| 	int yy_is_jam;
|     
| 	YY_CHAR yy_c = 1;
| 	while ( yy_chk[yy_base[yy_current_state] + yy_c] != yy_current_state )
| 		{
| 		yy_current_state = (int) yy_def[yy_current_state];
| 		if ( yy_current_state >= 13 )
| 			yy_c = yy_meta[yy_c];
| 		}
| 	yy_current_state = yy_nxt[yy_base[yy_current_state] + yy_c];
| 	yy_is_jam = (yy_current_state == 12);
| 	if ( ! yy_is_jam )
| 		*(yy_state_ptr)++ = yy_current_state;
| 
| 		return yy_is_jam ? 0 : yy_current_state;
| }
| 
| #ifndef YY_NO_UNPUT
| 
|     static void yyunput (int c, char * yy_bp )
| {
| 	char *yy_cp;
|     
|     yy_cp = (yy_c_buf_p);
| 
| 	/* undo effects of setting up yytext */
| 	*yy_cp = (yy_hold_char);
| 
| 	if ( yy_cp < YY_CURRENT_BUFFER_LVALUE->yy_ch_buf + 2 )
| 		{ /* need to shift things up to make room */
| 		/* +2 for EOB chars. */
| 		int number_to_move = (yy_n_chars) + 2;
| 		char *dest = &YY_CURRENT_BUFFER_LVALUE->yy_ch_buf[
| 					YY_CURRENT_BUFFER_LVALUE->yy_buf_size + 2];
| 		char *source =
| 				&YY_CURRENT_BUFFER_LVALUE->yy_ch_buf[number_to_move];
| 
| 		while ( source > YY_CURRENT_BUFFER_LVALUE->yy_ch_buf )
| 			*--dest = *--source;
| 
| 		yy_cp += (int) (dest - source);
| 		yy_bp += (int) (dest - source);
| 		YY_CURRENT_BUFFER_LVALUE->yy_n_chars =
| 			(yy_n_chars) = (int) YY_CURRENT_BUFFER_LVALUE->yy_buf_size;
| 
| 		if ( yy_cp < YY_CURRENT_BUFFER_LVALUE->yy_ch_buf + 2 )
| 			YY_FATAL_ERROR( "flex scanner push-back overflow" );
| 		}
| 
| 	*--yy_cp = (char) c;
| 
| 	(yytext_ptr) = yy_bp;
| 	(yy_hold_char) = *yy_cp;
| 	(yy_c_buf_p) = yy_cp;
| }
| 
| #endif
| 
| #ifndef YY_NO_INPUT
| #ifdef __cplusplus
|     static int yyinput (void)
| #else
|     static int input  (void)
| #endif
| 
| {
| 	int c;
|     
| 	*(yy_c_buf_p) = (yy_hold_char);
| 
| 	if ( *(yy_c_buf_p) == YY_END_OF_BUFFER_CHAR )
| 		{
| 		/* yy_c_buf_p now points to the character we want to return.
| 		 * If this occurs *before* the EOB characters, then it's a
| 		 * valid NUL; if not, then we've hit the end of the buffer.
| 		 */
| 		if ( (yy_c_buf_p) < &YY_CURRENT_BUFFER_LVALUE->yy_ch_buf[(yy_n_chars)] )
| 			/* This was really a NUL. */
| 			*(yy_c_buf_p) = '\0';
| 
| 		else
| 			{ /* need more input */
| 			int offset = (int) ((yy_c_buf_p) - (yytext_ptr));
| 			++(yy_c_buf_p);
| 
| 			switch ( yy_get_next_buffer(  ) )
| 				{
| 				case EOB_ACT_LAST_MATCH:
| 					/* This happens because yy_g_n_b()
| 					 * sees that we've accumulated a
| 					 * token and flags that we need to
| 					 * try matching the token before
| 					 * proceeding.  But for input(),
| 					 * there's no matching to consider.
| 					 * So convert the EOB_ACT_LAST_MATCH
| 					 * to EOB_ACT_END_OF_FILE.
| 					 */
| 
| 					/* Reset buffer status. */
| 					yyrestart( yyin );
| 
| 					/*FALLTHROUGH*/
| 
| 				case EOB_ACT_END_OF_FILE:
| 					{
| 					if ( yywrap(  ) )
| 						return 0;
| 
| 					if ( ! (yy_did_buffer_switch_on_eof) )
| 						YY_NEW_FILE;
| #ifdef __cplusplus
| 					return yyinput();
| #else
| 					return input();
| #endif
| 					}
| 
| 				case EOB_ACT_CONTINUE_SCAN:
| 					(yy_c_buf_p) = (yytext_ptr) + offset;
| 					break;
| 				}
| 			}
| 		}
| 
| 	c = *(unsigned char *) (yy_c_buf_p);	/* cast for 8-bit char's */
| 	*(yy_c_buf_p) = '\0';	/* preserve yytext */
| 	(yy_hold_char) = *++(yy_c_buf_p);
| 
| 	return c;
| }
| #endif	/* ifndef YY_NO_INPUT */
| 
| /** Immediately switch to a different input stream.
|  * @param input_file A readable stream.
|  * 
|  * @note This function does not reset the start condition to @c INITIAL .
|  */
|     void yyrestart  (FILE * input_file )
| {
|     
| 	if ( ! YY_CURRENT_BUFFER ){
|         yyensure_buffer_stack ();
| 		YY_CURRENT_BUFFER_LVALUE =
|             yy_create_buffer( yyin, YY_BUF_SIZE );
| 	}
| 
| 	yy_init_buffer( YY_CURRENT_BUFFER, input_file );
| 	yy_load_buffer_state(  );
| }
| 
| /** Switch to a different input buffer.
|  * @param new_buffer The new input buffer.
|  * 
|  */
|     void yy_switch_to_buffer  (YY_BUFFER_STATE  new_buffer )
| {
|     
| 	/* TODO. We should be able to replace this entire function body
| 	 * with
| 	 *		yypop_buffer_state();
| 	 *		yypush_buffer_state(new_buffer);
|      */
| 	yyensure_buffer_stack ();
| 	if ( YY_CURRENT_BUFFER == new_buffer )
| 		return;
| 
| 	if ( YY_CURRENT_BUFFER )
| 		{
| 		/* Flush out information for old buffer. */
| 		*(yy_c_buf_p) = (yy_hold_char);
| 		YY_CURRENT_BUFFER_LVALUE->yy_buf_pos = (yy_c_buf_p);
| 		YY_CURRENT_BUFFER_LVALUE->yy_n_chars = (yy_n_chars);
| 		}
| 
| 	YY_CURRENT_BUFFER_LVALUE = new_buffer;
| 	yy_load_buffer_state(  );
| 
| 	/* We don't actually know whether we did this switch during
| 	 * EOF (yywrap()) processing, but the only time this flag
| 	 * is looked at is after yywrap() is called, so it's safe
| 	 * to go ahead and always set it.
| 	 */
| 	(yy_did_buffer_switch_on_eof) = 1;
| }
| 
| static void yy_load_buffer_state  (void)
| {
|     	(yy_n_chars) = YY_CURRENT_BUFFER_LVALUE->yy_n_chars;
| 	(yytext_ptr) = (yy_c_buf_p) = YY_CURRENT_BUFFER_LVALUE->yy_buf_pos;
| 	yyin = YY_CURRENT_BUFFER_LVALUE->yy_input_file;
| 	(yy_hold_char) = *(yy_c_buf_p);
| }
| 
| /** Allocate and initialize an input buffer state.
|  * @param file A readable stream.
|  * @param size The character buffer size in bytes. When in doubt, use @c YY_BUF_SIZE.
|  * 
|  * @return the allocated buffer state.
|  */
|     YY_BUFFER_STATE yy_create_buffer  (FILE * file, int  size )
| {
| 	YY_BUFFER_STATE b;
|     
| 	b = (YY_BUFFER_STATE) yyalloc( sizeof( struct yy_buffer_state )  );
| 	if ( ! b )
| 		YY_FATAL_ERROR( "out of dynamic memory in yy_create_buffer()" );
| 
| 	b->yy_buf_size = size;
| 
| 	/* yy_ch_buf has to be 2 characters longer than the size given because
| 	 * we need to put in 2 end-of-buffer characters.
| 	 */
| 	b->yy_ch_buf = (char *) yyalloc( (yy_size_t) (b->yy_buf_size + 2)  );
| 	if ( ! b->yy_ch_buf )
| 		YY_FATAL_ERROR( "out of dynamic memory in yy_create_buffer()" );
| 
| 	b->yy_is_our_buffer = 1;
| 
| 	yy_init_buffer( b, file );
| 
| 	return b;
| }
| 
| /** Destroy the buffer.
|  * @param b a buffer created with yy_create_buffer()
|  * 
|  */
|     void yy_delete_buffer (YY_BUFFER_STATE  b )
| {
|     
| 	if ( ! b )
| 		return;
| 
| 	if ( b == YY_CURRENT_BUFFER ) /* Not sure if we should pop here. */
| 		YY_CURRENT_BUFFER_LVALUE = (YY_BUFFER_STATE) 0;
| 
| 	if ( b->yy_is_our_buffer )
| 		yyfree( (void *) b->yy_ch_buf  );
| 
| 	yyfree( (void *) b  );
| }
| 
| /* Initializes or reinitializes a buffer.
|  * This function is sometimes called more than once on the same buffer,
|  * such as during a yyrestart() or at EOF.
|  */
|     static void yy_init_buffer  (YY_BUFFER_STATE  b, FILE * file )
| 
| {
| 	int oerrno = errno;
|     
| 	yy_flush_buffer( b );
| 
| 	b->yy_input_file = file;
| 	b->yy_fill_buffer = 1;
| 
|     /* If b is the current buffer, then yy_init_buffer was _probably_
|      * called from yyrestart() or through yy_get_next_buffer.
|      * In that case, we don't want to reset the lineno or column.
|      */
|     if (b != YY_CURRENT_BUFFER){
|         b->yy_bs_lineno = 1;
|         b->yy_bs_column = 0;
|     }
| 
|         b->yy_is_interactive = file ? (isatty( fileno(file) ) > 0) : 0;
|     
| 	errno = oerrno;
| }
| 
| /** Discard all buffered characters. On the next scan, YY_INPUT will be called.
|  * @param b the buffer state to be flushed, usually @c YY_CURRENT_BUFFER.
|  * 
|  */
|     void yy_flush_buffer (YY_BUFFER_STATE  b )
| {
|     	if ( ! b )
| 		return;
| 
| 	b->yy_n_chars = 0;
| 
| 	/* We always need two end-of-buffer characters.  The first causes
| 	 * a transition to the end-of-buffer state.  The second causes
| 	 * a jam in that state.
| 	 */
| 	b->yy_ch_buf[0] = YY_END_OF_BUFFER_CHAR;
| 	b->yy_ch_buf[1] = YY_END_OF_BUFFER_CHAR;
| 
| 	b->yy_buf_pos = &b->yy_ch_buf[0];
| 
| 	b->yy_at_bol = 1;
| 	b->yy_buffer_status = YY_BUFFER_NEW;
| 
| 	if ( b == YY_CURRENT_BUFFER )
| 		yy_load_buffer_state(  );
| }
| 
| /** Pushes the new state onto the stack. The new state becomes
|  *  the current state. This function will allocate the stack
|  *  if necessary.
|  *  @param new_buffer The new state.
|  *  
|  */
| void yypush_buffer_state (YY_BUFFER_STATE new_buffer )
| {
|     	if (new_buffer == NULL)
| 		return;
| 
| 	yyensure_buffer_stack();
| 
| 	/* This block is copied from yy_switch_to_buffer. */
| 	if ( YY_CURRENT_BUFFER )
| 		{
| 		/* Flush out information for old buffer. */
| 		*(yy_c_buf_p) = (yy_hold_char);
| 		YY_CURRENT_BUFFER_LVALUE->yy_buf_pos = (yy_c_buf_p);
| 		YY_CURRENT_BUFFER_LVALUE->yy_n_chars = (yy_n_chars);
| 		}
| 
| 	/* Only push if top exists. Otherwise, replace top. */
| 	if (YY_CURRENT_BUFFER)
| 		(yy_buffer_stack_top)++;
| 	YY_CURRENT_BUFFER_LVALUE = new_buffer;
| 
| 	/* copied from yy_switch_to_buffer. */
| 	yy_load_buffer_state(  );
| 	(yy_did_buffer_switch_on_eof) = 1;
| }
| 
| /** Removes and deletes the top of the stack, if present.
|  *  The next element becomes the new top.
|  *  
|  */
| void yypop_buffer_state (void)
| {
|     	if (!YY_CURRENT_BUFFER)
| 		return;
| 
| 	yy_delete_buffer(YY_CURRENT_BUFFER );
| 	YY_CURRENT_BUFFER_LVALUE = NULL;
| 	if ((yy_buffer_stack_top) > 0)
| 		--(yy_buffer_stack_top);
| 
| 	if (YY_CURRENT_BUFFER) {
| 		yy_load_buffer_state(  );
| 		(yy_did_buffer_switch_on_eof) = 1;
| 	}
| }
| 
| /* Allocates the stack if it does not exist.
|  *  Guarantees space for at least one push.
|  */
| static void yyensure_buffer_stack (void)
| {
| 	yy_size_t num_to_alloc;
|     
| 	if (!(yy_buffer_stack)) {
| 
| 		/* First allocation is just for 2 elements, since we don't know if this
| 		 * scanner will even need a stack. We use 2 instead of 1 to avoid an
| 		 * immediate realloc on the next call.
|          */
|       num_to_alloc = 1; /* After all that talk, this was set to 1 anyways... */
| 		(yy_buffer_stack) = (struct yy_buffer_state**)yyalloc
| 								(num_to_alloc * sizeof(struct yy_buffer_state*)
| 								);
| 		if ( ! (yy_buffer_stack) )
| 			YY_FATAL_ERROR( "out of dynamic memory in yyensure_buffer_stack()" );
| 
| 		memset((yy_buffer_stack), 0, num_to_alloc * sizeof(struct yy_buffer_state*));
| 
| 		(yy_buffer_stack_max) = num_to_alloc;
| 		(yy_buffer_stack_top) = 0;
| 		return;
| 	}
| 
| 	if ((yy_buffer_stack_top) >= ((yy_buffer_stack_max)) - 1){
| 
| 		/* Increase the buffer to prepare for a possible push. */
| 		yy_size_t grow_size = 8 /* arbitrary grow size */;
| 
| 		num_to_alloc = (yy_buffer_stack_max) + grow_size;
| 		(yy_buffer_stack) = (struct yy_buffer_state**)yyrealloc
| 								((yy_buffer_stack),
| 								num_to_alloc * sizeof(struct yy_buffer_state*)
| 								);
| 		if ( ! (yy_buffer_stack) )
| 			YY_FATAL_ERROR( "out of dynamic memory in yyensure_buffer_stack()" );
| 
| 		/* zero only the new slots.*/
| 		memset((yy_buffer_stack) + (yy_buffer_stack_max), 0, grow_size * sizeof(struct yy_buffer_state*));
| 		(yy_buffer_stack_max) = num_to_alloc;
| 	}
| }
| 
| /** Setup the input buffer state to scan directly from a user-specified character buffer.
|  * @param base the character buffer
|  * @param size the size in bytes of the character buffer
|  * 
|  * @return the newly allocated buffer state object.
|  */
| YY_BUFFER_STATE yy_scan_buffer  (char * base, yy_size_t  size )
| {
| 	YY_BUFFER_STATE b;
|     
| 	if ( size < 2 ||
| 	     base[size-2] != YY_END_OF_BUFFER_CHAR ||
| 	     base[size-1] != YY_END_OF_BUFFER_CHAR )
| 		/* They forgot to leave room for the EOB's. */
| 		return NULL;
| 
| 	b = (YY_BUFFER_STATE) yyalloc( sizeof( struct yy_buffer_state )  );
| 	if ( ! b )
| 		YY_FATAL_ERROR( "out of dynamic memory in yy_scan_buffer()" );
| 
| 	b->yy_buf_size = (int) (size - 2);	/* "- 2" to take care of EOB's */
| 	b->yy_buf_pos = b->yy_ch_buf = base;
| 	b->yy_is_our_buffer = 0;
| 	b->yy_input_file = NULL;
| 	b->yy_n_chars = b->yy_buf_size;
| 	b->yy_is_interactive = 0;
| 	b->yy_at_bol = 1;
| 	b->yy_fill_buffer = 0;
| 	b->yy_buffer_status = YY_BUFFER_NEW;
| 
| 	yy_switch_to_buffer( b  );
| 
| 	return b;
| }
| 
| /** Setup the input buffer state to scan a string. The next call to yylex() will
|  * scan from a @e copy of @a str.
|  * @param yystr a NUL-terminated string to scan
|  * 
|  * @return the newly allocated buffer state object.
|  * @note If you want to scan bytes that may contain NUL values, then use
|  *       yy_scan_bytes() instead.
|  */
| YY_BUFFER_STATE yy_scan_string (const char * yystr )
| {
|     
| 	return yy_scan_bytes( yystr, (int) strlen(yystr) );
| }
| 
| /** Setup the input buffer state to scan the given bytes. The next call to yylex() will
|  * scan from a @e copy of @a bytes.
|  * @param yybytes the byte buffer to scan
|  * @param _yybytes_len the number of bytes in the buffer pointed to by @a bytes.
|  * 
|  * @return the newly allocated buffer state object.
|  */
| YY_BUFFER_STATE yy_scan_bytes  (const char * yybytes, int  _yybytes_len )
| {
| 	YY_BUFFER_STATE b;
| 	char *buf;
| 	yy_size_t n;
| 	int i;
|     
| 	/* Get memory for full buffer, including space for trailing EOB's. */
| 	n = (yy_size_t) (_yybytes_len + 2);
| 	buf = (char *) yyalloc( n  );
| 	if ( ! buf )
| 		YY_FATAL_ERROR( "out of dynamic memory in yy_scan_bytes()" );
| 
| 	for ( i = 0; i < _yybytes_len; ++i )
| 		buf[i] = yybytes[i];
| 
| 	buf[_yybytes_len] = buf[_yybytes_len+1] = YY_END_OF_BUFFER_CHAR;
| 
| 	b = yy_scan_buffer( buf, n );
| 	if ( ! b )
| 		YY_FATAL_ERROR( "bad buffer in yy_scan_bytes()" );
| 
| 	/* It's okay to grow etc. this buffer, and we should throw it
| 	 * away when we're done.
| 	 */
| 	b->yy_is_our_buffer = 1;
| 
| 	return b;
| }
| 
| #ifndef YY_EXIT_FAILURE
| #define YY_EXIT_FAILURE 2
| #endif
| 
| static void yynoreturn yy_fatal_error (const char* msg )
| {
| 			fprintf( stderr, "%s\n", msg );
| 	exit( YY_EXIT_FAILURE );
| }
| 
| /* Redefine yyless() so it works in section 3 code. */
| 
| #undef yyless
| #define yyless(n) \
| 	do \
| 		{ \
| 		/* Undo effects of setting up yytext. */ \
|         int yyless_macro_arg = (n); \
|         YY_LESS_LINENO(yyless_macro_arg);\
| 		yytext[yyleng] = (yy_hold_char); \
| 		(yy_c_buf_p) = yytext + yyless_macro_arg; \
| 		(yy_hold_char) = *(yy_c_buf_p); \
| 		*(yy_c_buf_p) = '\0'; \
| 		yyleng = yyless_macro_arg; \
| 		} \
| 	while ( 0 )
| 
| /* Accessor  methods (get/set functions) to struct members. */
| 
| /** Get the current line number.
|  * 
|  */
| int yyget_lineno  (void)
| {
|     
|     return yylineno;
| }
| 
| /** Get the input stream.
|  * 
|  */
| FILE *yyget_in  (void)
| {
|         return yyin;
| }
| 
| /** Get the output stream.
|  * 
|  */
| FILE *yyget_out  (void)
| {
|         return yyout;
| }
| 
| /** Get the length of the current token.
|  * 
|  */
| int yyget_leng  (void)
| {
|         return yyleng;
| }
| 
| /** Get the current token.
|  * 
|  */
| 
| char *yyget_text  (void)
| {
|         return yytext;
| }
| 
| /** Set the current line number.
|  * @param _line_number line number
|  * 
|  */
| void yyset_lineno (int  _line_number )
| {
|     
|     yylineno = _line_number;
| }
| 
| /** Set the input stream. This does not discard the current
|  * input buffer.
|  * @param _in_str A readable stream.
|  * 
|  * @see yy_switch_to_buffer
|  */
| void yyset_in (FILE *  _in_str )
| {
|         yyin = _in_str ;
| }
| 
| void yyset_out (FILE *  _out_str )
| {
|         yyout = _out_str ;
| }
| 
| int yyget_debug  (void)
| {
|         return yy_flex_debug;
| }
| 
| void yyset_debug (int  _bdebug )
| {
|         yy_flex_debug = _bdebug ;
| }
| 
| static int yy_init_globals (void)
| {
|         /* Initialization is the same as for the non-reentrant scanner.
|      * This function is called from yylex_destroy(), so don't allocate here.
|      */
| 
|     (yy_buffer_stack) = NULL;
|     (yy_buffer_stack_top) = 0;
|     (yy_buffer_stack_max) = 0;
|     (yy_c_buf_p) = NULL;
|     (yy_init) = 0;
|     (yy_start) = 0;
| 
|     (yy_state_buf) = 0;
|     (yy_state_ptr) = 0;
|     (yy_full_match) = 0;
|     (yy_lp) = 0;
| 
| /* Defined in main.c */
| #ifdef YY_STDINIT
|     yyin = stdin;
|     yyout = stdout;
| #else
|     yyin = NULL;
|     yyout = NULL;
| #endif
| 
|     /* For future reference: Set errno on error, since we are called by
|      * yylex_init()
|      */
|     return 0;
| }
| 
| /* yylex_destroy is for both reentrant and non-reentrant scanners. */
| int yylex_destroy  (void)
| {
|     
|     /* Pop the buffer stack, destroying each element. */
| 	while(YY_CURRENT_BUFFER){
| 		yy_delete_buffer( YY_CURRENT_BUFFER  );
| 		YY_CURRENT_BUFFER_LVALUE = NULL;
| 		yypop_buffer_state();
| 	}
| 
| 	/* Destroy the stack itself. */
| 	yyfree((yy_buffer_stack) );
| 	(yy_buffer_stack) = NULL;
| 
|     yyfree ( (yy_state_buf) );
|     (yy_state_buf)  = NULL;
| 
|     /* Reset the globals. This is important in a non-reentrant scanner so the next time
|      * yylex() is called, initialization will occur. */
|     yy_init_globals( );
| 
|     return 0;
| }
| 
| /*
|  * Internal utility routines.
|  */
| 
| #ifndef yytext_ptr
| static void yy_flex_strncpy (char* s1, const char * s2, int n )
| {
| 		
| 	int i;
| 	for ( i = 0; i < n; ++i )
| 		s1[i] = s2[i];
| }
| #endif
| 
| #ifdef YY_NEED_STRLEN
| static int yy_flex_strlen (const char * s )
| {
| 	int n;
| 	for ( n = 0; s[n]; ++n )
| 		;
| 
| 	return n;
| }
| #endif
| 
| void *yyalloc (yy_size_t  size )
| {
| 			return malloc(size);
| }
| 
| void *yyrealloc  (void * ptr, yy_size_t  size )
| {
| 		
| 	/* The cast to (char *) in the following accommodates both
| 	 * implementations that use char* generic pointers, and those
| 	 * that use void* generic pointers.  It works with the latter
| 	 * because both ANSI C and C++ allow castless assignment from
| 	 * any pointer type to void*, and deal with argument conversions
| 	 * as though doing an assignment.
| 	 */
| 	return realloc(ptr, size);
| }
| 
| void yyfree (void * ptr )
| {
| 			free( (char *) ptr );	/* see yyrealloc() for (char *) cast */
| }
| 
| #define YYTABLES_NAME "yytables"
| 
| #line 10 "conftest.l"
| 
| #ifdef YYTEXT_POINTER
| extern char *yytext;
| #endif
| int
| main (void)
| {
|   return ! yylex () + ! yywrap ();
| }
configure:6572: result: no
configure:6584: checking for yylex_destroy
configure:6590: result: yes
configure:6600: checking for lex %option
configure:6606: result: yes
configure:6623: checking for bison
configure:6639: found /usr/bin/bison
configure:6650: result: bison -y
configure:6669: checking for doxygen
configure:6699: result: no
configure:6747: checking for strip
configure:6763: found /usr/bin/strip
configure:6774: result: strip
configure:6829: checking build system type
configure:6843: result: x86_64-pc-linux-gnu
configure:6863: checking host system type
configure:6876: result: x86_64-pc-linux-gnu
configure:6962: checking for ar
configure:6980: found /usr/bin/ar
configure:6992: result: /usr/bin/ar
configure:7064: checking how to print strings
configure:7091: result: printf
configure:7112: checking for a sed that does not truncate output
configure:7176: result: /usr/bin/sed
configure:7194: checking for fgrep
configure:7256: result: /usr/bin/grep -F
configure:7291: checking for ld used by gcc
configure:7358: result: /usr/bin/ld
configure:7365: checking if the linker (/usr/bin/ld) is GNU ld
configure:7380: result: yes
configure:7392: checking for BSD- or MS-compatible name lister (nm)
configure:7446: result: /usr/bin/nm -B
configure:7576: checking the name lister (/usr/bin/nm -B) interface
configure:7583: gcc -c  -g -O2 -D_GNU_SOURCE -flto  conftest.c >&5
configure:7586: /usr/bin/nm -B "conftest.o"
configure:7589: output
00000000 B some_variable
configure:7596: result: BSD nm
configure:7599: checking whether ln -s works
configure:7603: result: yes
configure:7611: checking the maximum length of command line arguments
configure:7742: result: 3145728
configure:7790: checking how to convert x86_64-pc-linux-gnu file names to x86_64-pc-linux-gnu format
configure:7830: result: func_convert_file_noop
configure:7837: checking how to convert x86_64-pc-linux-gnu file names to toolchain format
configure:7857: result: func_convert_file_noop
configure:7864: checking for /usr/bin/ld option to reload object files
configure:7871: result: -r
configure:7945: checking for objdump
configure:7961: found /usr/bin/objdump
configure:7972: result: objdump
configure:8004: checking how to recognize dependent libraries
configure:8204: result: pass_all
configure:8289: checking for dlltool
configure:8319: result: no
configure:8349: checking how to associate runtime and link libraries
configure:8376: result: printf %s\n
configure:8500: checking for archiver @FILE support
configure:8517: gcc -c  -g -O2 -D_GNU_SOURCE -flto  conftest.c >&5
configure:8517: $? = 0
configure:8520: /usr/bin/ar cru libconftest.a @conftest.lst >&5
/usr/bin/ar: `u' modifier ignored since `D' is the default (see `U')
configure:8523: $? = 0
configure:8528: /usr/bin/ar cru libconftest.a @conftest.lst >&5
/usr/bin/ar: `u' modifier ignored since `D' is the default (see `U')
/usr/bin/ar: conftest.o: No such file or directory
configure:8531: $? = 1
configure:8543: result: @
configure:8601: checking for strip
configure:8628: result: strip
configure:8700: checking for ranlib
configure:8716: found /usr/bin/ranlib
configure:8727: result: ranlib
configure:8804: checking for gawk
configure:8820: found /usr/bin/gawk
configure:8831: result: gawk
configure:8871: checking command to parse /usr/bin/nm -B output from gcc object
configure:9024: gcc -c  -g -O2 -D_GNU_SOURCE -flto  conftest.c >&5
configure:9027: $? = 0
configure:9031: /usr/bin/nm -B conftest.o \| sed -n -e 's/^.*[ ]\([ABCDGIRSTW][ABCDGIRSTW]*\)[ ][ ]*\([_A-Za-z][_A-Za-z0-9]*\)$/\1 \2 \2/p' | sed '/ __gnu_lto/d' \> conftest.nm
configure:9034: $? = 0
configure:9100: gcc -o conftest  -g -O2 -D_GNU_SOURCE -flto   conftest.c conftstm.o >&5
configure:9103: $? = 0
configure:9141: result: ok
configure:9188: checking for sysroot
configure:9218: result: no
configure:9225: checking for a working dd
configure:9263: result: /usr/bin/dd
configure:9267: checking how to truncate binary pipes
configure:9282: result: /usr/bin/dd bs=4096 count=1
configure:9418: gcc -c  -g -O2 -D_GNU_SOURCE -flto  conftest.c >&5
configure:9421: $? = 0
configure:9611: checking for mt
configure:9627: found /usr/bin/mt
configure:9638: result: mt
configure:9661: checking if mt is a manifest tool
configure:9667: mt '-?'
configure:9675: result: no
configure:10349: checking for dlfcn.h
configure:10349: gcc -c  -g -O2 -D_GNU_SOURCE -flto  conftest.c >&5
configure:10349: $? = 0
configure:10349: result: yes
configure:10607: checking for objdir
configure:10622: result: .libs
configure:10882: checking if gcc supports -fno-rtti -fno-exceptions
configure:10900: gcc -c  -g -O2 -D_GNU_SOURCE -flto  -fno-rtti -fno-exceptions conftest.c >&5
cc1: warning: command-line option '-fno-rtti' is valid for C++/D/ObjC++ but not for C
configure:10904: $? = 0
configure:10917: result: no
configure:11275: checking for gcc option to produce PIC
configure:11282: result: -fPIC -DPIC
configure:11290: checking if gcc PIC flag -fPIC -DPIC works
configure:11308: gcc -c  -g -O2 -D_GNU_SOURCE -flto  -fPIC -DPIC -DPIC conftest.c >&5
configure:11312: $? = 0
configure:11325: result: yes
configure:11354: checking if gcc static flag -static works
configure:11382: result: yes
configure:11397: checking if gcc supports -c -o file.o
configure:11418: gcc -c  -g -O2 -D_GNU_SOURCE -flto  -o out/conftest2.o conftest.c >&5
configure:11422: $? = 0
configure:11444: result: yes
configure:11452: checking if gcc supports -c -o file.o
configure:11499: result: yes
configure:11532: checking whether the gcc linker (/usr/bin/ld -m elf_x86_64) supports shared libraries
configure:12791: result: yes
configure:12828: checking whether -lc should be explicitly linked in
configure:12836: gcc -c  -g -O2 -D_GNU_SOURCE -flto  conftest.c >&5
configure:12839: $? = 0
configure:12854: gcc -shared  -fPIC -DPIC conftest.o  -v -Wl,-soname -Wl,conftest -o conftest 2\>\&1 \| /usr/bin/grep  -lc  \>/dev/null 2\>\&1
configure:12857: $? = 0
configure:12871: result: no
configure:13031: checking dynamic linker characteristics
configure:13612: gcc -o conftest  -g -O2 -D_GNU_SOURCE -flto   -Wl,-rpath -Wl,/foo conftest.c  >&5
configure:13612: $? = 0
configure:13852: result: GNU/Linux ld.so
configure:13974: checking how to hardcode library paths into programs
configure:13999: result: immediate
configure:14547: checking whether stripping libraries is possible
configure:14552: result: yes
configure:14587: checking if libtool supports shared libraries
configure:14589: result: yes
configure:14592: checking whether to build shared libraries
configure:14617: result: yes
configure:14620: checking whether to build static libraries
configure:14624: result: yes
configure:14791: checking for stdarg.h
configure:14791: gcc -c  -g -O2 -D_GNU_SOURCE -flto  conftest.c >&5
configure:14791: $? = 0
configure:14791: result: yes
configure:14791: checking for stdbool.h
configure:14791: gcc -c  -g -O2 -D_GNU_SOURCE -flto  conftest.c >&5
configure:14791: $? = 0
configure:14791: result: yes
configure:14791: checking for netinet/in.h
configure:14791: gcc -c  -g -O2 -D_GNU_SOURCE -flto  conftest.c >&5
configure:14791: $? = 0
configure:14791: result: yes
configure:14791: checking for netinet/tcp.h
configure:14791: gcc -c  -g -O2 -D_GNU_SOURCE -flto  conftest.c >&5
configure:14791: $? = 0
configure:14791: result: yes
configure:14791: checking for sys/param.h
configure:14791: gcc -c  -g -O2 -D_GNU_SOURCE -flto  conftest.c >&5
configure:14791: $? = 0
configure:14791: result: yes
configure:14791: checking for sys/select.h
configure:14791: gcc -c  -g -O2 -D_GNU_SOURCE -flto  conftest.c >&5
configure:14791: $? = 0
configure:14791: result: yes
configure:14791: checking for sys/socket.h
configure:14791: gcc -c  -g -O2 -D_GNU_SOURCE -flto  conftest.c >&5
configure:14791: $? = 0
configure:14791: result: yes
configure:14791: checking for sys/un.h
configure:14791: gcc -c  -g -O2 -D_GNU_SOURCE -flto  conftest.c >&5
configure:14791: $? = 0
configure:14791: result: yes
configure:14791: checking for sys/uio.h
configure:14791: gcc -c  -g -O2 -D_GNU_SOURCE -flto  conftest.c >&5
configure:14791: $? = 0
configure:14791: result: yes
configure:14791: checking for sys/resource.h
configure:14791: gcc -c  -g -O2 -D_GNU_SOURCE -flto  conftest.c >&5
configure:14791: $? = 0
configure:14791: result: yes
configure:14791: checking for arpa/inet.h
configure:14791: gcc -c  -g -O2 -D_GNU_SOURCE -flto  conftest.c >&5
configure:14791: $? = 0
configure:14791: result: yes
configure:14791: checking for syslog.h
configure:14791: gcc -c  -g -O2 -D_GNU_SOURCE -flto  conftest.c >&5
configure:14791: $? = 0
configure:14791: result: yes
configure:14791: checking for netdb.h
configure:14791: gcc -c  -g -O2 -D_GNU_SOURCE -flto  conftest.c >&5
configure:14791: $? = 0
configure:14791: result: yes
configure:14791: checking for sys/wait.h
configure:14791: gcc -c  -g -O2 -D_GNU_SOURCE -flto  conftest.c >&5
configure:14791: $? = 0
configure:14791: result: yes
configure:14791: checking for pwd.h
configure:14791: gcc -c  -g -O2 -D_GNU_SOURCE -flto  conftest.c >&5
configure:14791: $? = 0
configure:14791: result: yes
configure:14791: checking for glob.h
configure:14791: gcc -c  -g -O2 -D_GNU_SOURCE -flto  conftest.c >&5
configure:14791: $? = 0
configure:14791: result: yes
configure:14791: checking for grp.h
configure:14791: gcc -c  -g -O2 -D_GNU_SOURCE -flto  conftest.c >&5
configure:14791: $? = 0
configure:14791: result: yes
configure:14791: checking for login_cap.h
configure:14791: gcc -c  -g -O2 -D_GNU_SOURCE -flto  conftest.c >&5
conftest.c:97:10: fatal error: login_cap.h: No such file or directory
   97 | #include <login_cap.h>
      |          ^~~~~~~~~~~~~
compilation terminated.
configure:14791: $? = 1
configure: failed program was:
| /* confdefs.h */
| #define PACKAGE_NAME "unbound"
| #define PACKAGE_TARNAME "unbound"
| #define PACKAGE_VERSION "1.18.0"
| #define PACKAGE_STRING "unbound 1.18.0"
| #define PACKAGE_BUGREPORT "unbound-bugs@nlnetlabs.nl or https://github.com/NLnetLabs/unbound/issues"
| #define PACKAGE_URL ""
| #define CONFCMDLINE ""
| #define STDC_HEADERS 1
| #define HAVE_SYS_TYPES_H 1
| #define HAVE_SYS_STAT_H 1
| #define HAVE_STDLIB_H 1
| #define HAVE_STRING_H 1
| #define HAVE_MEMORY_H 1
| #define HAVE_STRINGS_H 1
| #define HAVE_INTTYPES_H 1
| #define HAVE_STDINT_H 1
| #define HAVE_UNISTD_H 1
| #define __EXTENSIONS__ 1
| #define _ALL_SOURCE 1
| #define _GNU_SOURCE 1
| #define _POSIX_PTHREAD_SEMANTICS 1
| #define _TANDEM_SOURCE 1
| #define CONFIGFILE "/usr/local/etc/unbound/unbound.conf"
| #define RUN_DIR "/usr/local/etc/unbound"
| #define CHROOT_DIR "/usr/local/etc/unbound"
| #define SHARE_DIR "/usr/local/etc/unbound"
| #define PIDFILE "/usr/local/etc/unbound/unbound.pid"
| #define ROOT_ANCHOR_FILE "/usr/local/etc/unbound/root.key"
| #define ROOT_CERT_FILE "/usr/local/etc/unbound/icannbundle.pem"
| #define UB_USERNAME "unbound"
| #define WINVER 0x0502
| #define RSRC_PACKAGE_VERSION 1,18,0,0
| #define HAVE_GETOPT_H 1
| #define HAVE_TIME_H 1
| #define HAVE_ATTR_FORMAT 1
| #define HAVE_ATTR_UNUSED 1
| #define HAVE_ATTR_WEAK 1
| #define ATTR_WEAK __attribute__((weak))
| #define HAVE_ATTR_NORETURN 1
| #define ATTR_NORETURN __attribute__((__noreturn__))
| #define LEX_HAS_YYLEX_DESTROY 1
| #define HAVE_DLFCN_H 1
| #define LT_OBJDIR ".libs/"
| #define HAVE_STDARG_H 1
| #define HAVE_STDBOOL_H 1
| #define HAVE_NETINET_IN_H 1
| #define HAVE_NETINET_TCP_H 1
| #define HAVE_SYS_PARAM_H 1
| #define HAVE_SYS_SELECT_H 1
| #define HAVE_SYS_SOCKET_H 1
| #define HAVE_SYS_UN_H 1
| #define HAVE_SYS_UIO_H 1
| #define HAVE_SYS_RESOURCE_H 1
| #define HAVE_ARPA_INET_H 1
| #define HAVE_SYSLOG_H 1
| #define HAVE_NETDB_H 1
| #define HAVE_SYS_WAIT_H 1
| #define HAVE_PWD_H 1
| #define HAVE_GLOB_H 1
| #define HAVE_GRP_H 1
| /* end confdefs.h.  */
| #include <stdio.h>
| #ifdef HAVE_SYS_TYPES_H
| # include <sys/types.h>
| #endif
| #ifdef HAVE_SYS_STAT_H
| # include <sys/stat.h>
| #endif
| #ifdef STDC_HEADERS
| # include <stdlib.h>
| # include <stddef.h>
| #else
| # ifdef HAVE_STDLIB_H
| #  include <stdlib.h>
| # endif
| #endif
| #ifdef HAVE_STRING_H
| # if !defined STDC_HEADERS && defined HAVE_MEMORY_H
| #  include <memory.h>
| # endif
| # include <string.h>
| #endif
| #ifdef HAVE_STRINGS_H
| # include <strings.h>
| #endif
| #ifdef HAVE_INTTYPES_H
| # include <inttypes.h>
| #endif
| #ifdef HAVE_STDINT_H
| # include <stdint.h>
| #endif
| #ifdef HAVE_UNISTD_H
| # include <unistd.h>
| #endif
| 
| #include <login_cap.h>
configure:14791: result: no
configure:14791: checking for winsock2.h
configure:14791: gcc -c  -g -O2 -D_GNU_SOURCE -flto  conftest.c >&5
conftest.c:97:10: fatal error: winsock2.h: No such file or directory
   97 | #include <winsock2.h>
      |          ^~~~~~~~~~~~
compilation terminated.
configure:14791: $? = 1
configure: failed program was:
| /* confdefs.h */
| #define PACKAGE_NAME "unbound"
| #define PACKAGE_TARNAME "unbound"
| #define PACKAGE_VERSION "1.18.0"
| #define PACKAGE_STRING "unbound 1.18.0"
| #define PACKAGE_BUGREPORT "unbound-bugs@nlnetlabs.nl or https://github.com/NLnetLabs/unbound/issues"
| #define PACKAGE_URL ""
| #define CONFCMDLINE ""
| #define STDC_HEADERS 1
| #define HAVE_SYS_TYPES_H 1
| #define HAVE_SYS_STAT_H 1
| #define HAVE_STDLIB_H 1
| #define HAVE_STRING_H 1
| #define HAVE_MEMORY_H 1
| #define HAVE_STRINGS_H 1
| #define HAVE_INTTYPES_H 1
| #define HAVE_STDINT_H 1
| #define HAVE_UNISTD_H 1
| #define __EXTENSIONS__ 1
| #define _ALL_SOURCE 1
| #define _GNU_SOURCE 1
| #define _POSIX_PTHREAD_SEMANTICS 1
| #define _TANDEM_SOURCE 1
| #define CONFIGFILE "/usr/local/etc/unbound/unbound.conf"
| #define RUN_DIR "/usr/local/etc/unbound"
| #define CHROOT_DIR "/usr/local/etc/unbound"
| #define SHARE_DIR "/usr/local/etc/unbound"
| #define PIDFILE "/usr/local/etc/unbound/unbound.pid"
| #define ROOT_ANCHOR_FILE "/usr/local/etc/unbound/root.key"
| #define ROOT_CERT_FILE "/usr/local/etc/unbound/icannbundle.pem"
| #define UB_USERNAME "unbound"
| #define WINVER 0x0502
| #define RSRC_PACKAGE_VERSION 1,18,0,0
| #define HAVE_GETOPT_H 1
| #define HAVE_TIME_H 1
| #define HAVE_ATTR_FORMAT 1
| #define HAVE_ATTR_UNUSED 1
| #define HAVE_ATTR_WEAK 1
| #define ATTR_WEAK __attribute__((weak))
| #define HAVE_ATTR_NORETURN 1
| #define ATTR_NORETURN __attribute__((__noreturn__))
| #define LEX_HAS_YYLEX_DESTROY 1
| #define HAVE_DLFCN_H 1
| #define LT_OBJDIR ".libs/"
| #define HAVE_STDARG_H 1
| #define HAVE_STDBOOL_H 1
| #define HAVE_NETINET_IN_H 1
| #define HAVE_NETINET_TCP_H 1
| #define HAVE_SYS_PARAM_H 1
| #define HAVE_SYS_SELECT_H 1
| #define HAVE_SYS_SOCKET_H 1
| #define HAVE_SYS_UN_H 1
| #define HAVE_SYS_UIO_H 1
| #define HAVE_SYS_RESOURCE_H 1
| #define HAVE_ARPA_INET_H 1
| #define HAVE_SYSLOG_H 1
| #define HAVE_NETDB_H 1
| #define HAVE_SYS_WAIT_H 1
| #define HAVE_PWD_H 1
| #define HAVE_GLOB_H 1
| #define HAVE_GRP_H 1
| /* end confdefs.h.  */
| #include <stdio.h>
| #ifdef HAVE_SYS_TYPES_H
| # include <sys/types.h>
| #endif
| #ifdef HAVE_SYS_STAT_H
| # include <sys/stat.h>
| #endif
| #ifdef STDC_HEADERS
| # include <stdlib.h>
| # include <stddef.h>
| #else
| # ifdef HAVE_STDLIB_H
| #  include <stdlib.h>
| # endif
| #endif
| #ifdef HAVE_STRING_H
| # if !defined STDC_HEADERS && defined HAVE_MEMORY_H
| #  include <memory.h>
| # endif
| # include <string.h>
| #endif
| #ifdef HAVE_STRINGS_H
| # include <strings.h>
| #endif
| #ifdef HAVE_INTTYPES_H
| # include <inttypes.h>
| #endif
| #ifdef HAVE_STDINT_H
| # include <stdint.h>
| #endif
| #ifdef HAVE_UNISTD_H
| # include <unistd.h>
| #endif
| 
| #include <winsock2.h>
configure:14791: result: no
configure:14791: checking for ws2tcpip.h
configure:14791: gcc -c  -g -O2 -D_GNU_SOURCE -flto  conftest.c >&5
conftest.c:97:10: fatal error: ws2tcpip.h: No such file or directory
   97 | #include <ws2tcpip.h>
      |          ^~~~~~~~~~~~
compilation terminated.
configure:14791: $? = 1
configure: failed program was:
| /* confdefs.h */
| #define PACKAGE_NAME "unbound"
| #define PACKAGE_TARNAME "unbound"
| #define PACKAGE_VERSION "1.18.0"
| #define PACKAGE_STRING "unbound 1.18.0"
| #define PACKAGE_BUGREPORT "unbound-bugs@nlnetlabs.nl or https://github.com/NLnetLabs/unbound/issues"
| #define PACKAGE_URL ""
| #define CONFCMDLINE ""
| #define STDC_HEADERS 1
| #define HAVE_SYS_TYPES_H 1
| #define HAVE_SYS_STAT_H 1
| #define HAVE_STDLIB_H 1
| #define HAVE_STRING_H 1
| #define HAVE_MEMORY_H 1
| #define HAVE_STRINGS_H 1
| #define HAVE_INTTYPES_H 1
| #define HAVE_STDINT_H 1
| #define HAVE_UNISTD_H 1
| #define __EXTENSIONS__ 1
| #define _ALL_SOURCE 1
| #define _GNU_SOURCE 1
| #define _POSIX_PTHREAD_SEMANTICS 1
| #define _TANDEM_SOURCE 1
| #define CONFIGFILE "/usr/local/etc/unbound/unbound.conf"
| #define RUN_DIR "/usr/local/etc/unbound"
| #define CHROOT_DIR "/usr/local/etc/unbound"
| #define SHARE_DIR "/usr/local/etc/unbound"
| #define PIDFILE "/usr/local/etc/unbound/unbound.pid"
| #define ROOT_ANCHOR_FILE "/usr/local/etc/unbound/root.key"
| #define ROOT_CERT_FILE "/usr/local/etc/unbound/icannbundle.pem"
| #define UB_USERNAME "unbound"
| #define WINVER 0x0502
| #define RSRC_PACKAGE_VERSION 1,18,0,0
| #define HAVE_GETOPT_H 1
| #define HAVE_TIME_H 1
| #define HAVE_ATTR_FORMAT 1
| #define HAVE_ATTR_UNUSED 1
| #define HAVE_ATTR_WEAK 1
| #define ATTR_WEAK __attribute__((weak))
| #define HAVE_ATTR_NORETURN 1
| #define ATTR_NORETURN __attribute__((__noreturn__))
| #define LEX_HAS_YYLEX_DESTROY 1
| #define HAVE_DLFCN_H 1
| #define LT_OBJDIR ".libs/"
| #define HAVE_STDARG_H 1
| #define HAVE_STDBOOL_H 1
| #define HAVE_NETINET_IN_H 1
| #define HAVE_NETINET_TCP_H 1
| #define HAVE_SYS_PARAM_H 1
| #define HAVE_SYS_SELECT_H 1
| #define HAVE_SYS_SOCKET_H 1
| #define HAVE_SYS_UN_H 1
| #define HAVE_SYS_UIO_H 1
| #define HAVE_SYS_RESOURCE_H 1
| #define HAVE_ARPA_INET_H 1
| #define HAVE_SYSLOG_H 1
| #define HAVE_NETDB_H 1
| #define HAVE_SYS_WAIT_H 1
| #define HAVE_PWD_H 1
| #define HAVE_GLOB_H 1
| #define HAVE_GRP_H 1
| /* end confdefs.h.  */
| #include <stdio.h>
| #ifdef HAVE_SYS_TYPES_H
| # include <sys/types.h>
| #endif
| #ifdef HAVE_SYS_STAT_H
| # include <sys/stat.h>
| #endif
| #ifdef STDC_HEADERS
| # include <stdlib.h>
| # include <stddef.h>
| #else
| # ifdef HAVE_STDLIB_H
| #  include <stdlib.h>
| # endif
| #endif
| #ifdef HAVE_STRING_H
| # if !defined STDC_HEADERS && defined HAVE_MEMORY_H
| #  include <memory.h>
| # endif
| # include <string.h>
| #endif
| #ifdef HAVE_STRINGS_H
| # include <strings.h>
| #endif
| #ifdef HAVE_INTTYPES_H
| # include <inttypes.h>
| #endif
| #ifdef HAVE_STDINT_H
| # include <stdint.h>
| #endif
| #ifdef HAVE_UNISTD_H
| # include <unistd.h>
| #endif
| 
| #include <ws2tcpip.h>
configure:14791: result: no
configure:14791: checking for endian.h
configure:14791: gcc -c  -g -O2 -D_GNU_SOURCE -flto  conftest.c >&5
configure:14791: $? = 0
configure:14791: result: yes
configure:14791: checking for sys/endian.h
configure:14791: gcc -c  -g -O2 -D_GNU_SOURCE -flto  conftest.c >&5
conftest.c:98:10: fatal error: sys/endian.h: No such file or directory
   98 | #include <sys/endian.h>
      |          ^~~~~~~~~~~~~~
compilation terminated.
configure:14791: $? = 1
configure: failed program was:
| /* confdefs.h */
| #define PACKAGE_NAME "unbound"
| #define PACKAGE_TARNAME "unbound"
| #define PACKAGE_VERSION "1.18.0"
| #define PACKAGE_STRING "unbound 1.18.0"
| #define PACKAGE_BUGREPORT "unbound-bugs@nlnetlabs.nl or https://github.com/NLnetLabs/unbound/issues"
| #define PACKAGE_URL ""
| #define CONFCMDLINE ""
| #define STDC_HEADERS 1
| #define HAVE_SYS_TYPES_H 1
| #define HAVE_SYS_STAT_H 1
| #define HAVE_STDLIB_H 1
| #define HAVE_STRING_H 1
| #define HAVE_MEMORY_H 1
| #define HAVE_STRINGS_H 1
| #define HAVE_INTTYPES_H 1
| #define HAVE_STDINT_H 1
| #define HAVE_UNISTD_H 1
| #define __EXTENSIONS__ 1
| #define _ALL_SOURCE 1
| #define _GNU_SOURCE 1
| #define _POSIX_PTHREAD_SEMANTICS 1
| #define _TANDEM_SOURCE 1
| #define CONFIGFILE "/usr/local/etc/unbound/unbound.conf"
| #define RUN_DIR "/usr/local/etc/unbound"
| #define CHROOT_DIR "/usr/local/etc/unbound"
| #define SHARE_DIR "/usr/local/etc/unbound"
| #define PIDFILE "/usr/local/etc/unbound/unbound.pid"
| #define ROOT_ANCHOR_FILE "/usr/local/etc/unbound/root.key"
| #define ROOT_CERT_FILE "/usr/local/etc/unbound/icannbundle.pem"
| #define UB_USERNAME "unbound"
| #define WINVER 0x0502
| #define RSRC_PACKAGE_VERSION 1,18,0,0
| #define HAVE_GETOPT_H 1
| #define HAVE_TIME_H 1
| #define HAVE_ATTR_FORMAT 1
| #define HAVE_ATTR_UNUSED 1
| #define HAVE_ATTR_WEAK 1
| #define ATTR_WEAK __attribute__((weak))
| #define HAVE_ATTR_NORETURN 1
| #define ATTR_NORETURN __attribute__((__noreturn__))
| #define LEX_HAS_YYLEX_DESTROY 1
| #define HAVE_DLFCN_H 1
| #define LT_OBJDIR ".libs/"
| #define HAVE_STDARG_H 1
| #define HAVE_STDBOOL_H 1
| #define HAVE_NETINET_IN_H 1
| #define HAVE_NETINET_TCP_H 1
| #define HAVE_SYS_PARAM_H 1
| #define HAVE_SYS_SELECT_H 1
| #define HAVE_SYS_SOCKET_H 1
| #define HAVE_SYS_UN_H 1
| #define HAVE_SYS_UIO_H 1
| #define HAVE_SYS_RESOURCE_H 1
| #define HAVE_ARPA_INET_H 1
| #define HAVE_SYSLOG_H 1
| #define HAVE_NETDB_H 1
| #define HAVE_SYS_WAIT_H 1
| #define HAVE_PWD_H 1
| #define HAVE_GLOB_H 1
| #define HAVE_GRP_H 1
| #define HAVE_ENDIAN_H 1
| /* end confdefs.h.  */
| #include <stdio.h>
| #ifdef HAVE_SYS_TYPES_H
| # include <sys/types.h>
| #endif
| #ifdef HAVE_SYS_STAT_H
| # include <sys/stat.h>
| #endif
| #ifdef STDC_HEADERS
| # include <stdlib.h>
| # include <stddef.h>
| #else
| # ifdef HAVE_STDLIB_H
| #  include <stdlib.h>
| # endif
| #endif
| #ifdef HAVE_STRING_H
| # if !defined STDC_HEADERS && defined HAVE_MEMORY_H
| #  include <memory.h>
| # endif
| # include <string.h>
| #endif
| #ifdef HAVE_STRINGS_H
| # include <strings.h>
| #endif
| #ifdef HAVE_INTTYPES_H
| # include <inttypes.h>
| #endif
| #ifdef HAVE_STDINT_H
| # include <stdint.h>
| #endif
| #ifdef HAVE_UNISTD_H
| # include <unistd.h>
| #endif
| 
| #include <sys/endian.h>
configure:14791: result: no
configure:14791: checking for libkern/OSByteOrder.h
configure:14791: gcc -c  -g -O2 -D_GNU_SOURCE -flto  conftest.c >&5
conftest.c:98:10: fatal error: libkern/OSByteOrder.h: No such file or directory
   98 | #include <libkern/OSByteOrder.h>
      |          ^~~~~~~~~~~~~~~~~~~~~~~
compilation terminated.
configure:14791: $? = 1
configure: failed program was:
| /* confdefs.h */
| #define PACKAGE_NAME "unbound"
| #define PACKAGE_TARNAME "unbound"
| #define PACKAGE_VERSION "1.18.0"
| #define PACKAGE_STRING "unbound 1.18.0"
| #define PACKAGE_BUGREPORT "unbound-bugs@nlnetlabs.nl or https://github.com/NLnetLabs/unbound/issues"
| #define PACKAGE_URL ""
| #define CONFCMDLINE ""
| #define STDC_HEADERS 1
| #define HAVE_SYS_TYPES_H 1
| #define HAVE_SYS_STAT_H 1
| #define HAVE_STDLIB_H 1
| #define HAVE_STRING_H 1
| #define HAVE_MEMORY_H 1
| #define HAVE_STRINGS_H 1
| #define HAVE_INTTYPES_H 1
| #define HAVE_STDINT_H 1
| #define HAVE_UNISTD_H 1
| #define __EXTENSIONS__ 1
| #define _ALL_SOURCE 1
| #define _GNU_SOURCE 1
| #define _POSIX_PTHREAD_SEMANTICS 1
| #define _TANDEM_SOURCE 1
| #define CONFIGFILE "/usr/local/etc/unbound/unbound.conf"
| #define RUN_DIR "/usr/local/etc/unbound"
| #define CHROOT_DIR "/usr/local/etc/unbound"
| #define SHARE_DIR "/usr/local/etc/unbound"
| #define PIDFILE "/usr/local/etc/unbound/unbound.pid"
| #define ROOT_ANCHOR_FILE "/usr/local/etc/unbound/root.key"
| #define ROOT_CERT_FILE "/usr/local/etc/unbound/icannbundle.pem"
| #define UB_USERNAME "unbound"
| #define WINVER 0x0502
| #define RSRC_PACKAGE_VERSION 1,18,0,0
| #define HAVE_GETOPT_H 1
| #define HAVE_TIME_H 1
| #define HAVE_ATTR_FORMAT 1
| #define HAVE_ATTR_UNUSED 1
| #define HAVE_ATTR_WEAK 1
| #define ATTR_WEAK __attribute__((weak))
| #define HAVE_ATTR_NORETURN 1
| #define ATTR_NORETURN __attribute__((__noreturn__))
| #define LEX_HAS_YYLEX_DESTROY 1
| #define HAVE_DLFCN_H 1
| #define LT_OBJDIR ".libs/"
| #define HAVE_STDARG_H 1
| #define HAVE_STDBOOL_H 1
| #define HAVE_NETINET_IN_H 1
| #define HAVE_NETINET_TCP_H 1
| #define HAVE_SYS_PARAM_H 1
| #define HAVE_SYS_SELECT_H 1
| #define HAVE_SYS_SOCKET_H 1
| #define HAVE_SYS_UN_H 1
| #define HAVE_SYS_UIO_H 1
| #define HAVE_SYS_RESOURCE_H 1
| #define HAVE_ARPA_INET_H 1
| #define HAVE_SYSLOG_H 1
| #define HAVE_NETDB_H 1
| #define HAVE_SYS_WAIT_H 1
| #define HAVE_PWD_H 1
| #define HAVE_GLOB_H 1
| #define HAVE_GRP_H 1
| #define HAVE_ENDIAN_H 1
| /* end confdefs.h.  */
| #include <stdio.h>
| #ifdef HAVE_SYS_TYPES_H
| # include <sys/types.h>
| #endif
| #ifdef HAVE_SYS_STAT_H
| # include <sys/stat.h>
| #endif
| #ifdef STDC_HEADERS
| # include <stdlib.h>
| # include <stddef.h>
| #else
| # ifdef HAVE_STDLIB_H
| #  include <stdlib.h>
| # endif
| #endif
| #ifdef HAVE_STRING_H
| # if !defined STDC_HEADERS && defined HAVE_MEMORY_H
| #  include <memory.h>
| # endif
| # include <string.h>
| #endif
| #ifdef HAVE_STRINGS_H
| # include <strings.h>
| #endif
| #ifdef HAVE_INTTYPES_H
| # include <inttypes.h>
| #endif
| #ifdef HAVE_STDINT_H
| # include <stdint.h>
| #endif
| #ifdef HAVE_UNISTD_H
| # include <unistd.h>
| #endif
| 
| #include <libkern/OSByteOrder.h>
configure:14791: result: no
configure:14791: checking for sys/ipc.h
configure:14791: gcc -c  -g -O2 -D_GNU_SOURCE -flto  conftest.c >&5
configure:14791: $? = 0
configure:14791: result: yes
configure:14791: checking for sys/shm.h
configure:14791: gcc -c  -g -O2 -D_GNU_SOURCE -flto  conftest.c >&5
configure:14791: $? = 0
configure:14791: result: yes
configure:14791: checking for ifaddrs.h
configure:14791: gcc -c  -g -O2 -D_GNU_SOURCE -flto  conftest.c >&5
configure:14791: $? = 0
configure:14791: result: yes
configure:14791: checking for poll.h
configure:14791: gcc -c  -g -O2 -D_GNU_SOURCE -flto  conftest.c >&5
configure:14791: $? = 0
configure:14791: result: yes
configure:14806: checking for net/if.h
configure:14806: gcc -c  -g -O2 -D_GNU_SOURCE -flto  conftest.c >&5
configure:14806: $? = 0
configure:14806: result: yes
configure:14834: checking for TargetConditionals.h
configure:14834: gcc -c  -g -O2 -D_GNU_SOURCE -flto  conftest.c >&5
conftest.c:103:10: fatal error: TargetConditionals.h: No such file or directory
  103 | #include <TargetConditionals.h>
      |          ^~~~~~~~~~~~~~~~~~~~~~
compilation terminated.
configure:14834: $? = 1
configure: failed program was:
| /* confdefs.h */
| #define PACKAGE_NAME "unbound"
| #define PACKAGE_TARNAME "unbound"
| #define PACKAGE_VERSION "1.18.0"
| #define PACKAGE_STRING "unbound 1.18.0"
| #define PACKAGE_BUGREPORT "unbound-bugs@nlnetlabs.nl or https://github.com/NLnetLabs/unbound/issues"
| #define PACKAGE_URL ""
| #define CONFCMDLINE ""
| #define STDC_HEADERS 1
| #define HAVE_SYS_TYPES_H 1
| #define HAVE_SYS_STAT_H 1
| #define HAVE_STDLIB_H 1
| #define HAVE_STRING_H 1
| #define HAVE_MEMORY_H 1
| #define HAVE_STRINGS_H 1
| #define HAVE_INTTYPES_H 1
| #define HAVE_STDINT_H 1
| #define HAVE_UNISTD_H 1
| #define __EXTENSIONS__ 1
| #define _ALL_SOURCE 1
| #define _GNU_SOURCE 1
| #define _POSIX_PTHREAD_SEMANTICS 1
| #define _TANDEM_SOURCE 1
| #define CONFIGFILE "/usr/local/etc/unbound/unbound.conf"
| #define RUN_DIR "/usr/local/etc/unbound"
| #define CHROOT_DIR "/usr/local/etc/unbound"
| #define SHARE_DIR "/usr/local/etc/unbound"
| #define PIDFILE "/usr/local/etc/unbound/unbound.pid"
| #define ROOT_ANCHOR_FILE "/usr/local/etc/unbound/root.key"
| #define ROOT_CERT_FILE "/usr/local/etc/unbound/icannbundle.pem"
| #define UB_USERNAME "unbound"
| #define WINVER 0x0502
| #define RSRC_PACKAGE_VERSION 1,18,0,0
| #define HAVE_GETOPT_H 1
| #define HAVE_TIME_H 1
| #define HAVE_ATTR_FORMAT 1
| #define HAVE_ATTR_UNUSED 1
| #define HAVE_ATTR_WEAK 1
| #define ATTR_WEAK __attribute__((weak))
| #define HAVE_ATTR_NORETURN 1
| #define ATTR_NORETURN __attribute__((__noreturn__))
| #define LEX_HAS_YYLEX_DESTROY 1
| #define HAVE_DLFCN_H 1
| #define LT_OBJDIR ".libs/"
| #define HAVE_STDARG_H 1
| #define HAVE_STDBOOL_H 1
| #define HAVE_NETINET_IN_H 1
| #define HAVE_NETINET_TCP_H 1
| #define HAVE_SYS_PARAM_H 1
| #define HAVE_SYS_SELECT_H 1
| #define HAVE_SYS_SOCKET_H 1
| #define HAVE_SYS_UN_H 1
| #define HAVE_SYS_UIO_H 1
| #define HAVE_SYS_RESOURCE_H 1
| #define HAVE_ARPA_INET_H 1
| #define HAVE_SYSLOG_H 1
| #define HAVE_NETDB_H 1
| #define HAVE_SYS_WAIT_H 1
| #define HAVE_PWD_H 1
| #define HAVE_GLOB_H 1
| #define HAVE_GRP_H 1
| #define HAVE_ENDIAN_H 1
| #define HAVE_SYS_IPC_H 1
| #define HAVE_SYS_SHM_H 1
| #define HAVE_IFADDRS_H 1
| #define HAVE_POLL_H 1
| #define HAVE_NET_IF_H 1
| /* end confdefs.h.  */
| #include <stdio.h>
| #ifdef HAVE_SYS_TYPES_H
| # include <sys/types.h>
| #endif
| #ifdef HAVE_SYS_STAT_H
| # include <sys/stat.h>
| #endif
| #ifdef STDC_HEADERS
| # include <stdlib.h>
| # include <stddef.h>
| #else
| # ifdef HAVE_STDLIB_H
| #  include <stdlib.h>
| # endif
| #endif
| #ifdef HAVE_STRING_H
| # if !defined STDC_HEADERS && defined HAVE_MEMORY_H
| #  include <memory.h>
| # endif
| # include <string.h>
| #endif
| #ifdef HAVE_STRINGS_H
| # include <strings.h>
| #endif
| #ifdef HAVE_INTTYPES_H
| # include <inttypes.h>
| #endif
| #ifdef HAVE_STDINT_H
| # include <stdint.h>
| #endif
| #ifdef HAVE_UNISTD_H
| # include <unistd.h>
| #endif
| 
| #include <TargetConditionals.h>
configure:14834: result: no
configure:14847: checking for netioapi.h
configure:14847: gcc -c  -g -O2 -D_GNU_SOURCE -flto  conftest.c >&5
conftest.c:135:10: fatal error: netioapi.h: No such file or directory
  135 | #include <netioapi.h>
      |          ^~~~~~~~~~~~
compilation terminated.
configure:14847: $? = 1
configure: failed program was:
| /* confdefs.h */
| #define PACKAGE_NAME "unbound"
| #define PACKAGE_TARNAME "unbound"
| #define PACKAGE_VERSION "1.18.0"
| #define PACKAGE_STRING "unbound 1.18.0"
| #define PACKAGE_BUGREPORT "unbound-bugs@nlnetlabs.nl or https://github.com/NLnetLabs/unbound/issues"
| #define PACKAGE_URL ""
| #define CONFCMDLINE ""
| #define STDC_HEADERS 1
| #define HAVE_SYS_TYPES_H 1
| #define HAVE_SYS_STAT_H 1
| #define HAVE_STDLIB_H 1
| #define HAVE_STRING_H 1
| #define HAVE_MEMORY_H 1
| #define HAVE_STRINGS_H 1
| #define HAVE_INTTYPES_H 1
| #define HAVE_STDINT_H 1
| #define HAVE_UNISTD_H 1
| #define __EXTENSIONS__ 1
| #define _ALL_SOURCE 1
| #define _GNU_SOURCE 1
| #define _POSIX_PTHREAD_SEMANTICS 1
| #define _TANDEM_SOURCE 1
| #define CONFIGFILE "/usr/local/etc/unbound/unbound.conf"
| #define RUN_DIR "/usr/local/etc/unbound"
| #define CHROOT_DIR "/usr/local/etc/unbound"
| #define SHARE_DIR "/usr/local/etc/unbound"
| #define PIDFILE "/usr/local/etc/unbound/unbound.pid"
| #define ROOT_ANCHOR_FILE "/usr/local/etc/unbound/root.key"
| #define ROOT_CERT_FILE "/usr/local/etc/unbound/icannbundle.pem"
| #define UB_USERNAME "unbound"
| #define WINVER 0x0502
| #define RSRC_PACKAGE_VERSION 1,18,0,0
| #define HAVE_GETOPT_H 1
| #define HAVE_TIME_H 1
| #define HAVE_ATTR_FORMAT 1
| #define HAVE_ATTR_UNUSED 1
| #define HAVE_ATTR_WEAK 1
| #define ATTR_WEAK __attribute__((weak))
| #define HAVE_ATTR_NORETURN 1
| #define ATTR_NORETURN __attribute__((__noreturn__))
| #define LEX_HAS_YYLEX_DESTROY 1
| #define HAVE_DLFCN_H 1
| #define LT_OBJDIR ".libs/"
| #define HAVE_STDARG_H 1
| #define HAVE_STDBOOL_H 1
| #define HAVE_NETINET_IN_H 1
| #define HAVE_NETINET_TCP_H 1
| #define HAVE_SYS_PARAM_H 1
| #define HAVE_SYS_SELECT_H 1
| #define HAVE_SYS_SOCKET_H 1
| #define HAVE_SYS_UN_H 1
| #define HAVE_SYS_UIO_H 1
| #define HAVE_SYS_RESOURCE_H 1
| #define HAVE_ARPA_INET_H 1
| #define HAVE_SYSLOG_H 1
| #define HAVE_NETDB_H 1
| #define HAVE_SYS_WAIT_H 1
| #define HAVE_PWD_H 1
| #define HAVE_GLOB_H 1
| #define HAVE_GRP_H 1
| #define HAVE_ENDIAN_H 1
| #define HAVE_SYS_IPC_H 1
| #define HAVE_SYS_SHM_H 1
| #define HAVE_IFADDRS_H 1
| #define HAVE_POLL_H 1
| #define HAVE_NET_IF_H 1
| /* end confdefs.h.  */
| #include <stdio.h>
| #ifdef HAVE_SYS_TYPES_H
| # include <sys/types.h>
| #endif
| #ifdef HAVE_SYS_STAT_H
| # include <sys/stat.h>
| #endif
| #ifdef STDC_HEADERS
| # include <stdlib.h>
| # include <stddef.h>
| #else
| # ifdef HAVE_STDLIB_H
| #  include <stdlib.h>
| # endif
| #endif
| #ifdef HAVE_STRING_H
| # if !defined STDC_HEADERS && defined HAVE_MEMORY_H
| #  include <memory.h>
| # endif
| # include <string.h>
| #endif
| #ifdef HAVE_STRINGS_H
| # include <strings.h>
| #endif
| #ifdef HAVE_INTTYPES_H
| # include <inttypes.h>
| #endif
| #ifdef HAVE_STDINT_H
| # include <stdint.h>
| #endif
| #ifdef HAVE_UNISTD_H
| # include <unistd.h>
| #endif
| #if HAVE_SYS_PARAM_H
| #include <sys/param.h>
| #endif
| 
| #ifdef HAVE_SYS_SOCKET_H
| #include <sys/socket.h>
| #endif
| 
| #ifdef HAVE_SYS_UIO_H
| #include <sys/uio.h>
| #endif
| 
| #ifdef HAVE_NETINET_IN_H
| #include <netinet/in.h>
| #endif
| 
| #ifdef HAVE_NETINET_TCP_H
| #include <netinet/tcp.h>
| #endif
| 
| #ifdef HAVE_ARPA_INET_H
| #include <arpa/inet.h>
| #endif
| 
| #ifdef HAVE_WINSOCK2_H
| #include <winsock2.h>
| #endif
| 
| #ifdef HAVE_WS2TCPIP_H
| #include <ws2tcpip.h>
| #endif
| 
| 
| #include <netioapi.h>
configure:14847: result: no
configure:14894: checking for linux/net_tstamp.h
configure:14894: gcc -c  -g -O2 -D_GNU_SOURCE -flto  conftest.c >&5
configure:14894: $? = 0
configure:14894: result: yes
configure:14908: checking for int8_t
configure:14908: gcc -c  -g -O2 -D_GNU_SOURCE -flto  conftest.c >&5
configure:14908: $? = 0
configure:14908: gcc -c  -g -O2 -D_GNU_SOURCE -flto  conftest.c >&5
conftest.c: In function 'main':
conftest.c:106:21: error: expected expression before ')' token
  106 | if (sizeof ((int8_t)))
      |                     ^
configure:14908: $? = 1
configure: failed program was:
| /* confdefs.h */
| #define PACKAGE_NAME "unbound"
| #define PACKAGE_TARNAME "unbound"
| #define PACKAGE_VERSION "1.18.0"
| #define PACKAGE_STRING "unbound 1.18.0"
| #define PACKAGE_BUGREPORT "unbound-bugs@nlnetlabs.nl or https://github.com/NLnetLabs/unbound/issues"
| #define PACKAGE_URL ""
| #define CONFCMDLINE ""
| #define STDC_HEADERS 1
| #define HAVE_SYS_TYPES_H 1
| #define HAVE_SYS_STAT_H 1
| #define HAVE_STDLIB_H 1
| #define HAVE_STRING_H 1
| #define HAVE_MEMORY_H 1
| #define HAVE_STRINGS_H 1
| #define HAVE_INTTYPES_H 1
| #define HAVE_STDINT_H 1
| #define HAVE_UNISTD_H 1
| #define __EXTENSIONS__ 1
| #define _ALL_SOURCE 1
| #define _GNU_SOURCE 1
| #define _POSIX_PTHREAD_SEMANTICS 1
| #define _TANDEM_SOURCE 1
| #define CONFIGFILE "/usr/local/etc/unbound/unbound.conf"
| #define RUN_DIR "/usr/local/etc/unbound"
| #define CHROOT_DIR "/usr/local/etc/unbound"
| #define SHARE_DIR "/usr/local/etc/unbound"
| #define PIDFILE "/usr/local/etc/unbound/unbound.pid"
| #define ROOT_ANCHOR_FILE "/usr/local/etc/unbound/root.key"
| #define ROOT_CERT_FILE "/usr/local/etc/unbound/icannbundle.pem"
| #define UB_USERNAME "unbound"
| #define WINVER 0x0502
| #define RSRC_PACKAGE_VERSION 1,18,0,0
| #define HAVE_GETOPT_H 1
| #define HAVE_TIME_H 1
| #define HAVE_ATTR_FORMAT 1
| #define HAVE_ATTR_UNUSED 1
| #define HAVE_ATTR_WEAK 1
| #define ATTR_WEAK __attribute__((weak))
| #define HAVE_ATTR_NORETURN 1
| #define ATTR_NORETURN __attribute__((__noreturn__))
| #define LEX_HAS_YYLEX_DESTROY 1
| #define HAVE_DLFCN_H 1
| #define LT_OBJDIR ".libs/"
| #define HAVE_STDARG_H 1
| #define HAVE_STDBOOL_H 1
| #define HAVE_NETINET_IN_H 1
| #define HAVE_NETINET_TCP_H 1
| #define HAVE_SYS_PARAM_H 1
| #define HAVE_SYS_SELECT_H 1
| #define HAVE_SYS_SOCKET_H 1
| #define HAVE_SYS_UN_H 1
| #define HAVE_SYS_UIO_H 1
| #define HAVE_SYS_RESOURCE_H 1
| #define HAVE_ARPA_INET_H 1
| #define HAVE_SYSLOG_H 1
| #define HAVE_NETDB_H 1
| #define HAVE_SYS_WAIT_H 1
| #define HAVE_PWD_H 1
| #define HAVE_GLOB_H 1
| #define HAVE_GRP_H 1
| #define HAVE_ENDIAN_H 1
| #define HAVE_SYS_IPC_H 1
| #define HAVE_SYS_SHM_H 1
| #define HAVE_IFADDRS_H 1
| #define HAVE_POLL_H 1
| #define HAVE_NET_IF_H 1
| #define HAVE_LINUX_NET_TSTAMP_H 1
| /* end confdefs.h.  */
| #include <stdio.h>
| #ifdef HAVE_SYS_TYPES_H
| # include <sys/types.h>
| #endif
| #ifdef HAVE_SYS_STAT_H
| # include <sys/stat.h>
| #endif
| #ifdef STDC_HEADERS
| # include <stdlib.h>
| # include <stddef.h>
| #else
| # ifdef HAVE_STDLIB_H
| #  include <stdlib.h>
| # endif
| #endif
| #ifdef HAVE_STRING_H
| # if !defined STDC_HEADERS && defined HAVE_MEMORY_H
| #  include <memory.h>
| # endif
| # include <string.h>
| #endif
| #ifdef HAVE_STRINGS_H
| # include <strings.h>
| #endif
| #ifdef HAVE_INTTYPES_H
| # include <inttypes.h>
| #endif
| #ifdef HAVE_STDINT_H
| # include <stdint.h>
| #endif
| #ifdef HAVE_UNISTD_H
| # include <unistd.h>
| #endif
| int
| main ()
| {
| if (sizeof ((int8_t)))
| 	    return 0;
|   ;
|   return 0;
| }
configure:14908: result: yes
configure:14919: checking for int16_t
configure:14919: gcc -c  -g -O2 -D_GNU_SOURCE -flto  conftest.c >&5
configure:14919: $? = 0
configure:14919: gcc -c  -g -O2 -D_GNU_SOURCE -flto  conftest.c >&5
conftest.c: In function 'main':
conftest.c:106:22: error: expected expression before ')' token
  106 | if (sizeof ((int16_t)))
      |                      ^
configure:14919: $? = 1
configure: failed program was:
| /* confdefs.h */
| #define PACKAGE_NAME "unbound"
| #define PACKAGE_TARNAME "unbound"
| #define PACKAGE_VERSION "1.18.0"
| #define PACKAGE_STRING "unbound 1.18.0"
| #define PACKAGE_BUGREPORT "unbound-bugs@nlnetlabs.nl or https://github.com/NLnetLabs/unbound/issues"
| #define PACKAGE_URL ""
| #define CONFCMDLINE ""
| #define STDC_HEADERS 1
| #define HAVE_SYS_TYPES_H 1
| #define HAVE_SYS_STAT_H 1
| #define HAVE_STDLIB_H 1
| #define HAVE_STRING_H 1
| #define HAVE_MEMORY_H 1
| #define HAVE_STRINGS_H 1
| #define HAVE_INTTYPES_H 1
| #define HAVE_STDINT_H 1
| #define HAVE_UNISTD_H 1
| #define __EXTENSIONS__ 1
| #define _ALL_SOURCE 1
| #define _GNU_SOURCE 1
| #define _POSIX_PTHREAD_SEMANTICS 1
| #define _TANDEM_SOURCE 1
| #define CONFIGFILE "/usr/local/etc/unbound/unbound.conf"
| #define RUN_DIR "/usr/local/etc/unbound"
| #define CHROOT_DIR "/usr/local/etc/unbound"
| #define SHARE_DIR "/usr/local/etc/unbound"
| #define PIDFILE "/usr/local/etc/unbound/unbound.pid"
| #define ROOT_ANCHOR_FILE "/usr/local/etc/unbound/root.key"
| #define ROOT_CERT_FILE "/usr/local/etc/unbound/icannbundle.pem"
| #define UB_USERNAME "unbound"
| #define WINVER 0x0502
| #define RSRC_PACKAGE_VERSION 1,18,0,0
| #define HAVE_GETOPT_H 1
| #define HAVE_TIME_H 1
| #define HAVE_ATTR_FORMAT 1
| #define HAVE_ATTR_UNUSED 1
| #define HAVE_ATTR_WEAK 1
| #define ATTR_WEAK __attribute__((weak))
| #define HAVE_ATTR_NORETURN 1
| #define ATTR_NORETURN __attribute__((__noreturn__))
| #define LEX_HAS_YYLEX_DESTROY 1
| #define HAVE_DLFCN_H 1
| #define LT_OBJDIR ".libs/"
| #define HAVE_STDARG_H 1
| #define HAVE_STDBOOL_H 1
| #define HAVE_NETINET_IN_H 1
| #define HAVE_NETINET_TCP_H 1
| #define HAVE_SYS_PARAM_H 1
| #define HAVE_SYS_SELECT_H 1
| #define HAVE_SYS_SOCKET_H 1
| #define HAVE_SYS_UN_H 1
| #define HAVE_SYS_UIO_H 1
| #define HAVE_SYS_RESOURCE_H 1
| #define HAVE_ARPA_INET_H 1
| #define HAVE_SYSLOG_H 1
| #define HAVE_NETDB_H 1
| #define HAVE_SYS_WAIT_H 1
| #define HAVE_PWD_H 1
| #define HAVE_GLOB_H 1
| #define HAVE_GRP_H 1
| #define HAVE_ENDIAN_H 1
| #define HAVE_SYS_IPC_H 1
| #define HAVE_SYS_SHM_H 1
| #define HAVE_IFADDRS_H 1
| #define HAVE_POLL_H 1
| #define HAVE_NET_IF_H 1
| #define HAVE_LINUX_NET_TSTAMP_H 1
| /* end confdefs.h.  */
| #include <stdio.h>
| #ifdef HAVE_SYS_TYPES_H
| # include <sys/types.h>
| #endif
| #ifdef HAVE_SYS_STAT_H
| # include <sys/stat.h>
| #endif
| #ifdef STDC_HEADERS
| # include <stdlib.h>
| # include <stddef.h>
| #else
| # ifdef HAVE_STDLIB_H
| #  include <stdlib.h>
| # endif
| #endif
| #ifdef HAVE_STRING_H
| # if !defined STDC_HEADERS && defined HAVE_MEMORY_H
| #  include <memory.h>
| # endif
| # include <string.h>
| #endif
| #ifdef HAVE_STRINGS_H
| # include <strings.h>
| #endif
| #ifdef HAVE_INTTYPES_H
| # include <inttypes.h>
| #endif
| #ifdef HAVE_STDINT_H
| # include <stdint.h>
| #endif
| #ifdef HAVE_UNISTD_H
| # include <unistd.h>
| #endif
| int
| main ()
| {
| if (sizeof ((int16_t)))
| 	    return 0;
|   ;
|   return 0;
| }
configure:14919: result: yes
configure:14930: checking for int32_t
configure:14930: gcc -c  -g -O2 -D_GNU_SOURCE -flto  conftest.c >&5
configure:14930: $? = 0
configure:14930: gcc -c  -g -O2 -D_GNU_SOURCE -flto  conftest.c >&5
conftest.c: In function 'main':
conftest.c:106:22: error: expected expression before ')' token
  106 | if (sizeof ((int32_t)))
      |                      ^
configure:14930: $? = 1
configure: failed program was:
| /* confdefs.h */
| #define PACKAGE_NAME "unbound"
| #define PACKAGE_TARNAME "unbound"
| #define PACKAGE_VERSION "1.18.0"
| #define PACKAGE_STRING "unbound 1.18.0"
| #define PACKAGE_BUGREPORT "unbound-bugs@nlnetlabs.nl or https://github.com/NLnetLabs/unbound/issues"
| #define PACKAGE_URL ""
| #define CONFCMDLINE ""
| #define STDC_HEADERS 1
| #define HAVE_SYS_TYPES_H 1
| #define HAVE_SYS_STAT_H 1
| #define HAVE_STDLIB_H 1
| #define HAVE_STRING_H 1
| #define HAVE_MEMORY_H 1
| #define HAVE_STRINGS_H 1
| #define HAVE_INTTYPES_H 1
| #define HAVE_STDINT_H 1
| #define HAVE_UNISTD_H 1
| #define __EXTENSIONS__ 1
| #define _ALL_SOURCE 1
| #define _GNU_SOURCE 1
| #define _POSIX_PTHREAD_SEMANTICS 1
| #define _TANDEM_SOURCE 1
| #define CONFIGFILE "/usr/local/etc/unbound/unbound.conf"
| #define RUN_DIR "/usr/local/etc/unbound"
| #define CHROOT_DIR "/usr/local/etc/unbound"
| #define SHARE_DIR "/usr/local/etc/unbound"
| #define PIDFILE "/usr/local/etc/unbound/unbound.pid"
| #define ROOT_ANCHOR_FILE "/usr/local/etc/unbound/root.key"
| #define ROOT_CERT_FILE "/usr/local/etc/unbound/icannbundle.pem"
| #define UB_USERNAME "unbound"
| #define WINVER 0x0502
| #define RSRC_PACKAGE_VERSION 1,18,0,0
| #define HAVE_GETOPT_H 1
| #define HAVE_TIME_H 1
| #define HAVE_ATTR_FORMAT 1
| #define HAVE_ATTR_UNUSED 1
| #define HAVE_ATTR_WEAK 1
| #define ATTR_WEAK __attribute__((weak))
| #define HAVE_ATTR_NORETURN 1
| #define ATTR_NORETURN __attribute__((__noreturn__))
| #define LEX_HAS_YYLEX_DESTROY 1
| #define HAVE_DLFCN_H 1
| #define LT_OBJDIR ".libs/"
| #define HAVE_STDARG_H 1
| #define HAVE_STDBOOL_H 1
| #define HAVE_NETINET_IN_H 1
| #define HAVE_NETINET_TCP_H 1
| #define HAVE_SYS_PARAM_H 1
| #define HAVE_SYS_SELECT_H 1
| #define HAVE_SYS_SOCKET_H 1
| #define HAVE_SYS_UN_H 1
| #define HAVE_SYS_UIO_H 1
| #define HAVE_SYS_RESOURCE_H 1
| #define HAVE_ARPA_INET_H 1
| #define HAVE_SYSLOG_H 1
| #define HAVE_NETDB_H 1
| #define HAVE_SYS_WAIT_H 1
| #define HAVE_PWD_H 1
| #define HAVE_GLOB_H 1
| #define HAVE_GRP_H 1
| #define HAVE_ENDIAN_H 1
| #define HAVE_SYS_IPC_H 1
| #define HAVE_SYS_SHM_H 1
| #define HAVE_IFADDRS_H 1
| #define HAVE_POLL_H 1
| #define HAVE_NET_IF_H 1
| #define HAVE_LINUX_NET_TSTAMP_H 1
| /* end confdefs.h.  */
| #include <stdio.h>
| #ifdef HAVE_SYS_TYPES_H
| # include <sys/types.h>
| #endif
| #ifdef HAVE_SYS_STAT_H
| # include <sys/stat.h>
| #endif
| #ifdef STDC_HEADERS
| # include <stdlib.h>
| # include <stddef.h>
| #else
| # ifdef HAVE_STDLIB_H
| #  include <stdlib.h>
| # endif
| #endif
| #ifdef HAVE_STRING_H
| # if !defined STDC_HEADERS && defined HAVE_MEMORY_H
| #  include <memory.h>
| # endif
| # include <string.h>
| #endif
| #ifdef HAVE_STRINGS_H
| # include <strings.h>
| #endif
| #ifdef HAVE_INTTYPES_H
| # include <inttypes.h>
| #endif
| #ifdef HAVE_STDINT_H
| # include <stdint.h>
| #endif
| #ifdef HAVE_UNISTD_H
| # include <unistd.h>
| #endif
| int
| main ()
| {
| if (sizeof ((int32_t)))
| 	    return 0;
|   ;
|   return 0;
| }
configure:14930: result: yes
configure:14941: checking for int64_t
configure:14941: gcc -c  -g -O2 -D_GNU_SOURCE -flto  conftest.c >&5
configure:14941: $? = 0
configure:14941: gcc -c  -g -O2 -D_GNU_SOURCE -flto  conftest.c >&5
conftest.c: In function 'main':
conftest.c:106:22: error: expected expression before ')' token
  106 | if (sizeof ((int64_t)))
      |                      ^
configure:14941: $? = 1
configure: failed program was:
| /* confdefs.h */
| #define PACKAGE_NAME "unbound"
| #define PACKAGE_TARNAME "unbound"
| #define PACKAGE_VERSION "1.18.0"
| #define PACKAGE_STRING "unbound 1.18.0"
| #define PACKAGE_BUGREPORT "unbound-bugs@nlnetlabs.nl or https://github.com/NLnetLabs/unbound/issues"
| #define PACKAGE_URL ""
| #define CONFCMDLINE ""
| #define STDC_HEADERS 1
| #define HAVE_SYS_TYPES_H 1
| #define HAVE_SYS_STAT_H 1
| #define HAVE_STDLIB_H 1
| #define HAVE_STRING_H 1
| #define HAVE_MEMORY_H 1
| #define HAVE_STRINGS_H 1
| #define HAVE_INTTYPES_H 1
| #define HAVE_STDINT_H 1
| #define HAVE_UNISTD_H 1
| #define __EXTENSIONS__ 1
| #define _ALL_SOURCE 1
| #define _GNU_SOURCE 1
| #define _POSIX_PTHREAD_SEMANTICS 1
| #define _TANDEM_SOURCE 1
| #define CONFIGFILE "/usr/local/etc/unbound/unbound.conf"
| #define RUN_DIR "/usr/local/etc/unbound"
| #define CHROOT_DIR "/usr/local/etc/unbound"
| #define SHARE_DIR "/usr/local/etc/unbound"
| #define PIDFILE "/usr/local/etc/unbound/unbound.pid"
| #define ROOT_ANCHOR_FILE "/usr/local/etc/unbound/root.key"
| #define ROOT_CERT_FILE "/usr/local/etc/unbound/icannbundle.pem"
| #define UB_USERNAME "unbound"
| #define WINVER 0x0502
| #define RSRC_PACKAGE_VERSION 1,18,0,0
| #define HAVE_GETOPT_H 1
| #define HAVE_TIME_H 1
| #define HAVE_ATTR_FORMAT 1
| #define HAVE_ATTR_UNUSED 1
| #define HAVE_ATTR_WEAK 1
| #define ATTR_WEAK __attribute__((weak))
| #define HAVE_ATTR_NORETURN 1
| #define ATTR_NORETURN __attribute__((__noreturn__))
| #define LEX_HAS_YYLEX_DESTROY 1
| #define HAVE_DLFCN_H 1
| #define LT_OBJDIR ".libs/"
| #define HAVE_STDARG_H 1
| #define HAVE_STDBOOL_H 1
| #define HAVE_NETINET_IN_H 1
| #define HAVE_NETINET_TCP_H 1
| #define HAVE_SYS_PARAM_H 1
| #define HAVE_SYS_SELECT_H 1
| #define HAVE_SYS_SOCKET_H 1
| #define HAVE_SYS_UN_H 1
| #define HAVE_SYS_UIO_H 1
| #define HAVE_SYS_RESOURCE_H 1
| #define HAVE_ARPA_INET_H 1
| #define HAVE_SYSLOG_H 1
| #define HAVE_NETDB_H 1
| #define HAVE_SYS_WAIT_H 1
| #define HAVE_PWD_H 1
| #define HAVE_GLOB_H 1
| #define HAVE_GRP_H 1
| #define HAVE_ENDIAN_H 1
| #define HAVE_SYS_IPC_H 1
| #define HAVE_SYS_SHM_H 1
| #define HAVE_IFADDRS_H 1
| #define HAVE_POLL_H 1
| #define HAVE_NET_IF_H 1
| #define HAVE_LINUX_NET_TSTAMP_H 1
| /* end confdefs.h.  */
| #include <stdio.h>
| #ifdef HAVE_SYS_TYPES_H
| # include <sys/types.h>
| #endif
| #ifdef HAVE_SYS_STAT_H
| # include <sys/stat.h>
| #endif
| #ifdef STDC_HEADERS
| # include <stdlib.h>
| # include <stddef.h>
| #else
| # ifdef HAVE_STDLIB_H
| #  include <stdlib.h>
| # endif
| #endif
| #ifdef HAVE_STRING_H
| # if !defined STDC_HEADERS && defined HAVE_MEMORY_H
| #  include <memory.h>
| # endif
| # include <string.h>
| #endif
| #ifdef HAVE_STRINGS_H
| # include <strings.h>
| #endif
| #ifdef HAVE_INTTYPES_H
| # include <inttypes.h>
| #endif
| #ifdef HAVE_STDINT_H
| # include <stdint.h>
| #endif
| #ifdef HAVE_UNISTD_H
| # include <unistd.h>
| #endif
| int
| main ()
| {
| if (sizeof ((int64_t)))
| 	    return 0;
|   ;
|   return 0;
| }
configure:14941: result: yes
configure:14952: checking for uint8_t
configure:14952: gcc -c  -g -O2 -D_GNU_SOURCE -flto  conftest.c >&5
configure:14952: $? = 0
configure:14952: gcc -c  -g -O2 -D_GNU_SOURCE -flto  conftest.c >&5
conftest.c: In function 'main':
conftest.c:106:22: error: expected expression before ')' token
  106 | if (sizeof ((uint8_t)))
      |                      ^
configure:14952: $? = 1
configure: failed program was:
| /* confdefs.h */
| #define PACKAGE_NAME "unbound"
| #define PACKAGE_TARNAME "unbound"
| #define PACKAGE_VERSION "1.18.0"
| #define PACKAGE_STRING "unbound 1.18.0"
| #define PACKAGE_BUGREPORT "unbound-bugs@nlnetlabs.nl or https://github.com/NLnetLabs/unbound/issues"
| #define PACKAGE_URL ""
| #define CONFCMDLINE ""
| #define STDC_HEADERS 1
| #define HAVE_SYS_TYPES_H 1
| #define HAVE_SYS_STAT_H 1
| #define HAVE_STDLIB_H 1
| #define HAVE_STRING_H 1
| #define HAVE_MEMORY_H 1
| #define HAVE_STRINGS_H 1
| #define HAVE_INTTYPES_H 1
| #define HAVE_STDINT_H 1
| #define HAVE_UNISTD_H 1
| #define __EXTENSIONS__ 1
| #define _ALL_SOURCE 1
| #define _GNU_SOURCE 1
| #define _POSIX_PTHREAD_SEMANTICS 1
| #define _TANDEM_SOURCE 1
| #define CONFIGFILE "/usr/local/etc/unbound/unbound.conf"
| #define RUN_DIR "/usr/local/etc/unbound"
| #define CHROOT_DIR "/usr/local/etc/unbound"
| #define SHARE_DIR "/usr/local/etc/unbound"
| #define PIDFILE "/usr/local/etc/unbound/unbound.pid"
| #define ROOT_ANCHOR_FILE "/usr/local/etc/unbound/root.key"
| #define ROOT_CERT_FILE "/usr/local/etc/unbound/icannbundle.pem"
| #define UB_USERNAME "unbound"
| #define WINVER 0x0502
| #define RSRC_PACKAGE_VERSION 1,18,0,0
| #define HAVE_GETOPT_H 1
| #define HAVE_TIME_H 1
| #define HAVE_ATTR_FORMAT 1
| #define HAVE_ATTR_UNUSED 1
| #define HAVE_ATTR_WEAK 1
| #define ATTR_WEAK __attribute__((weak))
| #define HAVE_ATTR_NORETURN 1
| #define ATTR_NORETURN __attribute__((__noreturn__))
| #define LEX_HAS_YYLEX_DESTROY 1
| #define HAVE_DLFCN_H 1
| #define LT_OBJDIR ".libs/"
| #define HAVE_STDARG_H 1
| #define HAVE_STDBOOL_H 1
| #define HAVE_NETINET_IN_H 1
| #define HAVE_NETINET_TCP_H 1
| #define HAVE_SYS_PARAM_H 1
| #define HAVE_SYS_SELECT_H 1
| #define HAVE_SYS_SOCKET_H 1
| #define HAVE_SYS_UN_H 1
| #define HAVE_SYS_UIO_H 1
| #define HAVE_SYS_RESOURCE_H 1
| #define HAVE_ARPA_INET_H 1
| #define HAVE_SYSLOG_H 1
| #define HAVE_NETDB_H 1
| #define HAVE_SYS_WAIT_H 1
| #define HAVE_PWD_H 1
| #define HAVE_GLOB_H 1
| #define HAVE_GRP_H 1
| #define HAVE_ENDIAN_H 1
| #define HAVE_SYS_IPC_H 1
| #define HAVE_SYS_SHM_H 1
| #define HAVE_IFADDRS_H 1
| #define HAVE_POLL_H 1
| #define HAVE_NET_IF_H 1
| #define HAVE_LINUX_NET_TSTAMP_H 1
| /* end confdefs.h.  */
| #include <stdio.h>
| #ifdef HAVE_SYS_TYPES_H
| # include <sys/types.h>
| #endif
| #ifdef HAVE_SYS_STAT_H
| # include <sys/stat.h>
| #endif
| #ifdef STDC_HEADERS
| # include <stdlib.h>
| # include <stddef.h>
| #else
| # ifdef HAVE_STDLIB_H
| #  include <stdlib.h>
| # endif
| #endif
| #ifdef HAVE_STRING_H
| # if !defined STDC_HEADERS && defined HAVE_MEMORY_H
| #  include <memory.h>
| # endif
| # include <string.h>
| #endif
| #ifdef HAVE_STRINGS_H
| # include <strings.h>
| #endif
| #ifdef HAVE_INTTYPES_H
| # include <inttypes.h>
| #endif
| #ifdef HAVE_STDINT_H
| # include <stdint.h>
| #endif
| #ifdef HAVE_UNISTD_H
| # include <unistd.h>
| #endif
| int
| main ()
| {
| if (sizeof ((uint8_t)))
| 	    return 0;
|   ;
|   return 0;
| }
configure:14952: result: yes
configure:14963: checking for uint16_t
configure:14963: gcc -c  -g -O2 -D_GNU_SOURCE -flto  conftest.c >&5
configure:14963: $? = 0
configure:14963: gcc -c  -g -O2 -D_GNU_SOURCE -flto  conftest.c >&5
conftest.c: In function 'main':
conftest.c:106:23: error: expected expression before ')' token
  106 | if (sizeof ((uint16_t)))
      |                       ^
configure:14963: $? = 1
configure: failed program was:
| /* confdefs.h */
| #define PACKAGE_NAME "unbound"
| #define PACKAGE_TARNAME "unbound"
| #define PACKAGE_VERSION "1.18.0"
| #define PACKAGE_STRING "unbound 1.18.0"
| #define PACKAGE_BUGREPORT "unbound-bugs@nlnetlabs.nl or https://github.com/NLnetLabs/unbound/issues"
| #define PACKAGE_URL ""
| #define CONFCMDLINE ""
| #define STDC_HEADERS 1
| #define HAVE_SYS_TYPES_H 1
| #define HAVE_SYS_STAT_H 1
| #define HAVE_STDLIB_H 1
| #define HAVE_STRING_H 1
| #define HAVE_MEMORY_H 1
| #define HAVE_STRINGS_H 1
| #define HAVE_INTTYPES_H 1
| #define HAVE_STDINT_H 1
| #define HAVE_UNISTD_H 1
| #define __EXTENSIONS__ 1
| #define _ALL_SOURCE 1
| #define _GNU_SOURCE 1
| #define _POSIX_PTHREAD_SEMANTICS 1
| #define _TANDEM_SOURCE 1
| #define CONFIGFILE "/usr/local/etc/unbound/unbound.conf"
| #define RUN_DIR "/usr/local/etc/unbound"
| #define CHROOT_DIR "/usr/local/etc/unbound"
| #define SHARE_DIR "/usr/local/etc/unbound"
| #define PIDFILE "/usr/local/etc/unbound/unbound.pid"
| #define ROOT_ANCHOR_FILE "/usr/local/etc/unbound/root.key"
| #define ROOT_CERT_FILE "/usr/local/etc/unbound/icannbundle.pem"
| #define UB_USERNAME "unbound"
| #define WINVER 0x0502
| #define RSRC_PACKAGE_VERSION 1,18,0,0
| #define HAVE_GETOPT_H 1
| #define HAVE_TIME_H 1
| #define HAVE_ATTR_FORMAT 1
| #define HAVE_ATTR_UNUSED 1
| #define HAVE_ATTR_WEAK 1
| #define ATTR_WEAK __attribute__((weak))
| #define HAVE_ATTR_NORETURN 1
| #define ATTR_NORETURN __attribute__((__noreturn__))
| #define LEX_HAS_YYLEX_DESTROY 1
| #define HAVE_DLFCN_H 1
| #define LT_OBJDIR ".libs/"
| #define HAVE_STDARG_H 1
| #define HAVE_STDBOOL_H 1
| #define HAVE_NETINET_IN_H 1
| #define HAVE_NETINET_TCP_H 1
| #define HAVE_SYS_PARAM_H 1
| #define HAVE_SYS_SELECT_H 1
| #define HAVE_SYS_SOCKET_H 1
| #define HAVE_SYS_UN_H 1
| #define HAVE_SYS_UIO_H 1
| #define HAVE_SYS_RESOURCE_H 1
| #define HAVE_ARPA_INET_H 1
| #define HAVE_SYSLOG_H 1
| #define HAVE_NETDB_H 1
| #define HAVE_SYS_WAIT_H 1
| #define HAVE_PWD_H 1
| #define HAVE_GLOB_H 1
| #define HAVE_GRP_H 1
| #define HAVE_ENDIAN_H 1
| #define HAVE_SYS_IPC_H 1
| #define HAVE_SYS_SHM_H 1
| #define HAVE_IFADDRS_H 1
| #define HAVE_POLL_H 1
| #define HAVE_NET_IF_H 1
| #define HAVE_LINUX_NET_TSTAMP_H 1
| /* end confdefs.h.  */
| #include <stdio.h>
| #ifdef HAVE_SYS_TYPES_H
| # include <sys/types.h>
| #endif
| #ifdef HAVE_SYS_STAT_H
| # include <sys/stat.h>
| #endif
| #ifdef STDC_HEADERS
| # include <stdlib.h>
| # include <stddef.h>
| #else
| # ifdef HAVE_STDLIB_H
| #  include <stdlib.h>
| # endif
| #endif
| #ifdef HAVE_STRING_H
| # if !defined STDC_HEADERS && defined HAVE_MEMORY_H
| #  include <memory.h>
| # endif
| # include <string.h>
| #endif
| #ifdef HAVE_STRINGS_H
| # include <strings.h>
| #endif
| #ifdef HAVE_INTTYPES_H
| # include <inttypes.h>
| #endif
| #ifdef HAVE_STDINT_H
| # include <stdint.h>
| #endif
| #ifdef HAVE_UNISTD_H
| # include <unistd.h>
| #endif
| int
| main ()
| {
| if (sizeof ((uint16_t)))
| 	    return 0;
|   ;
|   return 0;
| }
configure:14963: result: yes
configure:14974: checking for uint32_t
configure:14974: gcc -c  -g -O2 -D_GNU_SOURCE -flto  conftest.c >&5
configure:14974: $? = 0
configure:14974: gcc -c  -g -O2 -D_GNU_SOURCE -flto  conftest.c >&5
conftest.c: In function 'main':
conftest.c:106:23: error: expected expression before ')' token
  106 | if (sizeof ((uint32_t)))
      |                       ^
configure:14974: $? = 1
configure: failed program was:
| /* confdefs.h */
| #define PACKAGE_NAME "unbound"
| #define PACKAGE_TARNAME "unbound"
| #define PACKAGE_VERSION "1.18.0"
| #define PACKAGE_STRING "unbound 1.18.0"
| #define PACKAGE_BUGREPORT "unbound-bugs@nlnetlabs.nl or https://github.com/NLnetLabs/unbound/issues"
| #define PACKAGE_URL ""
| #define CONFCMDLINE ""
| #define STDC_HEADERS 1
| #define HAVE_SYS_TYPES_H 1
| #define HAVE_SYS_STAT_H 1
| #define HAVE_STDLIB_H 1
| #define HAVE_STRING_H 1
| #define HAVE_MEMORY_H 1
| #define HAVE_STRINGS_H 1
| #define HAVE_INTTYPES_H 1
| #define HAVE_STDINT_H 1
| #define HAVE_UNISTD_H 1
| #define __EXTENSIONS__ 1
| #define _ALL_SOURCE 1
| #define _GNU_SOURCE 1
| #define _POSIX_PTHREAD_SEMANTICS 1
| #define _TANDEM_SOURCE 1
| #define CONFIGFILE "/usr/local/etc/unbound/unbound.conf"
| #define RUN_DIR "/usr/local/etc/unbound"
| #define CHROOT_DIR "/usr/local/etc/unbound"
| #define SHARE_DIR "/usr/local/etc/unbound"
| #define PIDFILE "/usr/local/etc/unbound/unbound.pid"
| #define ROOT_ANCHOR_FILE "/usr/local/etc/unbound/root.key"
| #define ROOT_CERT_FILE "/usr/local/etc/unbound/icannbundle.pem"
| #define UB_USERNAME "unbound"
| #define WINVER 0x0502
| #define RSRC_PACKAGE_VERSION 1,18,0,0
| #define HAVE_GETOPT_H 1
| #define HAVE_TIME_H 1
| #define HAVE_ATTR_FORMAT 1
| #define HAVE_ATTR_UNUSED 1
| #define HAVE_ATTR_WEAK 1
| #define ATTR_WEAK __attribute__((weak))
| #define HAVE_ATTR_NORETURN 1
| #define ATTR_NORETURN __attribute__((__noreturn__))
| #define LEX_HAS_YYLEX_DESTROY 1
| #define HAVE_DLFCN_H 1
| #define LT_OBJDIR ".libs/"
| #define HAVE_STDARG_H 1
| #define HAVE_STDBOOL_H 1
| #define HAVE_NETINET_IN_H 1
| #define HAVE_NETINET_TCP_H 1
| #define HAVE_SYS_PARAM_H 1
| #define HAVE_SYS_SELECT_H 1
| #define HAVE_SYS_SOCKET_H 1
| #define HAVE_SYS_UN_H 1
| #define HAVE_SYS_UIO_H 1
| #define HAVE_SYS_RESOURCE_H 1
| #define HAVE_ARPA_INET_H 1
| #define HAVE_SYSLOG_H 1
| #define HAVE_NETDB_H 1
| #define HAVE_SYS_WAIT_H 1
| #define HAVE_PWD_H 1
| #define HAVE_GLOB_H 1
| #define HAVE_GRP_H 1
| #define HAVE_ENDIAN_H 1
| #define HAVE_SYS_IPC_H 1
| #define HAVE_SYS_SHM_H 1
| #define HAVE_IFADDRS_H 1
| #define HAVE_POLL_H 1
| #define HAVE_NET_IF_H 1
| #define HAVE_LINUX_NET_TSTAMP_H 1
| /* end confdefs.h.  */
| #include <stdio.h>
| #ifdef HAVE_SYS_TYPES_H
| # include <sys/types.h>
| #endif
| #ifdef HAVE_SYS_STAT_H
| # include <sys/stat.h>
| #endif
| #ifdef STDC_HEADERS
| # include <stdlib.h>
| # include <stddef.h>
| #else
| # ifdef HAVE_STDLIB_H
| #  include <stdlib.h>
| # endif
| #endif
| #ifdef HAVE_STRING_H
| # if !defined STDC_HEADERS && defined HAVE_MEMORY_H
| #  include <memory.h>
| # endif
| # include <string.h>
| #endif
| #ifdef HAVE_STRINGS_H
| # include <strings.h>
| #endif
| #ifdef HAVE_INTTYPES_H
| # include <inttypes.h>
| #endif
| #ifdef HAVE_STDINT_H
| # include <stdint.h>
| #endif
| #ifdef HAVE_UNISTD_H
| # include <unistd.h>
| #endif
| int
| main ()
| {
| if (sizeof ((uint32_t)))
| 	    return 0;
|   ;
|   return 0;
| }
configure:14974: result: yes
configure:14985: checking for uint64_t
configure:14985: gcc -c  -g -O2 -D_GNU_SOURCE -flto  conftest.c >&5
configure:14985: $? = 0
configure:14985: gcc -c  -g -O2 -D_GNU_SOURCE -flto  conftest.c >&5
conftest.c: In function 'main':
conftest.c:106:23: error: expected expression before ')' token
  106 | if (sizeof ((uint64_t)))
      |                       ^
configure:14985: $? = 1
configure: failed program was:
| /* confdefs.h */
| #define PACKAGE_NAME "unbound"
| #define PACKAGE_TARNAME "unbound"
| #define PACKAGE_VERSION "1.18.0"
| #define PACKAGE_STRING "unbound 1.18.0"
| #define PACKAGE_BUGREPORT "unbound-bugs@nlnetlabs.nl or https://github.com/NLnetLabs/unbound/issues"
| #define PACKAGE_URL ""
| #define CONFCMDLINE ""
| #define STDC_HEADERS 1
| #define HAVE_SYS_TYPES_H 1
| #define HAVE_SYS_STAT_H 1
| #define HAVE_STDLIB_H 1
| #define HAVE_STRING_H 1
| #define HAVE_MEMORY_H 1
| #define HAVE_STRINGS_H 1
| #define HAVE_INTTYPES_H 1
| #define HAVE_STDINT_H 1
| #define HAVE_UNISTD_H 1
| #define __EXTENSIONS__ 1
| #define _ALL_SOURCE 1
| #define _GNU_SOURCE 1
| #define _POSIX_PTHREAD_SEMANTICS 1
| #define _TANDEM_SOURCE 1
| #define CONFIGFILE "/usr/local/etc/unbound/unbound.conf"
| #define RUN_DIR "/usr/local/etc/unbound"
| #define CHROOT_DIR "/usr/local/etc/unbound"
| #define SHARE_DIR "/usr/local/etc/unbound"
| #define PIDFILE "/usr/local/etc/unbound/unbound.pid"
| #define ROOT_ANCHOR_FILE "/usr/local/etc/unbound/root.key"
| #define ROOT_CERT_FILE "/usr/local/etc/unbound/icannbundle.pem"
| #define UB_USERNAME "unbound"
| #define WINVER 0x0502
| #define RSRC_PACKAGE_VERSION 1,18,0,0
| #define HAVE_GETOPT_H 1
| #define HAVE_TIME_H 1
| #define HAVE_ATTR_FORMAT 1
| #define HAVE_ATTR_UNUSED 1
| #define HAVE_ATTR_WEAK 1
| #define ATTR_WEAK __attribute__((weak))
| #define HAVE_ATTR_NORETURN 1
| #define ATTR_NORETURN __attribute__((__noreturn__))
| #define LEX_HAS_YYLEX_DESTROY 1
| #define HAVE_DLFCN_H 1
| #define LT_OBJDIR ".libs/"
| #define HAVE_STDARG_H 1
| #define HAVE_STDBOOL_H 1
| #define HAVE_NETINET_IN_H 1
| #define HAVE_NETINET_TCP_H 1
| #define HAVE_SYS_PARAM_H 1
| #define HAVE_SYS_SELECT_H 1
| #define HAVE_SYS_SOCKET_H 1
| #define HAVE_SYS_UN_H 1
| #define HAVE_SYS_UIO_H 1
| #define HAVE_SYS_RESOURCE_H 1
| #define HAVE_ARPA_INET_H 1
| #define HAVE_SYSLOG_H 1
| #define HAVE_NETDB_H 1
| #define HAVE_SYS_WAIT_H 1
| #define HAVE_PWD_H 1
| #define HAVE_GLOB_H 1
| #define HAVE_GRP_H 1
| #define HAVE_ENDIAN_H 1
| #define HAVE_SYS_IPC_H 1
| #define HAVE_SYS_SHM_H 1
| #define HAVE_IFADDRS_H 1
| #define HAVE_POLL_H 1
| #define HAVE_NET_IF_H 1
| #define HAVE_LINUX_NET_TSTAMP_H 1
| /* end confdefs.h.  */
| #include <stdio.h>
| #ifdef HAVE_SYS_TYPES_H
| # include <sys/types.h>
| #endif
| #ifdef HAVE_SYS_STAT_H
| # include <sys/stat.h>
| #endif
| #ifdef STDC_HEADERS
| # include <stdlib.h>
| # include <stddef.h>
| #else
| # ifdef HAVE_STDLIB_H
| #  include <stdlib.h>
| # endif
| #endif
| #ifdef HAVE_STRING_H
| # if !defined STDC_HEADERS && defined HAVE_MEMORY_H
| #  include <memory.h>
| # endif
| # include <string.h>
| #endif
| #ifdef HAVE_STRINGS_H
| # include <strings.h>
| #endif
| #ifdef HAVE_INTTYPES_H
| # include <inttypes.h>
| #endif
| #ifdef HAVE_STDINT_H
| # include <stdint.h>
| #endif
| #ifdef HAVE_UNISTD_H
| # include <unistd.h>
| #endif
| int
| main ()
| {
| if (sizeof ((uint64_t)))
| 	    return 0;
|   ;
|   return 0;
| }
configure:14985: result: yes
configure:14996: checking for size_t
configure:14996: gcc -c  -g -O2 -D_GNU_SOURCE -flto  conftest.c >&5
configure:14996: $? = 0
configure:14996: gcc -c  -g -O2 -D_GNU_SOURCE -flto  conftest.c >&5
conftest.c: In function 'main':
conftest.c:106:21: error: expected expression before ')' token
  106 | if (sizeof ((size_t)))
      |                     ^
configure:14996: $? = 1
configure: failed program was:
| /* confdefs.h */
| #define PACKAGE_NAME "unbound"
| #define PACKAGE_TARNAME "unbound"
| #define PACKAGE_VERSION "1.18.0"
| #define PACKAGE_STRING "unbound 1.18.0"
| #define PACKAGE_BUGREPORT "unbound-bugs@nlnetlabs.nl or https://github.com/NLnetLabs/unbound/issues"
| #define PACKAGE_URL ""
| #define CONFCMDLINE ""
| #define STDC_HEADERS 1
| #define HAVE_SYS_TYPES_H 1
| #define HAVE_SYS_STAT_H 1
| #define HAVE_STDLIB_H 1
| #define HAVE_STRING_H 1
| #define HAVE_MEMORY_H 1
| #define HAVE_STRINGS_H 1
| #define HAVE_INTTYPES_H 1
| #define HAVE_STDINT_H 1
| #define HAVE_UNISTD_H 1
| #define __EXTENSIONS__ 1
| #define _ALL_SOURCE 1
| #define _GNU_SOURCE 1
| #define _POSIX_PTHREAD_SEMANTICS 1
| #define _TANDEM_SOURCE 1
| #define CONFIGFILE "/usr/local/etc/unbound/unbound.conf"
| #define RUN_DIR "/usr/local/etc/unbound"
| #define CHROOT_DIR "/usr/local/etc/unbound"
| #define SHARE_DIR "/usr/local/etc/unbound"
| #define PIDFILE "/usr/local/etc/unbound/unbound.pid"
| #define ROOT_ANCHOR_FILE "/usr/local/etc/unbound/root.key"
| #define ROOT_CERT_FILE "/usr/local/etc/unbound/icannbundle.pem"
| #define UB_USERNAME "unbound"
| #define WINVER 0x0502
| #define RSRC_PACKAGE_VERSION 1,18,0,0
| #define HAVE_GETOPT_H 1
| #define HAVE_TIME_H 1
| #define HAVE_ATTR_FORMAT 1
| #define HAVE_ATTR_UNUSED 1
| #define HAVE_ATTR_WEAK 1
| #define ATTR_WEAK __attribute__((weak))
| #define HAVE_ATTR_NORETURN 1
| #define ATTR_NORETURN __attribute__((__noreturn__))
| #define LEX_HAS_YYLEX_DESTROY 1
| #define HAVE_DLFCN_H 1
| #define LT_OBJDIR ".libs/"
| #define HAVE_STDARG_H 1
| #define HAVE_STDBOOL_H 1
| #define HAVE_NETINET_IN_H 1
| #define HAVE_NETINET_TCP_H 1
| #define HAVE_SYS_PARAM_H 1
| #define HAVE_SYS_SELECT_H 1
| #define HAVE_SYS_SOCKET_H 1
| #define HAVE_SYS_UN_H 1
| #define HAVE_SYS_UIO_H 1
| #define HAVE_SYS_RESOURCE_H 1
| #define HAVE_ARPA_INET_H 1
| #define HAVE_SYSLOG_H 1
| #define HAVE_NETDB_H 1
| #define HAVE_SYS_WAIT_H 1
| #define HAVE_PWD_H 1
| #define HAVE_GLOB_H 1
| #define HAVE_GRP_H 1
| #define HAVE_ENDIAN_H 1
| #define HAVE_SYS_IPC_H 1
| #define HAVE_SYS_SHM_H 1
| #define HAVE_IFADDRS_H 1
| #define HAVE_POLL_H 1
| #define HAVE_NET_IF_H 1
| #define HAVE_LINUX_NET_TSTAMP_H 1
| /* end confdefs.h.  */
| #include <stdio.h>
| #ifdef HAVE_SYS_TYPES_H
| # include <sys/types.h>
| #endif
| #ifdef HAVE_SYS_STAT_H
| # include <sys/stat.h>
| #endif
| #ifdef STDC_HEADERS
| # include <stdlib.h>
| # include <stddef.h>
| #else
| # ifdef HAVE_STDLIB_H
| #  include <stdlib.h>
| # endif
| #endif
| #ifdef HAVE_STRING_H
| # if !defined STDC_HEADERS && defined HAVE_MEMORY_H
| #  include <memory.h>
| # endif
| # include <string.h>
| #endif
| #ifdef HAVE_STRINGS_H
| # include <strings.h>
| #endif
| #ifdef HAVE_INTTYPES_H
| # include <inttypes.h>
| #endif
| #ifdef HAVE_STDINT_H
| # include <stdint.h>
| #endif
| #ifdef HAVE_UNISTD_H
| # include <unistd.h>
| #endif
| int
| main ()
| {
| if (sizeof ((size_t)))
| 	    return 0;
|   ;
|   return 0;
| }
configure:14996: result: yes
configure:15007: checking for ssize_t
configure:15007: gcc -c  -g -O2 -D_GNU_SOURCE -flto  conftest.c >&5
configure:15007: $? = 0
configure:15007: gcc -c  -g -O2 -D_GNU_SOURCE -flto  conftest.c >&5
conftest.c: In function 'main':
conftest.c:106:22: error: expected expression before ')' token
  106 | if (sizeof ((ssize_t)))
      |                      ^
configure:15007: $? = 1
configure: failed program was:
| /* confdefs.h */
| #define PACKAGE_NAME "unbound"
| #define PACKAGE_TARNAME "unbound"
| #define PACKAGE_VERSION "1.18.0"
| #define PACKAGE_STRING "unbound 1.18.0"
| #define PACKAGE_BUGREPORT "unbound-bugs@nlnetlabs.nl or https://github.com/NLnetLabs/unbound/issues"
| #define PACKAGE_URL ""
| #define CONFCMDLINE ""
| #define STDC_HEADERS 1
| #define HAVE_SYS_TYPES_H 1
| #define HAVE_SYS_STAT_H 1
| #define HAVE_STDLIB_H 1
| #define HAVE_STRING_H 1
| #define HAVE_MEMORY_H 1
| #define HAVE_STRINGS_H 1
| #define HAVE_INTTYPES_H 1
| #define HAVE_STDINT_H 1
| #define HAVE_UNISTD_H 1
| #define __EXTENSIONS__ 1
| #define _ALL_SOURCE 1
| #define _GNU_SOURCE 1
| #define _POSIX_PTHREAD_SEMANTICS 1
| #define _TANDEM_SOURCE 1
| #define CONFIGFILE "/usr/local/etc/unbound/unbound.conf"
| #define RUN_DIR "/usr/local/etc/unbound"
| #define CHROOT_DIR "/usr/local/etc/unbound"
| #define SHARE_DIR "/usr/local/etc/unbound"
| #define PIDFILE "/usr/local/etc/unbound/unbound.pid"
| #define ROOT_ANCHOR_FILE "/usr/local/etc/unbound/root.key"
| #define ROOT_CERT_FILE "/usr/local/etc/unbound/icannbundle.pem"
| #define UB_USERNAME "unbound"
| #define WINVER 0x0502
| #define RSRC_PACKAGE_VERSION 1,18,0,0
| #define HAVE_GETOPT_H 1
| #define HAVE_TIME_H 1
| #define HAVE_ATTR_FORMAT 1
| #define HAVE_ATTR_UNUSED 1
| #define HAVE_ATTR_WEAK 1
| #define ATTR_WEAK __attribute__((weak))
| #define HAVE_ATTR_NORETURN 1
| #define ATTR_NORETURN __attribute__((__noreturn__))
| #define LEX_HAS_YYLEX_DESTROY 1
| #define HAVE_DLFCN_H 1
| #define LT_OBJDIR ".libs/"
| #define HAVE_STDARG_H 1
| #define HAVE_STDBOOL_H 1
| #define HAVE_NETINET_IN_H 1
| #define HAVE_NETINET_TCP_H 1
| #define HAVE_SYS_PARAM_H 1
| #define HAVE_SYS_SELECT_H 1
| #define HAVE_SYS_SOCKET_H 1
| #define HAVE_SYS_UN_H 1
| #define HAVE_SYS_UIO_H 1
| #define HAVE_SYS_RESOURCE_H 1
| #define HAVE_ARPA_INET_H 1
| #define HAVE_SYSLOG_H 1
| #define HAVE_NETDB_H 1
| #define HAVE_SYS_WAIT_H 1
| #define HAVE_PWD_H 1
| #define HAVE_GLOB_H 1
| #define HAVE_GRP_H 1
| #define HAVE_ENDIAN_H 1
| #define HAVE_SYS_IPC_H 1
| #define HAVE_SYS_SHM_H 1
| #define HAVE_IFADDRS_H 1
| #define HAVE_POLL_H 1
| #define HAVE_NET_IF_H 1
| #define HAVE_LINUX_NET_TSTAMP_H 1
| /* end confdefs.h.  */
| #include <stdio.h>
| #ifdef HAVE_SYS_TYPES_H
| # include <sys/types.h>
| #endif
| #ifdef HAVE_SYS_STAT_H
| # include <sys/stat.h>
| #endif
| #ifdef STDC_HEADERS
| # include <stdlib.h>
| # include <stddef.h>
| #else
| # ifdef HAVE_STDLIB_H
| #  include <stdlib.h>
| # endif
| #endif
| #ifdef HAVE_STRING_H
| # if !defined STDC_HEADERS && defined HAVE_MEMORY_H
| #  include <memory.h>
| # endif
| # include <string.h>
| #endif
| #ifdef HAVE_STRINGS_H
| # include <strings.h>
| #endif
| #ifdef HAVE_INTTYPES_H
| # include <inttypes.h>
| #endif
| #ifdef HAVE_STDINT_H
| # include <stdint.h>
| #endif
| #ifdef HAVE_UNISTD_H
| # include <unistd.h>
| #endif
| int
| main ()
| {
| if (sizeof ((ssize_t)))
| 	    return 0;
|   ;
|   return 0;
| }
configure:15007: result: yes
configure:15018: checking for uid_t in sys/types.h
configure:15037: result: yes
configure:15048: checking for pid_t
configure:15048: gcc -c  -g -O2 -D_GNU_SOURCE -flto  conftest.c >&5
configure:15048: $? = 0
configure:15048: gcc -c  -g -O2 -D_GNU_SOURCE -flto  conftest.c >&5
conftest.c: In function 'main':
conftest.c:106:20: error: expected expression before ')' token
  106 | if (sizeof ((pid_t)))
      |                    ^
configure:15048: $? = 1
configure: failed program was:
| /* confdefs.h */
| #define PACKAGE_NAME "unbound"
| #define PACKAGE_TARNAME "unbound"
| #define PACKAGE_VERSION "1.18.0"
| #define PACKAGE_STRING "unbound 1.18.0"
| #define PACKAGE_BUGREPORT "unbound-bugs@nlnetlabs.nl or https://github.com/NLnetLabs/unbound/issues"
| #define PACKAGE_URL ""
| #define CONFCMDLINE ""
| #define STDC_HEADERS 1
| #define HAVE_SYS_TYPES_H 1
| #define HAVE_SYS_STAT_H 1
| #define HAVE_STDLIB_H 1
| #define HAVE_STRING_H 1
| #define HAVE_MEMORY_H 1
| #define HAVE_STRINGS_H 1
| #define HAVE_INTTYPES_H 1
| #define HAVE_STDINT_H 1
| #define HAVE_UNISTD_H 1
| #define __EXTENSIONS__ 1
| #define _ALL_SOURCE 1
| #define _GNU_SOURCE 1
| #define _POSIX_PTHREAD_SEMANTICS 1
| #define _TANDEM_SOURCE 1
| #define CONFIGFILE "/usr/local/etc/unbound/unbound.conf"
| #define RUN_DIR "/usr/local/etc/unbound"
| #define CHROOT_DIR "/usr/local/etc/unbound"
| #define SHARE_DIR "/usr/local/etc/unbound"
| #define PIDFILE "/usr/local/etc/unbound/unbound.pid"
| #define ROOT_ANCHOR_FILE "/usr/local/etc/unbound/root.key"
| #define ROOT_CERT_FILE "/usr/local/etc/unbound/icannbundle.pem"
| #define UB_USERNAME "unbound"
| #define WINVER 0x0502
| #define RSRC_PACKAGE_VERSION 1,18,0,0
| #define HAVE_GETOPT_H 1
| #define HAVE_TIME_H 1
| #define HAVE_ATTR_FORMAT 1
| #define HAVE_ATTR_UNUSED 1
| #define HAVE_ATTR_WEAK 1
| #define ATTR_WEAK __attribute__((weak))
| #define HAVE_ATTR_NORETURN 1
| #define ATTR_NORETURN __attribute__((__noreturn__))
| #define LEX_HAS_YYLEX_DESTROY 1
| #define HAVE_DLFCN_H 1
| #define LT_OBJDIR ".libs/"
| #define HAVE_STDARG_H 1
| #define HAVE_STDBOOL_H 1
| #define HAVE_NETINET_IN_H 1
| #define HAVE_NETINET_TCP_H 1
| #define HAVE_SYS_PARAM_H 1
| #define HAVE_SYS_SELECT_H 1
| #define HAVE_SYS_SOCKET_H 1
| #define HAVE_SYS_UN_H 1
| #define HAVE_SYS_UIO_H 1
| #define HAVE_SYS_RESOURCE_H 1
| #define HAVE_ARPA_INET_H 1
| #define HAVE_SYSLOG_H 1
| #define HAVE_NETDB_H 1
| #define HAVE_SYS_WAIT_H 1
| #define HAVE_PWD_H 1
| #define HAVE_GLOB_H 1
| #define HAVE_GRP_H 1
| #define HAVE_ENDIAN_H 1
| #define HAVE_SYS_IPC_H 1
| #define HAVE_SYS_SHM_H 1
| #define HAVE_IFADDRS_H 1
| #define HAVE_POLL_H 1
| #define HAVE_NET_IF_H 1
| #define HAVE_LINUX_NET_TSTAMP_H 1
| /* end confdefs.h.  */
| #include <stdio.h>
| #ifdef HAVE_SYS_TYPES_H
| # include <sys/types.h>
| #endif
| #ifdef HAVE_SYS_STAT_H
| # include <sys/stat.h>
| #endif
| #ifdef STDC_HEADERS
| # include <stdlib.h>
| # include <stddef.h>
| #else
| # ifdef HAVE_STDLIB_H
| #  include <stdlib.h>
| # endif
| #endif
| #ifdef HAVE_STRING_H
| # if !defined STDC_HEADERS && defined HAVE_MEMORY_H
| #  include <memory.h>
| # endif
| # include <string.h>
| #endif
| #ifdef HAVE_STRINGS_H
| # include <strings.h>
| #endif
| #ifdef HAVE_INTTYPES_H
| # include <inttypes.h>
| #endif
| #ifdef HAVE_STDINT_H
| # include <stdint.h>
| #endif
| #ifdef HAVE_UNISTD_H
| # include <unistd.h>
| #endif
| int
| main ()
| {
| if (sizeof ((pid_t)))
| 	    return 0;
|   ;
|   return 0;
| }
configure:15048: result: yes
configure:15059: checking for off_t
configure:15059: gcc -c  -g -O2 -D_GNU_SOURCE -flto  conftest.c >&5
configure:15059: $? = 0
configure:15059: gcc -c  -g -O2 -D_GNU_SOURCE -flto  conftest.c >&5
conftest.c: In function 'main':
conftest.c:106:20: error: expected expression before ')' token
  106 | if (sizeof ((off_t)))
      |                    ^
configure:15059: $? = 1
configure: failed program was:
| /* confdefs.h */
| #define PACKAGE_NAME "unbound"
| #define PACKAGE_TARNAME "unbound"
| #define PACKAGE_VERSION "1.18.0"
| #define PACKAGE_STRING "unbound 1.18.0"
| #define PACKAGE_BUGREPORT "unbound-bugs@nlnetlabs.nl or https://github.com/NLnetLabs/unbound/issues"
| #define PACKAGE_URL ""
| #define CONFCMDLINE ""
| #define STDC_HEADERS 1
| #define HAVE_SYS_TYPES_H 1
| #define HAVE_SYS_STAT_H 1
| #define HAVE_STDLIB_H 1
| #define HAVE_STRING_H 1
| #define HAVE_MEMORY_H 1
| #define HAVE_STRINGS_H 1
| #define HAVE_INTTYPES_H 1
| #define HAVE_STDINT_H 1
| #define HAVE_UNISTD_H 1
| #define __EXTENSIONS__ 1
| #define _ALL_SOURCE 1
| #define _GNU_SOURCE 1
| #define _POSIX_PTHREAD_SEMANTICS 1
| #define _TANDEM_SOURCE 1
| #define CONFIGFILE "/usr/local/etc/unbound/unbound.conf"
| #define RUN_DIR "/usr/local/etc/unbound"
| #define CHROOT_DIR "/usr/local/etc/unbound"
| #define SHARE_DIR "/usr/local/etc/unbound"
| #define PIDFILE "/usr/local/etc/unbound/unbound.pid"
| #define ROOT_ANCHOR_FILE "/usr/local/etc/unbound/root.key"
| #define ROOT_CERT_FILE "/usr/local/etc/unbound/icannbundle.pem"
| #define UB_USERNAME "unbound"
| #define WINVER 0x0502
| #define RSRC_PACKAGE_VERSION 1,18,0,0
| #define HAVE_GETOPT_H 1
| #define HAVE_TIME_H 1
| #define HAVE_ATTR_FORMAT 1
| #define HAVE_ATTR_UNUSED 1
| #define HAVE_ATTR_WEAK 1
| #define ATTR_WEAK __attribute__((weak))
| #define HAVE_ATTR_NORETURN 1
| #define ATTR_NORETURN __attribute__((__noreturn__))
| #define LEX_HAS_YYLEX_DESTROY 1
| #define HAVE_DLFCN_H 1
| #define LT_OBJDIR ".libs/"
| #define HAVE_STDARG_H 1
| #define HAVE_STDBOOL_H 1
| #define HAVE_NETINET_IN_H 1
| #define HAVE_NETINET_TCP_H 1
| #define HAVE_SYS_PARAM_H 1
| #define HAVE_SYS_SELECT_H 1
| #define HAVE_SYS_SOCKET_H 1
| #define HAVE_SYS_UN_H 1
| #define HAVE_SYS_UIO_H 1
| #define HAVE_SYS_RESOURCE_H 1
| #define HAVE_ARPA_INET_H 1
| #define HAVE_SYSLOG_H 1
| #define HAVE_NETDB_H 1
| #define HAVE_SYS_WAIT_H 1
| #define HAVE_PWD_H 1
| #define HAVE_GLOB_H 1
| #define HAVE_GRP_H 1
| #define HAVE_ENDIAN_H 1
| #define HAVE_SYS_IPC_H 1
| #define HAVE_SYS_SHM_H 1
| #define HAVE_IFADDRS_H 1
| #define HAVE_POLL_H 1
| #define HAVE_NET_IF_H 1
| #define HAVE_LINUX_NET_TSTAMP_H 1
| /* end confdefs.h.  */
| #include <stdio.h>
| #ifdef HAVE_SYS_TYPES_H
| # include <sys/types.h>
| #endif
| #ifdef HAVE_SYS_STAT_H
| # include <sys/stat.h>
| #endif
| #ifdef STDC_HEADERS
| # include <stdlib.h>
| # include <stddef.h>
| #else
| # ifdef HAVE_STDLIB_H
| #  include <stdlib.h>
| # endif
| #endif
| #ifdef HAVE_STRING_H
| # if !defined STDC_HEADERS && defined HAVE_MEMORY_H
| #  include <memory.h>
| # endif
| # include <string.h>
| #endif
| #ifdef HAVE_STRINGS_H
| # include <strings.h>
| #endif
| #ifdef HAVE_INTTYPES_H
| # include <inttypes.h>
| #endif
| #ifdef HAVE_STDINT_H
| # include <stdint.h>
| #endif
| #ifdef HAVE_UNISTD_H
| # include <unistd.h>
| #endif
| int
| main ()
| {
| if (sizeof ((off_t)))
| 	    return 0;
|   ;
|   return 0;
| }
configure:15059: result: yes
configure:15070: checking for u_char
configure:15070: gcc -c  -g -O2 -D_GNU_SOURCE -flto  conftest.c >&5
configure:15070: $? = 0
configure:15070: gcc -c  -g -O2 -D_GNU_SOURCE -flto  conftest.c >&5
conftest.c: In function 'main':
conftest.c:112:21: error: expected expression before ')' token
  112 | if (sizeof ((u_char)))
      |                     ^
configure:15070: $? = 1
configure: failed program was:
| /* confdefs.h */
| #define PACKAGE_NAME "unbound"
| #define PACKAGE_TARNAME "unbound"
| #define PACKAGE_VERSION "1.18.0"
| #define PACKAGE_STRING "unbound 1.18.0"
| #define PACKAGE_BUGREPORT "unbound-bugs@nlnetlabs.nl or https://github.com/NLnetLabs/unbound/issues"
| #define PACKAGE_URL ""
| #define CONFCMDLINE ""
| #define STDC_HEADERS 1
| #define HAVE_SYS_TYPES_H 1
| #define HAVE_SYS_STAT_H 1
| #define HAVE_STDLIB_H 1
| #define HAVE_STRING_H 1
| #define HAVE_MEMORY_H 1
| #define HAVE_STRINGS_H 1
| #define HAVE_INTTYPES_H 1
| #define HAVE_STDINT_H 1
| #define HAVE_UNISTD_H 1
| #define __EXTENSIONS__ 1
| #define _ALL_SOURCE 1
| #define _GNU_SOURCE 1
| #define _POSIX_PTHREAD_SEMANTICS 1
| #define _TANDEM_SOURCE 1
| #define CONFIGFILE "/usr/local/etc/unbound/unbound.conf"
| #define RUN_DIR "/usr/local/etc/unbound"
| #define CHROOT_DIR "/usr/local/etc/unbound"
| #define SHARE_DIR "/usr/local/etc/unbound"
| #define PIDFILE "/usr/local/etc/unbound/unbound.pid"
| #define ROOT_ANCHOR_FILE "/usr/local/etc/unbound/root.key"
| #define ROOT_CERT_FILE "/usr/local/etc/unbound/icannbundle.pem"
| #define UB_USERNAME "unbound"
| #define WINVER 0x0502
| #define RSRC_PACKAGE_VERSION 1,18,0,0
| #define HAVE_GETOPT_H 1
| #define HAVE_TIME_H 1
| #define HAVE_ATTR_FORMAT 1
| #define HAVE_ATTR_UNUSED 1
| #define HAVE_ATTR_WEAK 1
| #define ATTR_WEAK __attribute__((weak))
| #define HAVE_ATTR_NORETURN 1
| #define ATTR_NORETURN __attribute__((__noreturn__))
| #define LEX_HAS_YYLEX_DESTROY 1
| #define HAVE_DLFCN_H 1
| #define LT_OBJDIR ".libs/"
| #define HAVE_STDARG_H 1
| #define HAVE_STDBOOL_H 1
| #define HAVE_NETINET_IN_H 1
| #define HAVE_NETINET_TCP_H 1
| #define HAVE_SYS_PARAM_H 1
| #define HAVE_SYS_SELECT_H 1
| #define HAVE_SYS_SOCKET_H 1
| #define HAVE_SYS_UN_H 1
| #define HAVE_SYS_UIO_H 1
| #define HAVE_SYS_RESOURCE_H 1
| #define HAVE_ARPA_INET_H 1
| #define HAVE_SYSLOG_H 1
| #define HAVE_NETDB_H 1
| #define HAVE_SYS_WAIT_H 1
| #define HAVE_PWD_H 1
| #define HAVE_GLOB_H 1
| #define HAVE_GRP_H 1
| #define HAVE_ENDIAN_H 1
| #define HAVE_SYS_IPC_H 1
| #define HAVE_SYS_SHM_H 1
| #define HAVE_IFADDRS_H 1
| #define HAVE_POLL_H 1
| #define HAVE_NET_IF_H 1
| #define HAVE_LINUX_NET_TSTAMP_H 1
| /* end confdefs.h.  */
| 
| #include <stdio.h>
| #ifdef HAVE_SYS_TYPES_H
| # include <sys/types.h>
| #endif
| #ifdef HAVE_SYS_STAT_H
| # include <sys/stat.h>
| #endif
| #ifdef STDC_HEADERS
| # include <stdlib.h>
| # include <stddef.h>
| #else
| # ifdef HAVE_STDLIB_H
| #  include <stdlib.h>
| # endif
| #endif
| #ifdef HAVE_STRING_H
| # if !defined STDC_HEADERS && defined HAVE_MEMORY_H
| #  include <memory.h>
| # endif
| # include <string.h>
| #endif
| #ifdef HAVE_STRINGS_H
| # include <strings.h>
| #endif
| #ifdef HAVE_INTTYPES_H
| # include <inttypes.h>
| #endif
| #ifdef HAVE_STDINT_H
| # include <stdint.h>
| #endif
| #ifdef HAVE_UNISTD_H
| # include <unistd.h>
| #endif
| #ifdef HAVE_WINSOCK2_H
| #  include <winsock2.h>
| #endif
| 
| 
| int
| main ()
| {
| if (sizeof ((u_char)))
| 	    return 0;
|   ;
|   return 0;
| }
configure:15070: result: yes
configure:15085: checking for rlim_t
configure:15085: gcc -c  -g -O2 -D_GNU_SOURCE -flto  conftest.c >&5
configure:15085: $? = 0
configure:15085: gcc -c  -g -O2 -D_GNU_SOURCE -flto  conftest.c >&5
conftest.c: In function 'main':
conftest.c:112:21: error: expected expression before ')' token
  112 | if (sizeof ((rlim_t)))
      |                     ^
configure:15085: $? = 1
configure: failed program was:
| /* confdefs.h */
| #define PACKAGE_NAME "unbound"
| #define PACKAGE_TARNAME "unbound"
| #define PACKAGE_VERSION "1.18.0"
| #define PACKAGE_STRING "unbound 1.18.0"
| #define PACKAGE_BUGREPORT "unbound-bugs@nlnetlabs.nl or https://github.com/NLnetLabs/unbound/issues"
| #define PACKAGE_URL ""
| #define CONFCMDLINE ""
| #define STDC_HEADERS 1
| #define HAVE_SYS_TYPES_H 1
| #define HAVE_SYS_STAT_H 1
| #define HAVE_STDLIB_H 1
| #define HAVE_STRING_H 1
| #define HAVE_MEMORY_H 1
| #define HAVE_STRINGS_H 1
| #define HAVE_INTTYPES_H 1
| #define HAVE_STDINT_H 1
| #define HAVE_UNISTD_H 1
| #define __EXTENSIONS__ 1
| #define _ALL_SOURCE 1
| #define _GNU_SOURCE 1
| #define _POSIX_PTHREAD_SEMANTICS 1
| #define _TANDEM_SOURCE 1
| #define CONFIGFILE "/usr/local/etc/unbound/unbound.conf"
| #define RUN_DIR "/usr/local/etc/unbound"
| #define CHROOT_DIR "/usr/local/etc/unbound"
| #define SHARE_DIR "/usr/local/etc/unbound"
| #define PIDFILE "/usr/local/etc/unbound/unbound.pid"
| #define ROOT_ANCHOR_FILE "/usr/local/etc/unbound/root.key"
| #define ROOT_CERT_FILE "/usr/local/etc/unbound/icannbundle.pem"
| #define UB_USERNAME "unbound"
| #define WINVER 0x0502
| #define RSRC_PACKAGE_VERSION 1,18,0,0
| #define HAVE_GETOPT_H 1
| #define HAVE_TIME_H 1
| #define HAVE_ATTR_FORMAT 1
| #define HAVE_ATTR_UNUSED 1
| #define HAVE_ATTR_WEAK 1
| #define ATTR_WEAK __attribute__((weak))
| #define HAVE_ATTR_NORETURN 1
| #define ATTR_NORETURN __attribute__((__noreturn__))
| #define LEX_HAS_YYLEX_DESTROY 1
| #define HAVE_DLFCN_H 1
| #define LT_OBJDIR ".libs/"
| #define HAVE_STDARG_H 1
| #define HAVE_STDBOOL_H 1
| #define HAVE_NETINET_IN_H 1
| #define HAVE_NETINET_TCP_H 1
| #define HAVE_SYS_PARAM_H 1
| #define HAVE_SYS_SELECT_H 1
| #define HAVE_SYS_SOCKET_H 1
| #define HAVE_SYS_UN_H 1
| #define HAVE_SYS_UIO_H 1
| #define HAVE_SYS_RESOURCE_H 1
| #define HAVE_ARPA_INET_H 1
| #define HAVE_SYSLOG_H 1
| #define HAVE_NETDB_H 1
| #define HAVE_SYS_WAIT_H 1
| #define HAVE_PWD_H 1
| #define HAVE_GLOB_H 1
| #define HAVE_GRP_H 1
| #define HAVE_ENDIAN_H 1
| #define HAVE_SYS_IPC_H 1
| #define HAVE_SYS_SHM_H 1
| #define HAVE_IFADDRS_H 1
| #define HAVE_POLL_H 1
| #define HAVE_NET_IF_H 1
| #define HAVE_LINUX_NET_TSTAMP_H 1
| /* end confdefs.h.  */
| 
| #include <stdio.h>
| #ifdef HAVE_SYS_TYPES_H
| # include <sys/types.h>
| #endif
| #ifdef HAVE_SYS_STAT_H
| # include <sys/stat.h>
| #endif
| #ifdef STDC_HEADERS
| # include <stdlib.h>
| # include <stddef.h>
| #else
| # ifdef HAVE_STDLIB_H
| #  include <stdlib.h>
| # endif
| #endif
| #ifdef HAVE_STRING_H
| # if !defined STDC_HEADERS && defined HAVE_MEMORY_H
| #  include <memory.h>
| # endif
| # include <string.h>
| #endif
| #ifdef HAVE_STRINGS_H
| # include <strings.h>
| #endif
| #ifdef HAVE_INTTYPES_H
| # include <inttypes.h>
| #endif
| #ifdef HAVE_STDINT_H
| # include <stdint.h>
| #endif
| #ifdef HAVE_UNISTD_H
| # include <unistd.h>
| #endif
| #ifdef HAVE_SYS_RESOURCE_H
| #  include <sys/resource.h>
| #endif
| 
| 
| int
| main ()
| {
| if (sizeof ((rlim_t)))
| 	    return 0;
|   ;
|   return 0;
| }
configure:15085: result: yes
configure:15101: checking for socklen_t
configure:15101: gcc -c  -g -O2 -D_GNU_SOURCE -flto  conftest.c >&5
configure:15101: $? = 0
configure:15101: gcc -c  -g -O2 -D_GNU_SOURCE -flto  conftest.c >&5
conftest.c: In function 'main':
conftest.c:115:24: error: expected expression before ')' token
  115 | if (sizeof ((socklen_t)))
      |                        ^
configure:15101: $? = 1
configure: failed program was:
| /* confdefs.h */
| #define PACKAGE_NAME "unbound"
| #define PACKAGE_TARNAME "unbound"
| #define PACKAGE_VERSION "1.18.0"
| #define PACKAGE_STRING "unbound 1.18.0"
| #define PACKAGE_BUGREPORT "unbound-bugs@nlnetlabs.nl or https://github.com/NLnetLabs/unbound/issues"
| #define PACKAGE_URL ""
| #define CONFCMDLINE ""
| #define STDC_HEADERS 1
| #define HAVE_SYS_TYPES_H 1
| #define HAVE_SYS_STAT_H 1
| #define HAVE_STDLIB_H 1
| #define HAVE_STRING_H 1
| #define HAVE_MEMORY_H 1
| #define HAVE_STRINGS_H 1
| #define HAVE_INTTYPES_H 1
| #define HAVE_STDINT_H 1
| #define HAVE_UNISTD_H 1
| #define __EXTENSIONS__ 1
| #define _ALL_SOURCE 1
| #define _GNU_SOURCE 1
| #define _POSIX_PTHREAD_SEMANTICS 1
| #define _TANDEM_SOURCE 1
| #define CONFIGFILE "/usr/local/etc/unbound/unbound.conf"
| #define RUN_DIR "/usr/local/etc/unbound"
| #define CHROOT_DIR "/usr/local/etc/unbound"
| #define SHARE_DIR "/usr/local/etc/unbound"
| #define PIDFILE "/usr/local/etc/unbound/unbound.pid"
| #define ROOT_ANCHOR_FILE "/usr/local/etc/unbound/root.key"
| #define ROOT_CERT_FILE "/usr/local/etc/unbound/icannbundle.pem"
| #define UB_USERNAME "unbound"
| #define WINVER 0x0502
| #define RSRC_PACKAGE_VERSION 1,18,0,0
| #define HAVE_GETOPT_H 1
| #define HAVE_TIME_H 1
| #define HAVE_ATTR_FORMAT 1
| #define HAVE_ATTR_UNUSED 1
| #define HAVE_ATTR_WEAK 1
| #define ATTR_WEAK __attribute__((weak))
| #define HAVE_ATTR_NORETURN 1
| #define ATTR_NORETURN __attribute__((__noreturn__))
| #define LEX_HAS_YYLEX_DESTROY 1
| #define HAVE_DLFCN_H 1
| #define LT_OBJDIR ".libs/"
| #define HAVE_STDARG_H 1
| #define HAVE_STDBOOL_H 1
| #define HAVE_NETINET_IN_H 1
| #define HAVE_NETINET_TCP_H 1
| #define HAVE_SYS_PARAM_H 1
| #define HAVE_SYS_SELECT_H 1
| #define HAVE_SYS_SOCKET_H 1
| #define HAVE_SYS_UN_H 1
| #define HAVE_SYS_UIO_H 1
| #define HAVE_SYS_RESOURCE_H 1
| #define HAVE_ARPA_INET_H 1
| #define HAVE_SYSLOG_H 1
| #define HAVE_NETDB_H 1
| #define HAVE_SYS_WAIT_H 1
| #define HAVE_PWD_H 1
| #define HAVE_GLOB_H 1
| #define HAVE_GRP_H 1
| #define HAVE_ENDIAN_H 1
| #define HAVE_SYS_IPC_H 1
| #define HAVE_SYS_SHM_H 1
| #define HAVE_IFADDRS_H 1
| #define HAVE_POLL_H 1
| #define HAVE_NET_IF_H 1
| #define HAVE_LINUX_NET_TSTAMP_H 1
| /* end confdefs.h.  */
| 
| #include <stdio.h>
| #ifdef HAVE_SYS_TYPES_H
| # include <sys/types.h>
| #endif
| #ifdef HAVE_SYS_STAT_H
| # include <sys/stat.h>
| #endif
| #ifdef STDC_HEADERS
| # include <stdlib.h>
| # include <stddef.h>
| #else
| # ifdef HAVE_STDLIB_H
| #  include <stdlib.h>
| # endif
| #endif
| #ifdef HAVE_STRING_H
| # if !defined STDC_HEADERS && defined HAVE_MEMORY_H
| #  include <memory.h>
| # endif
| # include <string.h>
| #endif
| #ifdef HAVE_STRINGS_H
| # include <strings.h>
| #endif
| #ifdef HAVE_INTTYPES_H
| # include <inttypes.h>
| #endif
| #ifdef HAVE_STDINT_H
| # include <stdint.h>
| #endif
| #ifdef HAVE_UNISTD_H
| # include <unistd.h>
| #endif
| #ifdef HAVE_SYS_SOCKET_H
| #  include <sys/socket.h>
| #endif
| #ifdef HAVE_WS2TCPIP_H
| #  include <ws2tcpip.h>
| #endif
| 
| 
| int
| main ()
| {
| if (sizeof ((socklen_t)))
| 	    return 0;
|   ;
|   return 0;
| }
configure:15101: result: yes
configure:15119: checking for in_addr_t
configure:15119: gcc -c  -g -O2 -D_GNU_SOURCE -flto  conftest.c >&5
configure:15119: $? = 0
configure:15119: gcc -c  -g -O2 -D_GNU_SOURCE -flto  conftest.c >&5
conftest.c: In function 'main':
conftest.c:115:24: error: expected expression before ')' token
  115 | if (sizeof ((in_addr_t)))
      |                        ^
configure:15119: $? = 1
configure: failed program was:
| /* confdefs.h */
| #define PACKAGE_NAME "unbound"
| #define PACKAGE_TARNAME "unbound"
| #define PACKAGE_VERSION "1.18.0"
| #define PACKAGE_STRING "unbound 1.18.0"
| #define PACKAGE_BUGREPORT "unbound-bugs@nlnetlabs.nl or https://github.com/NLnetLabs/unbound/issues"
| #define PACKAGE_URL ""
| #define CONFCMDLINE ""
| #define STDC_HEADERS 1
| #define HAVE_SYS_TYPES_H 1
| #define HAVE_SYS_STAT_H 1
| #define HAVE_STDLIB_H 1
| #define HAVE_STRING_H 1
| #define HAVE_MEMORY_H 1
| #define HAVE_STRINGS_H 1
| #define HAVE_INTTYPES_H 1
| #define HAVE_STDINT_H 1
| #define HAVE_UNISTD_H 1
| #define __EXTENSIONS__ 1
| #define _ALL_SOURCE 1
| #define _GNU_SOURCE 1
| #define _POSIX_PTHREAD_SEMANTICS 1
| #define _TANDEM_SOURCE 1
| #define CONFIGFILE "/usr/local/etc/unbound/unbound.conf"
| #define RUN_DIR "/usr/local/etc/unbound"
| #define CHROOT_DIR "/usr/local/etc/unbound"
| #define SHARE_DIR "/usr/local/etc/unbound"
| #define PIDFILE "/usr/local/etc/unbound/unbound.pid"
| #define ROOT_ANCHOR_FILE "/usr/local/etc/unbound/root.key"
| #define ROOT_CERT_FILE "/usr/local/etc/unbound/icannbundle.pem"
| #define UB_USERNAME "unbound"
| #define WINVER 0x0502
| #define RSRC_PACKAGE_VERSION 1,18,0,0
| #define HAVE_GETOPT_H 1
| #define HAVE_TIME_H 1
| #define HAVE_ATTR_FORMAT 1
| #define HAVE_ATTR_UNUSED 1
| #define HAVE_ATTR_WEAK 1
| #define ATTR_WEAK __attribute__((weak))
| #define HAVE_ATTR_NORETURN 1
| #define ATTR_NORETURN __attribute__((__noreturn__))
| #define LEX_HAS_YYLEX_DESTROY 1
| #define HAVE_DLFCN_H 1
| #define LT_OBJDIR ".libs/"
| #define HAVE_STDARG_H 1
| #define HAVE_STDBOOL_H 1
| #define HAVE_NETINET_IN_H 1
| #define HAVE_NETINET_TCP_H 1
| #define HAVE_SYS_PARAM_H 1
| #define HAVE_SYS_SELECT_H 1
| #define HAVE_SYS_SOCKET_H 1
| #define HAVE_SYS_UN_H 1
| #define HAVE_SYS_UIO_H 1
| #define HAVE_SYS_RESOURCE_H 1
| #define HAVE_ARPA_INET_H 1
| #define HAVE_SYSLOG_H 1
| #define HAVE_NETDB_H 1
| #define HAVE_SYS_WAIT_H 1
| #define HAVE_PWD_H 1
| #define HAVE_GLOB_H 1
| #define HAVE_GRP_H 1
| #define HAVE_ENDIAN_H 1
| #define HAVE_SYS_IPC_H 1
| #define HAVE_SYS_SHM_H 1
| #define HAVE_IFADDRS_H 1
| #define HAVE_POLL_H 1
| #define HAVE_NET_IF_H 1
| #define HAVE_LINUX_NET_TSTAMP_H 1
| /* end confdefs.h.  */
| 
| #include <stdio.h>
| #ifdef HAVE_SYS_TYPES_H
| # include <sys/types.h>
| #endif
| #ifdef HAVE_SYS_STAT_H
| # include <sys/stat.h>
| #endif
| #ifdef STDC_HEADERS
| # include <stdlib.h>
| # include <stddef.h>
| #else
| # ifdef HAVE_STDLIB_H
| #  include <stdlib.h>
| # endif
| #endif
| #ifdef HAVE_STRING_H
| # if !defined STDC_HEADERS && defined HAVE_MEMORY_H
| #  include <memory.h>
| # endif
| # include <string.h>
| #endif
| #ifdef HAVE_STRINGS_H
| # include <strings.h>
| #endif
| #ifdef HAVE_INTTYPES_H
| # include <inttypes.h>
| #endif
| #ifdef HAVE_STDINT_H
| # include <stdint.h>
| #endif
| #ifdef HAVE_UNISTD_H
| # include <unistd.h>
| #endif
| #ifdef HAVE_SYS_TYPES_H
| # include <sys/types.h>
| #endif
| #ifdef HAVE_NETINET_IN_H
| # include <netinet/in.h>
| #endif
| 
| 
| int
| main ()
| {
| if (sizeof ((in_addr_t)))
| 	    return 0;
|   ;
|   return 0;
| }
configure:15119: result: yes
configure:15137: checking for in_port_t
configure:15137: gcc -c  -g -O2 -D_GNU_SOURCE -flto  conftest.c >&5
configure:15137: $? = 0
configure:15137: gcc -c  -g -O2 -D_GNU_SOURCE -flto  conftest.c >&5
conftest.c: In function 'main':
conftest.c:115:24: error: expected expression before ')' token
  115 | if (sizeof ((in_port_t)))
      |                        ^
configure:15137: $? = 1
configure: failed program was:
| /* confdefs.h */
| #define PACKAGE_NAME "unbound"
| #define PACKAGE_TARNAME "unbound"
| #define PACKAGE_VERSION "1.18.0"
| #define PACKAGE_STRING "unbound 1.18.0"
| #define PACKAGE_BUGREPORT "unbound-bugs@nlnetlabs.nl or https://github.com/NLnetLabs/unbound/issues"
| #define PACKAGE_URL ""
| #define CONFCMDLINE ""
| #define STDC_HEADERS 1
| #define HAVE_SYS_TYPES_H 1
| #define HAVE_SYS_STAT_H 1
| #define HAVE_STDLIB_H 1
| #define HAVE_STRING_H 1
| #define HAVE_MEMORY_H 1
| #define HAVE_STRINGS_H 1
| #define HAVE_INTTYPES_H 1
| #define HAVE_STDINT_H 1
| #define HAVE_UNISTD_H 1
| #define __EXTENSIONS__ 1
| #define _ALL_SOURCE 1
| #define _GNU_SOURCE 1
| #define _POSIX_PTHREAD_SEMANTICS 1
| #define _TANDEM_SOURCE 1
| #define CONFIGFILE "/usr/local/etc/unbound/unbound.conf"
| #define RUN_DIR "/usr/local/etc/unbound"
| #define CHROOT_DIR "/usr/local/etc/unbound"
| #define SHARE_DIR "/usr/local/etc/unbound"
| #define PIDFILE "/usr/local/etc/unbound/unbound.pid"
| #define ROOT_ANCHOR_FILE "/usr/local/etc/unbound/root.key"
| #define ROOT_CERT_FILE "/usr/local/etc/unbound/icannbundle.pem"
| #define UB_USERNAME "unbound"
| #define WINVER 0x0502
| #define RSRC_PACKAGE_VERSION 1,18,0,0
| #define HAVE_GETOPT_H 1
| #define HAVE_TIME_H 1
| #define HAVE_ATTR_FORMAT 1
| #define HAVE_ATTR_UNUSED 1
| #define HAVE_ATTR_WEAK 1
| #define ATTR_WEAK __attribute__((weak))
| #define HAVE_ATTR_NORETURN 1
| #define ATTR_NORETURN __attribute__((__noreturn__))
| #define LEX_HAS_YYLEX_DESTROY 1
| #define HAVE_DLFCN_H 1
| #define LT_OBJDIR ".libs/"
| #define HAVE_STDARG_H 1
| #define HAVE_STDBOOL_H 1
| #define HAVE_NETINET_IN_H 1
| #define HAVE_NETINET_TCP_H 1
| #define HAVE_SYS_PARAM_H 1
| #define HAVE_SYS_SELECT_H 1
| #define HAVE_SYS_SOCKET_H 1
| #define HAVE_SYS_UN_H 1
| #define HAVE_SYS_UIO_H 1
| #define HAVE_SYS_RESOURCE_H 1
| #define HAVE_ARPA_INET_H 1
| #define HAVE_SYSLOG_H 1
| #define HAVE_NETDB_H 1
| #define HAVE_SYS_WAIT_H 1
| #define HAVE_PWD_H 1
| #define HAVE_GLOB_H 1
| #define HAVE_GRP_H 1
| #define HAVE_ENDIAN_H 1
| #define HAVE_SYS_IPC_H 1
| #define HAVE_SYS_SHM_H 1
| #define HAVE_IFADDRS_H 1
| #define HAVE_POLL_H 1
| #define HAVE_NET_IF_H 1
| #define HAVE_LINUX_NET_TSTAMP_H 1
| /* end confdefs.h.  */
| 
| #include <stdio.h>
| #ifdef HAVE_SYS_TYPES_H
| # include <sys/types.h>
| #endif
| #ifdef HAVE_SYS_STAT_H
| # include <sys/stat.h>
| #endif
| #ifdef STDC_HEADERS
| # include <stdlib.h>
| # include <stddef.h>
| #else
| # ifdef HAVE_STDLIB_H
| #  include <stdlib.h>
| # endif
| #endif
| #ifdef HAVE_STRING_H
| # if !defined STDC_HEADERS && defined HAVE_MEMORY_H
| #  include <memory.h>
| # endif
| # include <string.h>
| #endif
| #ifdef HAVE_STRINGS_H
| # include <strings.h>
| #endif
| #ifdef HAVE_INTTYPES_H
| # include <inttypes.h>
| #endif
| #ifdef HAVE_STDINT_H
| # include <stdint.h>
| #endif
| #ifdef HAVE_UNISTD_H
| # include <unistd.h>
| #endif
| #ifdef HAVE_SYS_TYPES_H
| # include <sys/types.h>
| #endif
| #ifdef HAVE_NETINET_IN_H
| # include <netinet/in.h>
| #endif
| 
| 
| int
| main ()
| {
| if (sizeof ((in_port_t)))
| 	    return 0;
|   ;
|   return 0;
| }
configure:15137: result: yes
configure:15155: checking if memcmp compares unsigned
configure:15186: gcc -o conftest  -g -O2 -D_GNU_SOURCE -flto   conftest.c  >&5
configure:15186: $? = 0
configure:15186: ./conftest
configure:15186: $? = 0
configure:15187: result: yes
configure:15212: checking size of time_t
configure:15217: gcc -o conftest  -g -O2 -D_GNU_SOURCE -flto   conftest.c  >&5
configure:15217: $? = 0
configure:15217: ./conftest
configure:15217: $? = 0
configure:15244: result: 8
configure:15258: checking size of size_t
configure:15263: gcc -o conftest  -g -O2 -D_GNU_SOURCE -flto   conftest.c  >&5
configure:15263: $? = 0
configure:15263: ./conftest
configure:15263: $? = 0
configure:15277: result: 8
configure:15305: checking for library containing inet_pton
configure:15336: gcc -o conftest  -g -O2 -D_GNU_SOURCE -flto   conftest.c  >&5
configure:15336: $? = 0
configure:15353: result: none required
configure:15361: checking for library containing socket
configure:15392: gcc -o conftest  -g -O2 -D_GNU_SOURCE -flto   conftest.c  >&5
configure:15392: $? = 0
configure:15409: result: none required
configure:15423: checking for unistd.h
configure:15423: result: yes
configure:15433: checking for working chown
configure:15466: gcc -o conftest  -g -O2 -D_GNU_SOURCE -flto   conftest.c  >&5
configure:15466: $? = 0
configure:15466: ./conftest
configure:15466: $? = 0
configure:15478: result: yes
configure:15488: checking vfork.h usability
configure:15488: gcc -c  -g -O2 -D_GNU_SOURCE -flto  conftest.c >&5
conftest.c:107:10: fatal error: vfork.h: No such file or directory
  107 | #include <vfork.h>
      |          ^~~~~~~~~
compilation terminated.
configure:15488: $? = 1
configure: failed program was:
| /* confdefs.h */
| #define PACKAGE_NAME "unbound"
| #define PACKAGE_TARNAME "unbound"
| #define PACKAGE_VERSION "1.18.0"
| #define PACKAGE_STRING "unbound 1.18.0"
| #define PACKAGE_BUGREPORT "unbound-bugs@nlnetlabs.nl or https://github.com/NLnetLabs/unbound/issues"
| #define PACKAGE_URL ""
| #define CONFCMDLINE ""
| #define STDC_HEADERS 1
| #define HAVE_SYS_TYPES_H 1
| #define HAVE_SYS_STAT_H 1
| #define HAVE_STDLIB_H 1
| #define HAVE_STRING_H 1
| #define HAVE_MEMORY_H 1
| #define HAVE_STRINGS_H 1
| #define HAVE_INTTYPES_H 1
| #define HAVE_STDINT_H 1
| #define HAVE_UNISTD_H 1
| #define __EXTENSIONS__ 1
| #define _ALL_SOURCE 1
| #define _GNU_SOURCE 1
| #define _POSIX_PTHREAD_SEMANTICS 1
| #define _TANDEM_SOURCE 1
| #define CONFIGFILE "/usr/local/etc/unbound/unbound.conf"
| #define RUN_DIR "/usr/local/etc/unbound"
| #define CHROOT_DIR "/usr/local/etc/unbound"
| #define SHARE_DIR "/usr/local/etc/unbound"
| #define PIDFILE "/usr/local/etc/unbound/unbound.pid"
| #define ROOT_ANCHOR_FILE "/usr/local/etc/unbound/root.key"
| #define ROOT_CERT_FILE "/usr/local/etc/unbound/icannbundle.pem"
| #define UB_USERNAME "unbound"
| #define WINVER 0x0502
| #define RSRC_PACKAGE_VERSION 1,18,0,0
| #define HAVE_GETOPT_H 1
| #define HAVE_TIME_H 1
| #define HAVE_ATTR_FORMAT 1
| #define HAVE_ATTR_UNUSED 1
| #define HAVE_ATTR_WEAK 1
| #define ATTR_WEAK __attribute__((weak))
| #define HAVE_ATTR_NORETURN 1
| #define ATTR_NORETURN __attribute__((__noreturn__))
| #define LEX_HAS_YYLEX_DESTROY 1
| #define HAVE_DLFCN_H 1
| #define LT_OBJDIR ".libs/"
| #define HAVE_STDARG_H 1
| #define HAVE_STDBOOL_H 1
| #define HAVE_NETINET_IN_H 1
| #define HAVE_NETINET_TCP_H 1
| #define HAVE_SYS_PARAM_H 1
| #define HAVE_SYS_SELECT_H 1
| #define HAVE_SYS_SOCKET_H 1
| #define HAVE_SYS_UN_H 1
| #define HAVE_SYS_UIO_H 1
| #define HAVE_SYS_RESOURCE_H 1
| #define HAVE_ARPA_INET_H 1
| #define HAVE_SYSLOG_H 1
| #define HAVE_NETDB_H 1
| #define HAVE_SYS_WAIT_H 1
| #define HAVE_PWD_H 1
| #define HAVE_GLOB_H 1
| #define HAVE_GRP_H 1
| #define HAVE_ENDIAN_H 1
| #define HAVE_SYS_IPC_H 1
| #define HAVE_SYS_SHM_H 1
| #define HAVE_IFADDRS_H 1
| #define HAVE_POLL_H 1
| #define HAVE_NET_IF_H 1
| #define HAVE_LINUX_NET_TSTAMP_H 1
| #define SIZEOF_TIME_T 8
| #define SIZEOF_SIZE_T 8
| #define HAVE_UNISTD_H 1
| #define HAVE_CHOWN 1
| /* end confdefs.h.  */
| #include <stdio.h>
| #ifdef HAVE_SYS_TYPES_H
| # include <sys/types.h>
| #endif
| #ifdef HAVE_SYS_STAT_H
| # include <sys/stat.h>
| #endif
| #ifdef STDC_HEADERS
| # include <stdlib.h>
| # include <stddef.h>
| #else
| # ifdef HAVE_STDLIB_H
| #  include <stdlib.h>
| # endif
| #endif
| #ifdef HAVE_STRING_H
| # if !defined STDC_HEADERS && defined HAVE_MEMORY_H
| #  include <memory.h>
| # endif
| # include <string.h>
| #endif
| #ifdef HAVE_STRINGS_H
| # include <strings.h>
| #endif
| #ifdef HAVE_INTTYPES_H
| # include <inttypes.h>
| #endif
| #ifdef HAVE_STDINT_H
| # include <stdint.h>
| #endif
| #ifdef HAVE_UNISTD_H
| # include <unistd.h>
| #endif
| #include <vfork.h>
configure:15488: result: no
configure:15488: checking vfork.h presence
configure:15488: gcc -E  conftest.c
conftest.c:74:10: fatal error: vfork.h: No such file or directory
   74 | #include <vfork.h>
      |          ^~~~~~~~~
compilation terminated.
configure:15488: $? = 1
configure: failed program was:
| /* confdefs.h */
| #define PACKAGE_NAME "unbound"
| #define PACKAGE_TARNAME "unbound"
| #define PACKAGE_VERSION "1.18.0"
| #define PACKAGE_STRING "unbound 1.18.0"
| #define PACKAGE_BUGREPORT "unbound-bugs@nlnetlabs.nl or https://github.com/NLnetLabs/unbound/issues"
| #define PACKAGE_URL ""
| #define CONFCMDLINE ""
| #define STDC_HEADERS 1
| #define HAVE_SYS_TYPES_H 1
| #define HAVE_SYS_STAT_H 1
| #define HAVE_STDLIB_H 1
| #define HAVE_STRING_H 1
| #define HAVE_MEMORY_H 1
| #define HAVE_STRINGS_H 1
| #define HAVE_INTTYPES_H 1
| #define HAVE_STDINT_H 1
| #define HAVE_UNISTD_H 1
| #define __EXTENSIONS__ 1
| #define _ALL_SOURCE 1
| #define _GNU_SOURCE 1
| #define _POSIX_PTHREAD_SEMANTICS 1
| #define _TANDEM_SOURCE 1
| #define CONFIGFILE "/usr/local/etc/unbound/unbound.conf"
| #define RUN_DIR "/usr/local/etc/unbound"
| #define CHROOT_DIR "/usr/local/etc/unbound"
| #define SHARE_DIR "/usr/local/etc/unbound"
| #define PIDFILE "/usr/local/etc/unbound/unbound.pid"
| #define ROOT_ANCHOR_FILE "/usr/local/etc/unbound/root.key"
| #define ROOT_CERT_FILE "/usr/local/etc/unbound/icannbundle.pem"
| #define UB_USERNAME "unbound"
| #define WINVER 0x0502
| #define RSRC_PACKAGE_VERSION 1,18,0,0
| #define HAVE_GETOPT_H 1
| #define HAVE_TIME_H 1
| #define HAVE_ATTR_FORMAT 1
| #define HAVE_ATTR_UNUSED 1
| #define HAVE_ATTR_WEAK 1
| #define ATTR_WEAK __attribute__((weak))
| #define HAVE_ATTR_NORETURN 1
| #define ATTR_NORETURN __attribute__((__noreturn__))
| #define LEX_HAS_YYLEX_DESTROY 1
| #define HAVE_DLFCN_H 1
| #define LT_OBJDIR ".libs/"
| #define HAVE_STDARG_H 1
| #define HAVE_STDBOOL_H 1
| #define HAVE_NETINET_IN_H 1
| #define HAVE_NETINET_TCP_H 1
| #define HAVE_SYS_PARAM_H 1
| #define HAVE_SYS_SELECT_H 1
| #define HAVE_SYS_SOCKET_H 1
| #define HAVE_SYS_UN_H 1
| #define HAVE_SYS_UIO_H 1
| #define HAVE_SYS_RESOURCE_H 1
| #define HAVE_ARPA_INET_H 1
| #define HAVE_SYSLOG_H 1
| #define HAVE_NETDB_H 1
| #define HAVE_SYS_WAIT_H 1
| #define HAVE_PWD_H 1
| #define HAVE_GLOB_H 1
| #define HAVE_GRP_H 1
| #define HAVE_ENDIAN_H 1
| #define HAVE_SYS_IPC_H 1
| #define HAVE_SYS_SHM_H 1
| #define HAVE_IFADDRS_H 1
| #define HAVE_POLL_H 1
| #define HAVE_NET_IF_H 1
| #define HAVE_LINUX_NET_TSTAMP_H 1
| #define SIZEOF_TIME_T 8
| #define SIZEOF_SIZE_T 8
| #define HAVE_UNISTD_H 1
| #define HAVE_CHOWN 1
| /* end confdefs.h.  */
| #include <vfork.h>
configure:15488: result: no
configure:15488: checking for vfork.h
configure:15488: result: no
configure:15501: checking for fork
configure:15501: gcc -o conftest  -g -O2 -D_GNU_SOURCE -flto   conftest.c  >&5
conftest.c:97:6: warning: conflicting types for built-in function 'fork'; expected 'int(void)' [-Wbuiltin-declaration-mismatch]
   97 | char fork ();
      |      ^~~~
configure:15501: $? = 0
configure:15501: result: yes
configure:15501: checking for vfork
configure:15501: gcc -o conftest  -g -O2 -D_GNU_SOURCE -flto   conftest.c  >&5
configure:15501: $? = 0
configure:15501: result: yes
configure:15511: checking for working fork
configure:15533: gcc -o conftest  -g -O2 -D_GNU_SOURCE -flto   conftest.c  >&5
configure:15533: $? = 0
configure:15533: ./conftest
configure:15533: $? = 0
configure:15543: result: yes
configure:15564: checking for working vfork
configure:15674: result: yes
configure:15702: checking for _LARGEFILE_SOURCE value needed for large files
configure:15721: gcc -o conftest  -g -O2 -D_GNU_SOURCE -flto   conftest.c  >&5
configure:15721: $? = 0
configure:15749: result: no
configure:15778: checking for special C compiler options needed for large files
configure:15823: result: no
configure:15829: checking for _FILE_OFFSET_BITS value needed for large files
configure:15854: gcc -c  -g -O2 -D_GNU_SOURCE -flto  conftest.c >&5
configure:15854: $? = 0
configure:15886: result: no
configure:15974: checking whether we need -D_LARGEFILE_SOURCE=1 as a flag for gcc
configure:16016: result: no
configure:16035: checking if nonblocking sockets work
configure:16179: gcc -o conftest  -g -O2 -D_GNU_SOURCE -flto   conftest.c  >&5
configure:16179: $? = 0
configure:16179: ./conftest
configure:16179: $? = 0
configure:16181: result: yes
configure:16200: checking whether mkdir has one arg
configure:16224: gcc -c  -g -O2 -D_GNU_SOURCE -flto  conftest.c >&5
conftest.c: In function 'main':
conftest.c:94:15: error: too few arguments to function 'mkdir'
   94 |         (void)mkdir("directory");
      |               ^~~~~
In file included from conftest.c:87:
/usr/include/x86_64-linux-gnu/sys/stat.h:389:12: note: declared here
  389 | extern int mkdir (const char *__path, __mode_t __mode)
      |            ^~~~~
configure:16224: $? = 1
configure: failed program was:
| /* confdefs.h */
| #define PACKAGE_NAME "unbound"
| #define PACKAGE_TARNAME "unbound"
| #define PACKAGE_VERSION "1.18.0"
| #define PACKAGE_STRING "unbound 1.18.0"
| #define PACKAGE_BUGREPORT "unbound-bugs@nlnetlabs.nl or https://github.com/NLnetLabs/unbound/issues"
| #define PACKAGE_URL ""
| #define CONFCMDLINE ""
| #define STDC_HEADERS 1
| #define HAVE_SYS_TYPES_H 1
| #define HAVE_SYS_STAT_H 1
| #define HAVE_STDLIB_H 1
| #define HAVE_STRING_H 1
| #define HAVE_MEMORY_H 1
| #define HAVE_STRINGS_H 1
| #define HAVE_INTTYPES_H 1
| #define HAVE_STDINT_H 1
| #define HAVE_UNISTD_H 1
| #define __EXTENSIONS__ 1
| #define _ALL_SOURCE 1
| #define _GNU_SOURCE 1
| #define _POSIX_PTHREAD_SEMANTICS 1
| #define _TANDEM_SOURCE 1
| #define CONFIGFILE "/usr/local/etc/unbound/unbound.conf"
| #define RUN_DIR "/usr/local/etc/unbound"
| #define CHROOT_DIR "/usr/local/etc/unbound"
| #define SHARE_DIR "/usr/local/etc/unbound"
| #define PIDFILE "/usr/local/etc/unbound/unbound.pid"
| #define ROOT_ANCHOR_FILE "/usr/local/etc/unbound/root.key"
| #define ROOT_CERT_FILE "/usr/local/etc/unbound/icannbundle.pem"
| #define UB_USERNAME "unbound"
| #define WINVER 0x0502
| #define RSRC_PACKAGE_VERSION 1,18,0,0
| #define HAVE_GETOPT_H 1
| #define HAVE_TIME_H 1
| #define HAVE_ATTR_FORMAT 1
| #define HAVE_ATTR_UNUSED 1
| #define HAVE_ATTR_WEAK 1
| #define ATTR_WEAK __attribute__((weak))
| #define HAVE_ATTR_NORETURN 1
| #define ATTR_NORETURN __attribute__((__noreturn__))
| #define LEX_HAS_YYLEX_DESTROY 1
| #define HAVE_DLFCN_H 1
| #define LT_OBJDIR ".libs/"
| #define HAVE_STDARG_H 1
| #define HAVE_STDBOOL_H 1
| #define HAVE_NETINET_IN_H 1
| #define HAVE_NETINET_TCP_H 1
| #define HAVE_SYS_PARAM_H 1
| #define HAVE_SYS_SELECT_H 1
| #define HAVE_SYS_SOCKET_H 1
| #define HAVE_SYS_UN_H 1
| #define HAVE_SYS_UIO_H 1
| #define HAVE_SYS_RESOURCE_H 1
| #define HAVE_ARPA_INET_H 1
| #define HAVE_SYSLOG_H 1
| #define HAVE_NETDB_H 1
| #define HAVE_SYS_WAIT_H 1
| #define HAVE_PWD_H 1
| #define HAVE_GLOB_H 1
| #define HAVE_GRP_H 1
| #define HAVE_ENDIAN_H 1
| #define HAVE_SYS_IPC_H 1
| #define HAVE_SYS_SHM_H 1
| #define HAVE_IFADDRS_H 1
| #define HAVE_POLL_H 1
| #define HAVE_NET_IF_H 1
| #define HAVE_LINUX_NET_TSTAMP_H 1
| #define SIZEOF_TIME_T 8
| #define SIZEOF_SIZE_T 8
| #define HAVE_UNISTD_H 1
| #define HAVE_CHOWN 1
| #define HAVE_FORK 1
| #define HAVE_VFORK 1
| #define HAVE_WORKING_VFORK 1
| #define HAVE_WORKING_FORK 1
| #define RETSIGTYPE void
| #define HAVE_FSEEKO 1
| /* end confdefs.h.  */
| 
| #include <stdio.h>
| #include <unistd.h>
| #ifdef HAVE_WINSOCK2_H
| #include <winsock2.h>
| #endif
| #ifdef HAVE_SYS_STAT_H
| #include <sys/stat.h>
| #endif
| 
| int
| main ()
| {
| 
| 	(void)mkdir("directory");
| 
|   ;
|   return 0;
| }
configure:16232: result: no
configure:16240: checking for strptime
configure:16240: gcc -o conftest  -g -O2 -D_GNU_SOURCE -flto   conftest.c  >&5
configure:16240: $? = 0
configure:16240: result: yes
configure:16246: checking whether strptime works
configure:16267: gcc -o conftest  -g -O2 -D_GNU_SOURCE -flto   conftest.c  >&5
configure:16267: $? = 0
configure:16267: ./conftest
configure:16267: $? = 0
configure:16279: result: yes
configure:16548: checking for GNU libc compatible malloc
configure:16582: gcc -o conftest  -g -O2 -D_GNU_SOURCE -flto   conftest.c  >&5
configure:16582: $? = 0
configure:16582: ./conftest
configure:16582: $? = 1
configure: program exited with status 1
configure: failed program was:
| /* confdefs.h */
| #define PACKAGE_NAME "unbound"
| #define PACKAGE_TARNAME "unbound"
| #define PACKAGE_VERSION "1.18.0"
| #define PACKAGE_STRING "unbound 1.18.0"
| #define PACKAGE_BUGREPORT "unbound-bugs@nlnetlabs.nl or https://github.com/NLnetLabs/unbound/issues"
| #define PACKAGE_URL ""
| #define CONFCMDLINE ""
| #define STDC_HEADERS 1
| #define HAVE_SYS_TYPES_H 1
| #define HAVE_SYS_STAT_H 1
| #define HAVE_STDLIB_H 1
| #define HAVE_STRING_H 1
| #define HAVE_MEMORY_H 1
| #define HAVE_STRINGS_H 1
| #define HAVE_INTTYPES_H 1
| #define HAVE_STDINT_H 1
| #define HAVE_UNISTD_H 1
| #define __EXTENSIONS__ 1
| #define _ALL_SOURCE 1
| #define _GNU_SOURCE 1
| #define _POSIX_PTHREAD_SEMANTICS 1
| #define _TANDEM_SOURCE 1
| #define CONFIGFILE "/usr/local/etc/unbound/unbound.conf"
| #define RUN_DIR "/usr/local/etc/unbound"
| #define CHROOT_DIR "/usr/local/etc/unbound"
| #define SHARE_DIR "/usr/local/etc/unbound"
| #define PIDFILE "/usr/local/etc/unbound/unbound.pid"
| #define ROOT_ANCHOR_FILE "/usr/local/etc/unbound/root.key"
| #define ROOT_CERT_FILE "/usr/local/etc/unbound/icannbundle.pem"
| #define UB_USERNAME "unbound"
| #define WINVER 0x0502
| #define RSRC_PACKAGE_VERSION 1,18,0,0
| #define HAVE_GETOPT_H 1
| #define HAVE_TIME_H 1
| #define HAVE_ATTR_FORMAT 1
| #define HAVE_ATTR_UNUSED 1
| #define HAVE_ATTR_WEAK 1
| #define ATTR_WEAK __attribute__((weak))
| #define HAVE_ATTR_NORETURN 1
| #define ATTR_NORETURN __attribute__((__noreturn__))
| #define LEX_HAS_YYLEX_DESTROY 1
| #define HAVE_DLFCN_H 1
| #define LT_OBJDIR ".libs/"
| #define HAVE_STDARG_H 1
| #define HAVE_STDBOOL_H 1
| #define HAVE_NETINET_IN_H 1
| #define HAVE_NETINET_TCP_H 1
| #define HAVE_SYS_PARAM_H 1
| #define HAVE_SYS_SELECT_H 1
| #define HAVE_SYS_SOCKET_H 1
| #define HAVE_SYS_UN_H 1
| #define HAVE_SYS_UIO_H 1
| #define HAVE_SYS_RESOURCE_H 1
| #define HAVE_ARPA_INET_H 1
| #define HAVE_SYSLOG_H 1
| #define HAVE_NETDB_H 1
| #define HAVE_SYS_WAIT_H 1
| #define HAVE_PWD_H 1
| #define HAVE_GLOB_H 1
| #define HAVE_GRP_H 1
| #define HAVE_ENDIAN_H 1
| #define HAVE_SYS_IPC_H 1
| #define HAVE_SYS_SHM_H 1
| #define HAVE_IFADDRS_H 1
| #define HAVE_POLL_H 1
| #define HAVE_NET_IF_H 1
| #define HAVE_LINUX_NET_TSTAMP_H 1
| #define SIZEOF_TIME_T 8
| #define SIZEOF_SIZE_T 8
| #define HAVE_UNISTD_H 1
| #define HAVE_CHOWN 1
| #define HAVE_FORK 1
| #define HAVE_VFORK 1
| #define HAVE_WORKING_VFORK 1
| #define HAVE_WORKING_FORK 1
| #define RETSIGTYPE void
| #define HAVE_FSEEKO 1
| #define HAVE_STRPTIME 1
| #define STRPTIME_WORKS 1
| #define REUSEPORT_DEFAULT 1
| /* end confdefs.h.  */
| #if defined STDC_HEADERS || defined HAVE_STDLIB_H
| #include <stdlib.h>
| #else
| char *malloc ();
| #endif
| 
| int
| main ()
| {
|  if(malloc(0) != 0) return 1;
|   ;
|   return 0;
| }
| 
configure:16597: result: yes
configure:16789: checking if compiler needs -Werror to reject unknown flags
configure:16805: gcc -c  -g -O2 -D_GNU_SOURCE -flto -Werror -Wunknown-warning-option -Wsizeof-array-argument  conftest.c >&5
gcc: error: unrecognized command-line option '-Wunknown-warning-option'
configure:16805: $? = 1
configure: failed program was:
| /* confdefs.h */
| #define PACKAGE_NAME "unbound"
| #define PACKAGE_TARNAME "unbound"
| #define PACKAGE_VERSION "1.18.0"
| #define PACKAGE_STRING "unbound 1.18.0"
| #define PACKAGE_BUGREPORT "unbound-bugs@nlnetlabs.nl or https://github.com/NLnetLabs/unbound/issues"
| #define PACKAGE_URL ""
| #define CONFCMDLINE ""
| #define STDC_HEADERS 1
| #define HAVE_SYS_TYPES_H 1
| #define HAVE_SYS_STAT_H 1
| #define HAVE_STDLIB_H 1
| #define HAVE_STRING_H 1
| #define HAVE_MEMORY_H 1
| #define HAVE_STRINGS_H 1
| #define HAVE_INTTYPES_H 1
| #define HAVE_STDINT_H 1
| #define HAVE_UNISTD_H 1
| #define __EXTENSIONS__ 1
| #define _ALL_SOURCE 1
| #define _GNU_SOURCE 1
| #define _POSIX_PTHREAD_SEMANTICS 1
| #define _TANDEM_SOURCE 1
| #define CONFIGFILE "/usr/local/etc/unbound/unbound.conf"
| #define RUN_DIR "/usr/local/etc/unbound"
| #define CHROOT_DIR "/usr/local/etc/unbound"
| #define SHARE_DIR "/usr/local/etc/unbound"
| #define PIDFILE "/usr/local/etc/unbound/unbound.pid"
| #define ROOT_ANCHOR_FILE "/usr/local/etc/unbound/root.key"
| #define ROOT_CERT_FILE "/usr/local/etc/unbound/icannbundle.pem"
| #define UB_USERNAME "unbound"
| #define WINVER 0x0502
| #define RSRC_PACKAGE_VERSION 1,18,0,0
| #define HAVE_GETOPT_H 1
| #define HAVE_TIME_H 1
| #define HAVE_ATTR_FORMAT 1
| #define HAVE_ATTR_UNUSED 1
| #define HAVE_ATTR_WEAK 1
| #define ATTR_WEAK __attribute__((weak))
| #define HAVE_ATTR_NORETURN 1
| #define ATTR_NORETURN __attribute__((__noreturn__))
| #define LEX_HAS_YYLEX_DESTROY 1
| #define HAVE_DLFCN_H 1
| #define LT_OBJDIR ".libs/"
| #define HAVE_STDARG_H 1
| #define HAVE_STDBOOL_H 1
| #define HAVE_NETINET_IN_H 1
| #define HAVE_NETINET_TCP_H 1
| #define HAVE_SYS_PARAM_H 1
| #define HAVE_SYS_SELECT_H 1
| #define HAVE_SYS_SOCKET_H 1
| #define HAVE_SYS_UN_H 1
| #define HAVE_SYS_UIO_H 1
| #define HAVE_SYS_RESOURCE_H 1
| #define HAVE_ARPA_INET_H 1
| #define HAVE_SYSLOG_H 1
| #define HAVE_NETDB_H 1
| #define HAVE_SYS_WAIT_H 1
| #define HAVE_PWD_H 1
| #define HAVE_GLOB_H 1
| #define HAVE_GRP_H 1
| #define HAVE_ENDIAN_H 1
| #define HAVE_SYS_IPC_H 1
| #define HAVE_SYS_SHM_H 1
| #define HAVE_IFADDRS_H 1
| #define HAVE_POLL_H 1
| #define HAVE_NET_IF_H 1
| #define HAVE_LINUX_NET_TSTAMP_H 1
| #define SIZEOF_TIME_T 8
| #define SIZEOF_SIZE_T 8
| #define HAVE_UNISTD_H 1
| #define HAVE_CHOWN 1
| #define HAVE_FORK 1
| #define HAVE_VFORK 1
| #define HAVE_WORKING_VFORK 1
| #define HAVE_WORKING_FORK 1
| #define RETSIGTYPE void
| #define HAVE_FSEEKO 1
| #define HAVE_STRPTIME 1
| #define STRPTIME_WORKS 1
| #define REUSEPORT_DEFAULT 1
| #define HAVE_MALLOC 1
| /* end confdefs.h.  */
| int foo(void);
| int
| main ()
| {
| foo()
|   ;
|   return 0;
| }
configure:16810: result: no
configure:16876: checking for the pthreads library -lpthreads
configure:16914: gcc -o conftest  -g -O2 -D_GNU_SOURCE -flto     conftest.c -lpthreads  >&5
/usr/bin/ld: cannot find -lpthreads: No such file or directory
collect2: error: ld returned 1 exit status
configure:16914: $? = 1
configure: failed program was:
| /* confdefs.h */
| #define PACKAGE_NAME "unbound"
| #define PACKAGE_TARNAME "unbound"
| #define PACKAGE_VERSION "1.18.0"
| #define PACKAGE_STRING "unbound 1.18.0"
| #define PACKAGE_BUGREPORT "unbound-bugs@nlnetlabs.nl or https://github.com/NLnetLabs/unbound/issues"
| #define PACKAGE_URL ""
| #define CONFCMDLINE ""
| #define STDC_HEADERS 1
| #define HAVE_SYS_TYPES_H 1
| #define HAVE_SYS_STAT_H 1
| #define HAVE_STDLIB_H 1
| #define HAVE_STRING_H 1
| #define HAVE_MEMORY_H 1
| #define HAVE_STRINGS_H 1
| #define HAVE_INTTYPES_H 1
| #define HAVE_STDINT_H 1
| #define HAVE_UNISTD_H 1
| #define __EXTENSIONS__ 1
| #define _ALL_SOURCE 1
| #define _GNU_SOURCE 1
| #define _POSIX_PTHREAD_SEMANTICS 1
| #define _TANDEM_SOURCE 1
| #define CONFIGFILE "/usr/local/etc/unbound/unbound.conf"
| #define RUN_DIR "/usr/local/etc/unbound"
| #define CHROOT_DIR "/usr/local/etc/unbound"
| #define SHARE_DIR "/usr/local/etc/unbound"
| #define PIDFILE "/usr/local/etc/unbound/unbound.pid"
| #define ROOT_ANCHOR_FILE "/usr/local/etc/unbound/root.key"
| #define ROOT_CERT_FILE "/usr/local/etc/unbound/icannbundle.pem"
| #define UB_USERNAME "unbound"
| #define WINVER 0x0502
| #define RSRC_PACKAGE_VERSION 1,18,0,0
| #define HAVE_GETOPT_H 1
| #define HAVE_TIME_H 1
| #define HAVE_ATTR_FORMAT 1
| #define HAVE_ATTR_UNUSED 1
| #define HAVE_ATTR_WEAK 1
| #define ATTR_WEAK __attribute__((weak))
| #define HAVE_ATTR_NORETURN 1
| #define ATTR_NORETURN __attribute__((__noreturn__))
| #define LEX_HAS_YYLEX_DESTROY 1
| #define HAVE_DLFCN_H 1
| #define LT_OBJDIR ".libs/"
| #define HAVE_STDARG_H 1
| #define HAVE_STDBOOL_H 1
| #define HAVE_NETINET_IN_H 1
| #define HAVE_NETINET_TCP_H 1
| #define HAVE_SYS_PARAM_H 1
| #define HAVE_SYS_SELECT_H 1
| #define HAVE_SYS_SOCKET_H 1
| #define HAVE_SYS_UN_H 1
| #define HAVE_SYS_UIO_H 1
| #define HAVE_SYS_RESOURCE_H 1
| #define HAVE_ARPA_INET_H 1
| #define HAVE_SYSLOG_H 1
| #define HAVE_NETDB_H 1
| #define HAVE_SYS_WAIT_H 1
| #define HAVE_PWD_H 1
| #define HAVE_GLOB_H 1
| #define HAVE_GRP_H 1
| #define HAVE_ENDIAN_H 1
| #define HAVE_SYS_IPC_H 1
| #define HAVE_SYS_SHM_H 1
| #define HAVE_IFADDRS_H 1
| #define HAVE_POLL_H 1
| #define HAVE_NET_IF_H 1
| #define HAVE_LINUX_NET_TSTAMP_H 1
| #define SIZEOF_TIME_T 8
| #define SIZEOF_SIZE_T 8
| #define HAVE_UNISTD_H 1
| #define HAVE_CHOWN 1
| #define HAVE_FORK 1
| #define HAVE_VFORK 1
| #define HAVE_WORKING_VFORK 1
| #define HAVE_WORKING_FORK 1
| #define RETSIGTYPE void
| #define HAVE_FSEEKO 1
| #define HAVE_STRPTIME 1
| #define STRPTIME_WORKS 1
| #define REUSEPORT_DEFAULT 1
| #define HAVE_MALLOC 1
| /* end confdefs.h.  */
| #include <pthread.h>
|                         static void routine(void *a) { *((int*)a) = 0; }
|                         static void *start_routine(void *a) { return a; }
| int
| main ()
| {
| pthread_t th; pthread_attr_t attr;
|                         pthread_create(&th, 0, start_routine, 0);
|                         pthread_join(th, 0);
|                         pthread_attr_init(&attr);
|                         pthread_cleanup_push(routine, 0);
|                         pthread_cleanup_pop(0) /* ; */
|   ;
|   return 0;
| }
configure:16923: result: no
configure:16821: checking whether pthreads work without any flags
configure:16914: gcc -o conftest  -g -O2 -D_GNU_SOURCE -flto     conftest.c   >&5
configure:16914: $? = 0
configure:16923: result: yes
configure:16942: checking for joinable pthread attribute
configure:16957: gcc -o conftest  -g -O2 -D_GNU_SOURCE -flto    conftest.c   >&5
configure:16957: $? = 0
configure:16963: result: PTHREAD_CREATE_JOINABLE
configure:16973: checking if more special flags are required for pthreads
configure:16988: result: no
configure:16994: checking for PTHREAD_PRIO_INHERIT
configure:17011: gcc -o conftest  -g -O2 -D_GNU_SOURCE -flto    conftest.c   >&5
configure:17011: $? = 0
configure:17020: result: yes
configure:17114: checking for pthread_spinlock_t
configure:17114: gcc -c  -g -O2 -D_GNU_SOURCE -flto   conftest.c >&5
configure:17114: $? = 0
configure:17114: gcc -c  -g -O2 -D_GNU_SOURCE -flto   conftest.c >&5
conftest.c: In function 'main':
conftest.c:91:33: error: expected expression before ')' token
   91 | if (sizeof ((pthread_spinlock_t)))
      |                                 ^
configure:17114: $? = 1
configure: failed program was:
| /* confdefs.h */
| #define PACKAGE_NAME "unbound"
| #define PACKAGE_TARNAME "unbound"
| #define PACKAGE_VERSION "1.18.0"
| #define PACKAGE_STRING "unbound 1.18.0"
| #define PACKAGE_BUGREPORT "unbound-bugs@nlnetlabs.nl or https://github.com/NLnetLabs/unbound/issues"
| #define PACKAGE_URL ""
| #define CONFCMDLINE ""
| #define STDC_HEADERS 1
| #define HAVE_SYS_TYPES_H 1
| #define HAVE_SYS_STAT_H 1
| #define HAVE_STDLIB_H 1
| #define HAVE_STRING_H 1
| #define HAVE_MEMORY_H 1
| #define HAVE_STRINGS_H 1
| #define HAVE_INTTYPES_H 1
| #define HAVE_STDINT_H 1
| #define HAVE_UNISTD_H 1
| #define __EXTENSIONS__ 1
| #define _ALL_SOURCE 1
| #define _GNU_SOURCE 1
| #define _POSIX_PTHREAD_SEMANTICS 1
| #define _TANDEM_SOURCE 1
| #define CONFIGFILE "/usr/local/etc/unbound/unbound.conf"
| #define RUN_DIR "/usr/local/etc/unbound"
| #define CHROOT_DIR "/usr/local/etc/unbound"
| #define SHARE_DIR "/usr/local/etc/unbound"
| #define PIDFILE "/usr/local/etc/unbound/unbound.pid"
| #define ROOT_ANCHOR_FILE "/usr/local/etc/unbound/root.key"
| #define ROOT_CERT_FILE "/usr/local/etc/unbound/icannbundle.pem"
| #define UB_USERNAME "unbound"
| #define WINVER 0x0502
| #define RSRC_PACKAGE_VERSION 1,18,0,0
| #define HAVE_GETOPT_H 1
| #define HAVE_TIME_H 1
| #define HAVE_ATTR_FORMAT 1
| #define HAVE_ATTR_UNUSED 1
| #define HAVE_ATTR_WEAK 1
| #define ATTR_WEAK __attribute__((weak))
| #define HAVE_ATTR_NORETURN 1
| #define ATTR_NORETURN __attribute__((__noreturn__))
| #define LEX_HAS_YYLEX_DESTROY 1
| #define HAVE_DLFCN_H 1
| #define LT_OBJDIR ".libs/"
| #define HAVE_STDARG_H 1
| #define HAVE_STDBOOL_H 1
| #define HAVE_NETINET_IN_H 1
| #define HAVE_NETINET_TCP_H 1
| #define HAVE_SYS_PARAM_H 1
| #define HAVE_SYS_SELECT_H 1
| #define HAVE_SYS_SOCKET_H 1
| #define HAVE_SYS_UN_H 1
| #define HAVE_SYS_UIO_H 1
| #define HAVE_SYS_RESOURCE_H 1
| #define HAVE_ARPA_INET_H 1
| #define HAVE_SYSLOG_H 1
| #define HAVE_NETDB_H 1
| #define HAVE_SYS_WAIT_H 1
| #define HAVE_PWD_H 1
| #define HAVE_GLOB_H 1
| #define HAVE_GRP_H 1
| #define HAVE_ENDIAN_H 1
| #define HAVE_SYS_IPC_H 1
| #define HAVE_SYS_SHM_H 1
| #define HAVE_IFADDRS_H 1
| #define HAVE_POLL_H 1
| #define HAVE_NET_IF_H 1
| #define HAVE_LINUX_NET_TSTAMP_H 1
| #define SIZEOF_TIME_T 8
| #define SIZEOF_SIZE_T 8
| #define HAVE_UNISTD_H 1
| #define HAVE_CHOWN 1
| #define HAVE_FORK 1
| #define HAVE_VFORK 1
| #define HAVE_WORKING_VFORK 1
| #define HAVE_WORKING_FORK 1
| #define RETSIGTYPE void
| #define HAVE_FSEEKO 1
| #define HAVE_STRPTIME 1
| #define STRPTIME_WORKS 1
| #define REUSEPORT_DEFAULT 1
| #define HAVE_MALLOC 1
| #define HAVE_PTHREAD_PRIO_INHERIT 1
| #define HAVE_PTHREAD 1
| /* end confdefs.h.  */
| #include <pthread.h>
| 
| int
| main ()
| {
| if (sizeof ((pthread_spinlock_t)))
| 	    return 0;
|   ;
|   return 0;
| }
configure:17114: result: yes
configure:17124: checking for pthread_rwlock_t
configure:17124: gcc -c  -g -O2 -D_GNU_SOURCE -flto   conftest.c >&5
configure:17124: $? = 0
configure:17124: gcc -c  -g -O2 -D_GNU_SOURCE -flto   conftest.c >&5
conftest.c: In function 'main':
conftest.c:92:31: error: expected expression before ')' token
   92 | if (sizeof ((pthread_rwlock_t)))
      |                               ^
configure:17124: $? = 1
configure: failed program was:
| /* confdefs.h */
| #define PACKAGE_NAME "unbound"
| #define PACKAGE_TARNAME "unbound"
| #define PACKAGE_VERSION "1.18.0"
| #define PACKAGE_STRING "unbound 1.18.0"
| #define PACKAGE_BUGREPORT "unbound-bugs@nlnetlabs.nl or https://github.com/NLnetLabs/unbound/issues"
| #define PACKAGE_URL ""
| #define CONFCMDLINE ""
| #define STDC_HEADERS 1
| #define HAVE_SYS_TYPES_H 1
| #define HAVE_SYS_STAT_H 1
| #define HAVE_STDLIB_H 1
| #define HAVE_STRING_H 1
| #define HAVE_MEMORY_H 1
| #define HAVE_STRINGS_H 1
| #define HAVE_INTTYPES_H 1
| #define HAVE_STDINT_H 1
| #define HAVE_UNISTD_H 1
| #define __EXTENSIONS__ 1
| #define _ALL_SOURCE 1
| #define _GNU_SOURCE 1
| #define _POSIX_PTHREAD_SEMANTICS 1
| #define _TANDEM_SOURCE 1
| #define CONFIGFILE "/usr/local/etc/unbound/unbound.conf"
| #define RUN_DIR "/usr/local/etc/unbound"
| #define CHROOT_DIR "/usr/local/etc/unbound"
| #define SHARE_DIR "/usr/local/etc/unbound"
| #define PIDFILE "/usr/local/etc/unbound/unbound.pid"
| #define ROOT_ANCHOR_FILE "/usr/local/etc/unbound/root.key"
| #define ROOT_CERT_FILE "/usr/local/etc/unbound/icannbundle.pem"
| #define UB_USERNAME "unbound"
| #define WINVER 0x0502
| #define RSRC_PACKAGE_VERSION 1,18,0,0
| #define HAVE_GETOPT_H 1
| #define HAVE_TIME_H 1
| #define HAVE_ATTR_FORMAT 1
| #define HAVE_ATTR_UNUSED 1
| #define HAVE_ATTR_WEAK 1
| #define ATTR_WEAK __attribute__((weak))
| #define HAVE_ATTR_NORETURN 1
| #define ATTR_NORETURN __attribute__((__noreturn__))
| #define LEX_HAS_YYLEX_DESTROY 1
| #define HAVE_DLFCN_H 1
| #define LT_OBJDIR ".libs/"
| #define HAVE_STDARG_H 1
| #define HAVE_STDBOOL_H 1
| #define HAVE_NETINET_IN_H 1
| #define HAVE_NETINET_TCP_H 1
| #define HAVE_SYS_PARAM_H 1
| #define HAVE_SYS_SELECT_H 1
| #define HAVE_SYS_SOCKET_H 1
| #define HAVE_SYS_UN_H 1
| #define HAVE_SYS_UIO_H 1
| #define HAVE_SYS_RESOURCE_H 1
| #define HAVE_ARPA_INET_H 1
| #define HAVE_SYSLOG_H 1
| #define HAVE_NETDB_H 1
| #define HAVE_SYS_WAIT_H 1
| #define HAVE_PWD_H 1
| #define HAVE_GLOB_H 1
| #define HAVE_GRP_H 1
| #define HAVE_ENDIAN_H 1
| #define HAVE_SYS_IPC_H 1
| #define HAVE_SYS_SHM_H 1
| #define HAVE_IFADDRS_H 1
| #define HAVE_POLL_H 1
| #define HAVE_NET_IF_H 1
| #define HAVE_LINUX_NET_TSTAMP_H 1
| #define SIZEOF_TIME_T 8
| #define SIZEOF_SIZE_T 8
| #define HAVE_UNISTD_H 1
| #define HAVE_CHOWN 1
| #define HAVE_FORK 1
| #define HAVE_VFORK 1
| #define HAVE_WORKING_VFORK 1
| #define HAVE_WORKING_FORK 1
| #define RETSIGTYPE void
| #define HAVE_FSEEKO 1
| #define HAVE_STRPTIME 1
| #define STRPTIME_WORKS 1
| #define REUSEPORT_DEFAULT 1
| #define HAVE_MALLOC 1
| #define HAVE_PTHREAD_PRIO_INHERIT 1
| #define HAVE_PTHREAD 1
| #define HAVE_PTHREAD_SPINLOCK_T 1
| /* end confdefs.h.  */
| #include <pthread.h>
| 
| int
| main ()
| {
| if (sizeof ((pthread_rwlock_t)))
| 	    return 0;
|   ;
|   return 0;
| }
configure:17124: result: yes
configure:17139: checking size of unsigned long
configure:17144: gcc -o conftest  -g -O2 -D_GNU_SOURCE -flto    conftest.c  >&5
configure:17144: $? = 0
configure:17144: ./conftest
configure:17144: $? = 0
configure:17158: result: 8
configure:17172: checking size of pthread_t
configure:17177: gcc -o conftest  -g -O2 -D_GNU_SOURCE -flto    conftest.c  >&5
configure:17177: $? = 0
configure:17177: ./conftest
configure:17177: $? = 0
configure:17191: result: 8
configure:18228: checking for SSL
configure:18268: result: found in /usr
configure:18290: checking for EVP_sha256 in -lcrypto
configure:18308: gcc -o conftest  -g -O2 -D_GNU_SOURCE -flto    conftest.c  -lcrypto >&5
configure:18308: $? = 0
configure:18310: result: yes
configure:18440: checking for openssl/ssl.h
configure:18440: gcc -c  -g -O2 -D_GNU_SOURCE -flto   conftest.c >&5
configure:18440: $? = 0
configure:18440: result: yes
configure:18453: checking for openssl/err.h
configure:18453: gcc -c  -g -O2 -D_GNU_SOURCE -flto   conftest.c >&5
configure:18453: $? = 0
configure:18453: result: yes
configure:18466: checking for openssl/rand.h
configure:18466: gcc -c  -g -O2 -D_GNU_SOURCE -flto   conftest.c >&5
configure:18466: $? = 0
configure:18466: result: yes
configure:18483: checking if libssl needs libdl
configure:18503: gcc -o conftest  -g -O2 -D_GNU_SOURCE -flto    conftest.c -lssl  -lcrypto >&5
configure:18503: $? = 0
configure:18505: result: no
configure:18582: checking if libssl needs -lcrypt32
configure:18598: gcc -o conftest  -g -O2 -D_GNU_SOURCE -flto    conftest.c -lssl  -lcrypto >&5
configure:18598: $? = 0
configure:18600: result: no
configure:18615: checking for LibreSSL
configure:18667: result: no
configure:18673: checking for openssl/conf.h
configure:18673: gcc -c  -g -O2 -D_GNU_SOURCE -flto   conftest.c >&5
configure:18673: $? = 0
configure:18673: result: yes
configure:18673: checking for openssl/engine.h
configure:18673: gcc -c  -g -O2 -D_GNU_SOURCE -flto   conftest.c >&5
configure:18673: $? = 0
configure:18673: result: yes
configure:18673: checking for openssl/bn.h
configure:18673: gcc -c  -g -O2 -D_GNU_SOURCE -flto   conftest.c >&5
configure:18673: $? = 0
configure:18673: result: yes
configure:18673: checking for openssl/dh.h
configure:18673: gcc -c  -g -O2 -D_GNU_SOURCE -flto   conftest.c >&5
configure:18673: $? = 0
configure:18673: result: yes
configure:18673: checking for openssl/dsa.h
configure:18673: gcc -c  -g -O2 -D_GNU_SOURCE -flto   conftest.c >&5
configure:18673: $? = 0
configure:18673: result: yes
configure:18673: checking for openssl/rsa.h
configure:18673: gcc -c  -g -O2 -D_GNU_SOURCE -flto   conftest.c >&5
configure:18673: $? = 0
configure:18673: result: yes
configure:18673: checking for openssl/core_names.h
configure:18673: gcc -c  -g -O2 -D_GNU_SOURCE -flto   conftest.c >&5
configure:18673: $? = 0
configure:18673: result: yes
configure:18673: checking for openssl/param_build.h
configure:18673: gcc -c  -g -O2 -D_GNU_SOURCE -flto   conftest.c >&5
configure:18673: $? = 0
configure:18673: result: yes
configure:18687: checking for OPENSSL_config
configure:18687: gcc -o conftest  -g -O2 -D_GNU_SOURCE -flto    conftest.c  -lcrypto >&5
configure:18687: $? = 0
configure:18687: result: yes
configure:18687: checking for EVP_sha1
configure:18687: gcc -o conftest  -g -O2 -D_GNU_SOURCE -flto    conftest.c  -lcrypto >&5
configure:18687: $? = 0
configure:18687: result: yes
configure:18687: checking for EVP_sha256
configure:18687: gcc -o conftest  -g -O2 -D_GNU_SOURCE -flto    conftest.c  -lcrypto >&5
configure:18687: $? = 0
configure:18687: result: yes
configure:18687: checking for EVP_sha512
configure:18687: gcc -o conftest  -g -O2 -D_GNU_SOURCE -flto    conftest.c  -lcrypto >&5
configure:18687: $? = 0
configure:18687: result: yes
configure:18687: checking for FIPS_mode
configure:18687: gcc -o conftest  -g -O2 -D_GNU_SOURCE -flto    conftest.c  -lcrypto >&5
/usr/bin/ld: /tmp/ccI03CKS.ltrans0.ltrans.o: in function `main':
/home/runner/work/unbound-1.18.0/unbound-1.18.0/<artificial>:142:(.text.startup+0xb): undefined reference to `FIPS_mode'
collect2: error: ld returned 1 exit status
configure:18687: $? = 1
configure: failed program was:
| /* confdefs.h */
| #define PACKAGE_NAME "unbound"
| #define PACKAGE_TARNAME "unbound"
| #define PACKAGE_VERSION "1.18.0"
| #define PACKAGE_STRING "unbound 1.18.0"
| #define PACKAGE_BUGREPORT "unbound-bugs@nlnetlabs.nl or https://github.com/NLnetLabs/unbound/issues"
| #define PACKAGE_URL ""
| #define CONFCMDLINE ""
| #define STDC_HEADERS 1
| #define HAVE_SYS_TYPES_H 1
| #define HAVE_SYS_STAT_H 1
| #define HAVE_STDLIB_H 1
| #define HAVE_STRING_H 1
| #define HAVE_MEMORY_H 1
| #define HAVE_STRINGS_H 1
| #define HAVE_INTTYPES_H 1
| #define HAVE_STDINT_H 1
| #define HAVE_UNISTD_H 1
| #define __EXTENSIONS__ 1
| #define _ALL_SOURCE 1
| #define _GNU_SOURCE 1
| #define _POSIX_PTHREAD_SEMANTICS 1
| #define _TANDEM_SOURCE 1
| #define CONFIGFILE "/usr/local/etc/unbound/unbound.conf"
| #define RUN_DIR "/usr/local/etc/unbound"
| #define CHROOT_DIR "/usr/local/etc/unbound"
| #define SHARE_DIR "/usr/local/etc/unbound"
| #define PIDFILE "/usr/local/etc/unbound/unbound.pid"
| #define ROOT_ANCHOR_FILE "/usr/local/etc/unbound/root.key"
| #define ROOT_CERT_FILE "/usr/local/etc/unbound/icannbundle.pem"
| #define UB_USERNAME "unbound"
| #define WINVER 0x0502
| #define RSRC_PACKAGE_VERSION 1,18,0,0
| #define HAVE_GETOPT_H 1
| #define HAVE_TIME_H 1
| #define HAVE_ATTR_FORMAT 1
| #define HAVE_ATTR_UNUSED 1
| #define HAVE_ATTR_WEAK 1
| #define ATTR_WEAK __attribute__((weak))
| #define HAVE_ATTR_NORETURN 1
| #define ATTR_NORETURN __attribute__((__noreturn__))
| #define LEX_HAS_YYLEX_DESTROY 1
| #define HAVE_DLFCN_H 1
| #define LT_OBJDIR ".libs/"
| #define HAVE_STDARG_H 1
| #define HAVE_STDBOOL_H 1
| #define HAVE_NETINET_IN_H 1
| #define HAVE_NETINET_TCP_H 1
| #define HAVE_SYS_PARAM_H 1
| #define HAVE_SYS_SELECT_H 1
| #define HAVE_SYS_SOCKET_H 1
| #define HAVE_SYS_UN_H 1
| #define HAVE_SYS_UIO_H 1
| #define HAVE_SYS_RESOURCE_H 1
| #define HAVE_ARPA_INET_H 1
| #define HAVE_SYSLOG_H 1
| #define HAVE_NETDB_H 1
| #define HAVE_SYS_WAIT_H 1
| #define HAVE_PWD_H 1
| #define HAVE_GLOB_H 1
| #define HAVE_GRP_H 1
| #define HAVE_ENDIAN_H 1
| #define HAVE_SYS_IPC_H 1
| #define HAVE_SYS_SHM_H 1
| #define HAVE_IFADDRS_H 1
| #define HAVE_POLL_H 1
| #define HAVE_NET_IF_H 1
| #define HAVE_LINUX_NET_TSTAMP_H 1
| #define SIZEOF_TIME_T 8
| #define SIZEOF_SIZE_T 8
| #define HAVE_UNISTD_H 1
| #define HAVE_CHOWN 1
| #define HAVE_FORK 1
| #define HAVE_VFORK 1
| #define HAVE_WORKING_VFORK 1
| #define HAVE_WORKING_FORK 1
| #define RETSIGTYPE void
| #define HAVE_FSEEKO 1
| #define HAVE_STRPTIME 1
| #define STRPTIME_WORKS 1
| #define REUSEPORT_DEFAULT 1
| #define HAVE_MALLOC 1
| #define HAVE_PTHREAD_PRIO_INHERIT 1
| #define HAVE_PTHREAD 1
| #define HAVE_PTHREAD_SPINLOCK_T 1
| #define HAVE_PTHREAD_RWLOCK_T 1
| #define SIZEOF_UNSIGNED_LONG 8
| #define SIZEOF_PTHREAD_T 8
| #define UB_SYSLOG_FACILITY LOG_DAEMON
| #define HAVE_SSL /**/
| #define HAVE_EVP_SHA256 1
| #define HAVE_OPENSSL_SSL_H 1
| #define HAVE_OPENSSL_ERR_H 1
| #define HAVE_OPENSSL_RAND_H 1
| #define HAVE_OPENSSL_CONF_H 1
| #define HAVE_OPENSSL_ENGINE_H 1
| #define HAVE_OPENSSL_BN_H 1
| #define HAVE_OPENSSL_DH_H 1
| #define HAVE_OPENSSL_DSA_H 1
| #define HAVE_OPENSSL_RSA_H 1
| #define HAVE_OPENSSL_CORE_NAMES_H 1
| #define HAVE_OPENSSL_PARAM_BUILD_H 1
| #define HAVE_OPENSSL_CONFIG 1
| #define HAVE_EVP_SHA1 1
| #define HAVE_EVP_SHA256 1
| #define HAVE_EVP_SHA512 1
| /* end confdefs.h.  */
| /* Define FIPS_mode to an innocuous variant, in case <limits.h> declares FIPS_mode.
|    For example, HP-UX 11i <limits.h> declares gettimeofday.  */
| #define FIPS_mode innocuous_FIPS_mode
| 
| /* System header to define __stub macros and hopefully few prototypes,
|     which can conflict with char FIPS_mode (); below.
|     Prefer <limits.h> to <assert.h> if __STDC__ is defined, since
|     <limits.h> exists even on freestanding compilers.  */
| 
| #ifdef __STDC__
| # include <limits.h>
| #else
| # include <assert.h>
| #endif
| 
| #undef FIPS_mode
| 
| /* Override any GCC internal prototype to avoid an error.
|    Use char because int might match the return type of a GCC
|    builtin and then its argument prototype would still apply.  */
| #ifdef __cplusplus
| extern "C"
| #endif
| char FIPS_mode ();
| /* The GNU C library defines this for functions which it implements
|     to always fail with ENOSYS.  Some functions are actually named
|     something starting with __ and the normal name is an alias.  */
| #if defined __stub_FIPS_mode || defined __stub___FIPS_mode
| choke me
| #endif
| 
| int
| main ()
| {
| return FIPS_mode ();
|   ;
|   return 0;
| }
configure:18687: result: no
configure:18687: checking for EVP_default_properties_is_fips_enabled
configure:18687: gcc -o conftest  -g -O2 -D_GNU_SOURCE -flto    conftest.c  -lcrypto >&5
configure:18687: $? = 0
configure:18687: result: yes
configure:18687: checking for EVP_MD_CTX_new
configure:18687: gcc -o conftest  -g -O2 -D_GNU_SOURCE -flto    conftest.c  -lcrypto >&5
configure:18687: $? = 0
configure:18687: result: yes
configure:18687: checking for OpenSSL_add_all_digests
configure:18687: gcc -o conftest  -g -O2 -D_GNU_SOURCE -flto    conftest.c  -lcrypto >&5
/usr/bin/ld: /tmp/cceGrvnl.ltrans0.ltrans.o: in function `main':
/home/runner/work/unbound-1.18.0/unbound-1.18.0/<artificial>:144:(.text.startup+0xb): undefined reference to `OpenSSL_add_all_digests'
collect2: error: ld returned 1 exit status
configure:18687: $? = 1
configure: failed program was:
| /* confdefs.h */
| #define PACKAGE_NAME "unbound"
| #define PACKAGE_TARNAME "unbound"
| #define PACKAGE_VERSION "1.18.0"
| #define PACKAGE_STRING "unbound 1.18.0"
| #define PACKAGE_BUGREPORT "unbound-bugs@nlnetlabs.nl or https://github.com/NLnetLabs/unbound/issues"
| #define PACKAGE_URL ""
| #define CONFCMDLINE ""
| #define STDC_HEADERS 1
| #define HAVE_SYS_TYPES_H 1
| #define HAVE_SYS_STAT_H 1
| #define HAVE_STDLIB_H 1
| #define HAVE_STRING_H 1
| #define HAVE_MEMORY_H 1
| #define HAVE_STRINGS_H 1
| #define HAVE_INTTYPES_H 1
| #define HAVE_STDINT_H 1
| #define HAVE_UNISTD_H 1
| #define __EXTENSIONS__ 1
| #define _ALL_SOURCE 1
| #define _GNU_SOURCE 1
| #define _POSIX_PTHREAD_SEMANTICS 1
| #define _TANDEM_SOURCE 1
| #define CONFIGFILE "/usr/local/etc/unbound/unbound.conf"
| #define RUN_DIR "/usr/local/etc/unbound"
| #define CHROOT_DIR "/usr/local/etc/unbound"
| #define SHARE_DIR "/usr/local/etc/unbound"
| #define PIDFILE "/usr/local/etc/unbound/unbound.pid"
| #define ROOT_ANCHOR_FILE "/usr/local/etc/unbound/root.key"
| #define ROOT_CERT_FILE "/usr/local/etc/unbound/icannbundle.pem"
| #define UB_USERNAME "unbound"
| #define WINVER 0x0502
| #define RSRC_PACKAGE_VERSION 1,18,0,0
| #define HAVE_GETOPT_H 1
| #define HAVE_TIME_H 1
| #define HAVE_ATTR_FORMAT 1
| #define HAVE_ATTR_UNUSED 1
| #define HAVE_ATTR_WEAK 1
| #define ATTR_WEAK __attribute__((weak))
| #define HAVE_ATTR_NORETURN 1
| #define ATTR_NORETURN __attribute__((__noreturn__))
| #define LEX_HAS_YYLEX_DESTROY 1
| #define HAVE_DLFCN_H 1
| #define LT_OBJDIR ".libs/"
| #define HAVE_STDARG_H 1
| #define HAVE_STDBOOL_H 1
| #define HAVE_NETINET_IN_H 1
| #define HAVE_NETINET_TCP_H 1
| #define HAVE_SYS_PARAM_H 1
| #define HAVE_SYS_SELECT_H 1
| #define HAVE_SYS_SOCKET_H 1
| #define HAVE_SYS_UN_H 1
| #define HAVE_SYS_UIO_H 1
| #define HAVE_SYS_RESOURCE_H 1
| #define HAVE_ARPA_INET_H 1
| #define HAVE_SYSLOG_H 1
| #define HAVE_NETDB_H 1
| #define HAVE_SYS_WAIT_H 1
| #define HAVE_PWD_H 1
| #define HAVE_GLOB_H 1
| #define HAVE_GRP_H 1
| #define HAVE_ENDIAN_H 1
| #define HAVE_SYS_IPC_H 1
| #define HAVE_SYS_SHM_H 1
| #define HAVE_IFADDRS_H 1
| #define HAVE_POLL_H 1
| #define HAVE_NET_IF_H 1
| #define HAVE_LINUX_NET_TSTAMP_H 1
| #define SIZEOF_TIME_T 8
| #define SIZEOF_SIZE_T 8
| #define HAVE_UNISTD_H 1
| #define HAVE_CHOWN 1
| #define HAVE_FORK 1
| #define HAVE_VFORK 1
| #define HAVE_WORKING_VFORK 1
| #define HAVE_WORKING_FORK 1
| #define RETSIGTYPE void
| #define HAVE_FSEEKO 1
| #define HAVE_STRPTIME 1
| #define STRPTIME_WORKS 1
| #define REUSEPORT_DEFAULT 1
| #define HAVE_MALLOC 1
| #define HAVE_PTHREAD_PRIO_INHERIT 1
| #define HAVE_PTHREAD 1
| #define HAVE_PTHREAD_SPINLOCK_T 1
| #define HAVE_PTHREAD_RWLOCK_T 1
| #define SIZEOF_UNSIGNED_LONG 8
| #define SIZEOF_PTHREAD_T 8
| #define UB_SYSLOG_FACILITY LOG_DAEMON
| #define HAVE_SSL /**/
| #define HAVE_EVP_SHA256 1
| #define HAVE_OPENSSL_SSL_H 1
| #define HAVE_OPENSSL_ERR_H 1
| #define HAVE_OPENSSL_RAND_H 1
| #define HAVE_OPENSSL_CONF_H 1
| #define HAVE_OPENSSL_ENGINE_H 1
| #define HAVE_OPENSSL_BN_H 1
| #define HAVE_OPENSSL_DH_H 1
| #define HAVE_OPENSSL_DSA_H 1
| #define HAVE_OPENSSL_RSA_H 1
| #define HAVE_OPENSSL_CORE_NAMES_H 1
| #define HAVE_OPENSSL_PARAM_BUILD_H 1
| #define HAVE_OPENSSL_CONFIG 1
| #define HAVE_EVP_SHA1 1
| #define HAVE_EVP_SHA256 1
| #define HAVE_EVP_SHA512 1
| #define HAVE_EVP_DEFAULT_PROPERTIES_IS_FIPS_ENABLED 1
| #define HAVE_EVP_MD_CTX_NEW 1
| /* end confdefs.h.  */
| /* Define OpenSSL_add_all_digests to an innocuous variant, in case <limits.h> declares OpenSSL_add_all_digests.
|    For example, HP-UX 11i <limits.h> declares gettimeofday.  */
| #define OpenSSL_add_all_digests innocuous_OpenSSL_add_all_digests
| 
| /* System header to define __stub macros and hopefully few prototypes,
|     which can conflict with char OpenSSL_add_all_digests (); below.
|     Prefer <limits.h> to <assert.h> if __STDC__ is defined, since
|     <limits.h> exists even on freestanding compilers.  */
| 
| #ifdef __STDC__
| # include <limits.h>
| #else
| # include <assert.h>
| #endif
| 
| #undef OpenSSL_add_all_digests
| 
| /* Override any GCC internal prototype to avoid an error.
|    Use char because int might match the return type of a GCC
|    builtin and then its argument prototype would still apply.  */
| #ifdef __cplusplus
| extern "C"
| #endif
| char OpenSSL_add_all_digests ();
| /* The GNU C library defines this for functions which it implements
|     to always fail with ENOSYS.  Some functions are actually named
|     something starting with __ and the normal name is an alias.  */
| #if defined __stub_OpenSSL_add_all_digests || defined __stub___OpenSSL_add_all_digests
| choke me
| #endif
| 
| int
| main ()
| {
| return OpenSSL_add_all_digests ();
|   ;
|   return 0;
| }
configure:18687: result: no
configure:18687: checking for OPENSSL_init_crypto
configure:18687: gcc -o conftest  -g -O2 -D_GNU_SOURCE -flto    conftest.c  -lcrypto >&5
configure:18687: $? = 0
configure:18687: result: yes
configure:18687: checking for EVP_cleanup
configure:18687: gcc -o conftest  -g -O2 -D_GNU_SOURCE -flto    conftest.c  -lcrypto >&5
/usr/bin/ld: /tmp/ccCZUSwl.ltrans0.ltrans.o: in function `main':
/home/runner/work/unbound-1.18.0/unbound-1.18.0/<artificial>:145:(.text.startup+0xb): undefined reference to `EVP_cleanup'
collect2: error: ld returned 1 exit status
configure:18687: $? = 1
configure: failed program was:
| /* confdefs.h */
| #define PACKAGE_NAME "unbound"
| #define PACKAGE_TARNAME "unbound"
| #define PACKAGE_VERSION "1.18.0"
| #define PACKAGE_STRING "unbound 1.18.0"
| #define PACKAGE_BUGREPORT "unbound-bugs@nlnetlabs.nl or https://github.com/NLnetLabs/unbound/issues"
| #define PACKAGE_URL ""
| #define CONFCMDLINE ""
| #define STDC_HEADERS 1
| #define HAVE_SYS_TYPES_H 1
| #define HAVE_SYS_STAT_H 1
| #define HAVE_STDLIB_H 1
| #define HAVE_STRING_H 1
| #define HAVE_MEMORY_H 1
| #define HAVE_STRINGS_H 1
| #define HAVE_INTTYPES_H 1
| #define HAVE_STDINT_H 1
| #define HAVE_UNISTD_H 1
| #define __EXTENSIONS__ 1
| #define _ALL_SOURCE 1
| #define _GNU_SOURCE 1
| #define _POSIX_PTHREAD_SEMANTICS 1
| #define _TANDEM_SOURCE 1
| #define CONFIGFILE "/usr/local/etc/unbound/unbound.conf"
| #define RUN_DIR "/usr/local/etc/unbound"
| #define CHROOT_DIR "/usr/local/etc/unbound"
| #define SHARE_DIR "/usr/local/etc/unbound"
| #define PIDFILE "/usr/local/etc/unbound/unbound.pid"
| #define ROOT_ANCHOR_FILE "/usr/local/etc/unbound/root.key"
| #define ROOT_CERT_FILE "/usr/local/etc/unbound/icannbundle.pem"
| #define UB_USERNAME "unbound"
| #define WINVER 0x0502
| #define RSRC_PACKAGE_VERSION 1,18,0,0
| #define HAVE_GETOPT_H 1
| #define HAVE_TIME_H 1
| #define HAVE_ATTR_FORMAT 1
| #define HAVE_ATTR_UNUSED 1
| #define HAVE_ATTR_WEAK 1
| #define ATTR_WEAK __attribute__((weak))
| #define HAVE_ATTR_NORETURN 1
| #define ATTR_NORETURN __attribute__((__noreturn__))
| #define LEX_HAS_YYLEX_DESTROY 1
| #define HAVE_DLFCN_H 1
| #define LT_OBJDIR ".libs/"
| #define HAVE_STDARG_H 1
| #define HAVE_STDBOOL_H 1
| #define HAVE_NETINET_IN_H 1
| #define HAVE_NETINET_TCP_H 1
| #define HAVE_SYS_PARAM_H 1
| #define HAVE_SYS_SELECT_H 1
| #define HAVE_SYS_SOCKET_H 1
| #define HAVE_SYS_UN_H 1
| #define HAVE_SYS_UIO_H 1
| #define HAVE_SYS_RESOURCE_H 1
| #define HAVE_ARPA_INET_H 1
| #define HAVE_SYSLOG_H 1
| #define HAVE_NETDB_H 1
| #define HAVE_SYS_WAIT_H 1
| #define HAVE_PWD_H 1
| #define HAVE_GLOB_H 1
| #define HAVE_GRP_H 1
| #define HAVE_ENDIAN_H 1
| #define HAVE_SYS_IPC_H 1
| #define HAVE_SYS_SHM_H 1
| #define HAVE_IFADDRS_H 1
| #define HAVE_POLL_H 1
| #define HAVE_NET_IF_H 1
| #define HAVE_LINUX_NET_TSTAMP_H 1
| #define SIZEOF_TIME_T 8
| #define SIZEOF_SIZE_T 8
| #define HAVE_UNISTD_H 1
| #define HAVE_CHOWN 1
| #define HAVE_FORK 1
| #define HAVE_VFORK 1
| #define HAVE_WORKING_VFORK 1
| #define HAVE_WORKING_FORK 1
| #define RETSIGTYPE void
| #define HAVE_FSEEKO 1
| #define HAVE_STRPTIME 1
| #define STRPTIME_WORKS 1
| #define REUSEPORT_DEFAULT 1
| #define HAVE_MALLOC 1
| #define HAVE_PTHREAD_PRIO_INHERIT 1
| #define HAVE_PTHREAD 1
| #define HAVE_PTHREAD_SPINLOCK_T 1
| #define HAVE_PTHREAD_RWLOCK_T 1
| #define SIZEOF_UNSIGNED_LONG 8
| #define SIZEOF_PTHREAD_T 8
| #define UB_SYSLOG_FACILITY LOG_DAEMON
| #define HAVE_SSL /**/
| #define HAVE_EVP_SHA256 1
| #define HAVE_OPENSSL_SSL_H 1
| #define HAVE_OPENSSL_ERR_H 1
| #define HAVE_OPENSSL_RAND_H 1
| #define HAVE_OPENSSL_CONF_H 1
| #define HAVE_OPENSSL_ENGINE_H 1
| #define HAVE_OPENSSL_BN_H 1
| #define HAVE_OPENSSL_DH_H 1
| #define HAVE_OPENSSL_DSA_H 1
| #define HAVE_OPENSSL_RSA_H 1
| #define HAVE_OPENSSL_CORE_NAMES_H 1
| #define HAVE_OPENSSL_PARAM_BUILD_H 1
| #define HAVE_OPENSSL_CONFIG 1
| #define HAVE_EVP_SHA1 1
| #define HAVE_EVP_SHA256 1
| #define HAVE_EVP_SHA512 1
| #define HAVE_EVP_DEFAULT_PROPERTIES_IS_FIPS_ENABLED 1
| #define HAVE_EVP_MD_CTX_NEW 1
| #define HAVE_OPENSSL_INIT_CRYPTO 1
| /* end confdefs.h.  */
| /* Define EVP_cleanup to an innocuous variant, in case <limits.h> declares EVP_cleanup.
|    For example, HP-UX 11i <limits.h> declares gettimeofday.  */
| #define EVP_cleanup innocuous_EVP_cleanup
| 
| /* System header to define __stub macros and hopefully few prototypes,
|     which can conflict with char EVP_cleanup (); below.
|     Prefer <limits.h> to <assert.h> if __STDC__ is defined, since
|     <limits.h> exists even on freestanding compilers.  */
| 
| #ifdef __STDC__
| # include <limits.h>
| #else
| # include <assert.h>
| #endif
| 
| #undef EVP_cleanup
| 
| /* Override any GCC internal prototype to avoid an error.
|    Use char because int might match the return type of a GCC
|    builtin and then its argument prototype would still apply.  */
| #ifdef __cplusplus
| extern "C"
| #endif
| char EVP_cleanup ();
| /* The GNU C library defines this for functions which it implements
|     to always fail with ENOSYS.  Some functions are actually named
|     something starting with __ and the normal name is an alias.  */
| #if defined __stub_EVP_cleanup || defined __stub___EVP_cleanup
| choke me
| #endif
| 
| int
| main ()
| {
| return EVP_cleanup ();
|   ;
|   return 0;
| }
configure:18687: result: no
configure:18687: checking for ENGINE_cleanup
configure:18687: gcc -o conftest  -g -O2 -D_GNU_SOURCE -flto    conftest.c  -lcrypto >&5
/usr/bin/ld: /tmp/ccmwQZJx.ltrans0.ltrans.o: in function `main':
/home/runner/work/unbound-1.18.0/unbound-1.18.0/<artificial>:145:(.text.startup+0xb): undefined reference to `ENGINE_cleanup'
collect2: error: ld returned 1 exit status
configure:18687: $? = 1
configure: failed program was:
| /* confdefs.h */
| #define PACKAGE_NAME "unbound"
| #define PACKAGE_TARNAME "unbound"
| #define PACKAGE_VERSION "1.18.0"
| #define PACKAGE_STRING "unbound 1.18.0"
| #define PACKAGE_BUGREPORT "unbound-bugs@nlnetlabs.nl or https://github.com/NLnetLabs/unbound/issues"
| #define PACKAGE_URL ""
| #define CONFCMDLINE ""
| #define STDC_HEADERS 1
| #define HAVE_SYS_TYPES_H 1
| #define HAVE_SYS_STAT_H 1
| #define HAVE_STDLIB_H 1
| #define HAVE_STRING_H 1
| #define HAVE_MEMORY_H 1
| #define HAVE_STRINGS_H 1
| #define HAVE_INTTYPES_H 1
| #define HAVE_STDINT_H 1
| #define HAVE_UNISTD_H 1
| #define __EXTENSIONS__ 1
| #define _ALL_SOURCE 1
| #define _GNU_SOURCE 1
| #define _POSIX_PTHREAD_SEMANTICS 1
| #define _TANDEM_SOURCE 1
| #define CONFIGFILE "/usr/local/etc/unbound/unbound.conf"
| #define RUN_DIR "/usr/local/etc/unbound"
| #define CHROOT_DIR "/usr/local/etc/unbound"
| #define SHARE_DIR "/usr/local/etc/unbound"
| #define PIDFILE "/usr/local/etc/unbound/unbound.pid"
| #define ROOT_ANCHOR_FILE "/usr/local/etc/unbound/root.key"
| #define ROOT_CERT_FILE "/usr/local/etc/unbound/icannbundle.pem"
| #define UB_USERNAME "unbound"
| #define WINVER 0x0502
| #define RSRC_PACKAGE_VERSION 1,18,0,0
| #define HAVE_GETOPT_H 1
| #define HAVE_TIME_H 1
| #define HAVE_ATTR_FORMAT 1
| #define HAVE_ATTR_UNUSED 1
| #define HAVE_ATTR_WEAK 1
| #define ATTR_WEAK __attribute__((weak))
| #define HAVE_ATTR_NORETURN 1
| #define ATTR_NORETURN __attribute__((__noreturn__))
| #define LEX_HAS_YYLEX_DESTROY 1
| #define HAVE_DLFCN_H 1
| #define LT_OBJDIR ".libs/"
| #define HAVE_STDARG_H 1
| #define HAVE_STDBOOL_H 1
| #define HAVE_NETINET_IN_H 1
| #define HAVE_NETINET_TCP_H 1
| #define HAVE_SYS_PARAM_H 1
| #define HAVE_SYS_SELECT_H 1
| #define HAVE_SYS_SOCKET_H 1
| #define HAVE_SYS_UN_H 1
| #define HAVE_SYS_UIO_H 1
| #define HAVE_SYS_RESOURCE_H 1
| #define HAVE_ARPA_INET_H 1
| #define HAVE_SYSLOG_H 1
| #define HAVE_NETDB_H 1
| #define HAVE_SYS_WAIT_H 1
| #define HAVE_PWD_H 1
| #define HAVE_GLOB_H 1
| #define HAVE_GRP_H 1
| #define HAVE_ENDIAN_H 1
| #define HAVE_SYS_IPC_H 1
| #define HAVE_SYS_SHM_H 1
| #define HAVE_IFADDRS_H 1
| #define HAVE_POLL_H 1
| #define HAVE_NET_IF_H 1
| #define HAVE_LINUX_NET_TSTAMP_H 1
| #define SIZEOF_TIME_T 8
| #define SIZEOF_SIZE_T 8
| #define HAVE_UNISTD_H 1
| #define HAVE_CHOWN 1
| #define HAVE_FORK 1
| #define HAVE_VFORK 1
| #define HAVE_WORKING_VFORK 1
| #define HAVE_WORKING_FORK 1
| #define RETSIGTYPE void
| #define HAVE_FSEEKO 1
| #define HAVE_STRPTIME 1
| #define STRPTIME_WORKS 1
| #define REUSEPORT_DEFAULT 1
| #define HAVE_MALLOC 1
| #define HAVE_PTHREAD_PRIO_INHERIT 1
| #define HAVE_PTHREAD 1
| #define HAVE_PTHREAD_SPINLOCK_T 1
| #define HAVE_PTHREAD_RWLOCK_T 1
| #define SIZEOF_UNSIGNED_LONG 8
| #define SIZEOF_PTHREAD_T 8
| #define UB_SYSLOG_FACILITY LOG_DAEMON
| #define HAVE_SSL /**/
| #define HAVE_EVP_SHA256 1
| #define HAVE_OPENSSL_SSL_H 1
| #define HAVE_OPENSSL_ERR_H 1
| #define HAVE_OPENSSL_RAND_H 1
| #define HAVE_OPENSSL_CONF_H 1
| #define HAVE_OPENSSL_ENGINE_H 1
| #define HAVE_OPENSSL_BN_H 1
| #define HAVE_OPENSSL_DH_H 1
| #define HAVE_OPENSSL_DSA_H 1
| #define HAVE_OPENSSL_RSA_H 1
| #define HAVE_OPENSSL_CORE_NAMES_H 1
| #define HAVE_OPENSSL_PARAM_BUILD_H 1
| #define HAVE_OPENSSL_CONFIG 1
| #define HAVE_EVP_SHA1 1
| #define HAVE_EVP_SHA256 1
| #define HAVE_EVP_SHA512 1
| #define HAVE_EVP_DEFAULT_PROPERTIES_IS_FIPS_ENABLED 1
| #define HAVE_EVP_MD_CTX_NEW 1
| #define HAVE_OPENSSL_INIT_CRYPTO 1
| /* end confdefs.h.  */
| /* Define ENGINE_cleanup to an innocuous variant, in case <limits.h> declares ENGINE_cleanup.
|    For example, HP-UX 11i <limits.h> declares gettimeofday.  */
| #define ENGINE_cleanup innocuous_ENGINE_cleanup
| 
| /* System header to define __stub macros and hopefully few prototypes,
|     which can conflict with char ENGINE_cleanup (); below.
|     Prefer <limits.h> to <assert.h> if __STDC__ is defined, since
|     <limits.h> exists even on freestanding compilers.  */
| 
| #ifdef __STDC__
| # include <limits.h>
| #else
| # include <assert.h>
| #endif
| 
| #undef ENGINE_cleanup
| 
| /* Override any GCC internal prototype to avoid an error.
|    Use char because int might match the return type of a GCC
|    builtin and then its argument prototype would still apply.  */
| #ifdef __cplusplus
| extern "C"
| #endif
| char ENGINE_cleanup ();
| /* The GNU C library defines this for functions which it implements
|     to always fail with ENOSYS.  Some functions are actually named
|     something starting with __ and the normal name is an alias.  */
| #if defined __stub_ENGINE_cleanup || defined __stub___ENGINE_cleanup
| choke me
| #endif
| 
| int
| main ()
| {
| return ENGINE_cleanup ();
|   ;
|   return 0;
| }
configure:18687: result: no
configure:18687: checking for ERR_load_crypto_strings
configure:18687: gcc -o conftest  -g -O2 -D_GNU_SOURCE -flto    conftest.c  -lcrypto >&5
/usr/bin/ld: /tmp/ccoIzD0h.ltrans0.ltrans.o: in function `main':
/home/runner/work/unbound-1.18.0/unbound-1.18.0/<artificial>:145:(.text.startup+0xb): undefined reference to `ERR_load_crypto_strings'
collect2: error: ld returned 1 exit status
configure:18687: $? = 1
configure: failed program was:
| /* confdefs.h */
| #define PACKAGE_NAME "unbound"
| #define PACKAGE_TARNAME "unbound"
| #define PACKAGE_VERSION "1.18.0"
| #define PACKAGE_STRING "unbound 1.18.0"
| #define PACKAGE_BUGREPORT "unbound-bugs@nlnetlabs.nl or https://github.com/NLnetLabs/unbound/issues"
| #define PACKAGE_URL ""
| #define CONFCMDLINE ""
| #define STDC_HEADERS 1
| #define HAVE_SYS_TYPES_H 1
| #define HAVE_SYS_STAT_H 1
| #define HAVE_STDLIB_H 1
| #define HAVE_STRING_H 1
| #define HAVE_MEMORY_H 1
| #define HAVE_STRINGS_H 1
| #define HAVE_INTTYPES_H 1
| #define HAVE_STDINT_H 1
| #define HAVE_UNISTD_H 1
| #define __EXTENSIONS__ 1
| #define _ALL_SOURCE 1
| #define _GNU_SOURCE 1
| #define _POSIX_PTHREAD_SEMANTICS 1
| #define _TANDEM_SOURCE 1
| #define CONFIGFILE "/usr/local/etc/unbound/unbound.conf"
| #define RUN_DIR "/usr/local/etc/unbound"
| #define CHROOT_DIR "/usr/local/etc/unbound"
| #define SHARE_DIR "/usr/local/etc/unbound"
| #define PIDFILE "/usr/local/etc/unbound/unbound.pid"
| #define ROOT_ANCHOR_FILE "/usr/local/etc/unbound/root.key"
| #define ROOT_CERT_FILE "/usr/local/etc/unbound/icannbundle.pem"
| #define UB_USERNAME "unbound"
| #define WINVER 0x0502
| #define RSRC_PACKAGE_VERSION 1,18,0,0
| #define HAVE_GETOPT_H 1
| #define HAVE_TIME_H 1
| #define HAVE_ATTR_FORMAT 1
| #define HAVE_ATTR_UNUSED 1
| #define HAVE_ATTR_WEAK 1
| #define ATTR_WEAK __attribute__((weak))
| #define HAVE_ATTR_NORETURN 1
| #define ATTR_NORETURN __attribute__((__noreturn__))
| #define LEX_HAS_YYLEX_DESTROY 1
| #define HAVE_DLFCN_H 1
| #define LT_OBJDIR ".libs/"
| #define HAVE_STDARG_H 1
| #define HAVE_STDBOOL_H 1
| #define HAVE_NETINET_IN_H 1
| #define HAVE_NETINET_TCP_H 1
| #define HAVE_SYS_PARAM_H 1
| #define HAVE_SYS_SELECT_H 1
| #define HAVE_SYS_SOCKET_H 1
| #define HAVE_SYS_UN_H 1
| #define HAVE_SYS_UIO_H 1
| #define HAVE_SYS_RESOURCE_H 1
| #define HAVE_ARPA_INET_H 1
| #define HAVE_SYSLOG_H 1
| #define HAVE_NETDB_H 1
| #define HAVE_SYS_WAIT_H 1
| #define HAVE_PWD_H 1
| #define HAVE_GLOB_H 1
| #define HAVE_GRP_H 1
| #define HAVE_ENDIAN_H 1
| #define HAVE_SYS_IPC_H 1
| #define HAVE_SYS_SHM_H 1
| #define HAVE_IFADDRS_H 1
| #define HAVE_POLL_H 1
| #define HAVE_NET_IF_H 1
| #define HAVE_LINUX_NET_TSTAMP_H 1
| #define SIZEOF_TIME_T 8
| #define SIZEOF_SIZE_T 8
| #define HAVE_UNISTD_H 1
| #define HAVE_CHOWN 1
| #define HAVE_FORK 1
| #define HAVE_VFORK 1
| #define HAVE_WORKING_VFORK 1
| #define HAVE_WORKING_FORK 1
| #define RETSIGTYPE void
| #define HAVE_FSEEKO 1
| #define HAVE_STRPTIME 1
| #define STRPTIME_WORKS 1
| #define REUSEPORT_DEFAULT 1
| #define HAVE_MALLOC 1
| #define HAVE_PTHREAD_PRIO_INHERIT 1
| #define HAVE_PTHREAD 1
| #define HAVE_PTHREAD_SPINLOCK_T 1
| #define HAVE_PTHREAD_RWLOCK_T 1
| #define SIZEOF_UNSIGNED_LONG 8
| #define SIZEOF_PTHREAD_T 8
| #define UB_SYSLOG_FACILITY LOG_DAEMON
| #define HAVE_SSL /**/
| #define HAVE_EVP_SHA256 1
| #define HAVE_OPENSSL_SSL_H 1
| #define HAVE_OPENSSL_ERR_H 1
| #define HAVE_OPENSSL_RAND_H 1
| #define HAVE_OPENSSL_CONF_H 1
| #define HAVE_OPENSSL_ENGINE_H 1
| #define HAVE_OPENSSL_BN_H 1
| #define HAVE_OPENSSL_DH_H 1
| #define HAVE_OPENSSL_DSA_H 1
| #define HAVE_OPENSSL_RSA_H 1
| #define HAVE_OPENSSL_CORE_NAMES_H 1
| #define HAVE_OPENSSL_PARAM_BUILD_H 1
| #define HAVE_OPENSSL_CONFIG 1
| #define HAVE_EVP_SHA1 1
| #define HAVE_EVP_SHA256 1
| #define HAVE_EVP_SHA512 1
| #define HAVE_EVP_DEFAULT_PROPERTIES_IS_FIPS_ENABLED 1
| #define HAVE_EVP_MD_CTX_NEW 1
| #define HAVE_OPENSSL_INIT_CRYPTO 1
| /* end confdefs.h.  */
| /* Define ERR_load_crypto_strings to an innocuous variant, in case <limits.h> declares ERR_load_crypto_strings.
|    For example, HP-UX 11i <limits.h> declares gettimeofday.  */
| #define ERR_load_crypto_strings innocuous_ERR_load_crypto_strings
| 
| /* System header to define __stub macros and hopefully few prototypes,
|     which can conflict with char ERR_load_crypto_strings (); below.
|     Prefer <limits.h> to <assert.h> if __STDC__ is defined, since
|     <limits.h> exists even on freestanding compilers.  */
| 
| #ifdef __STDC__
| # include <limits.h>
| #else
| # include <assert.h>
| #endif
| 
| #undef ERR_load_crypto_strings
| 
| /* Override any GCC internal prototype to avoid an error.
|    Use char because int might match the return type of a GCC
|    builtin and then its argument prototype would still apply.  */
| #ifdef __cplusplus
| extern "C"
| #endif
| char ERR_load_crypto_strings ();
| /* The GNU C library defines this for functions which it implements
|     to always fail with ENOSYS.  Some functions are actually named
|     something starting with __ and the normal name is an alias.  */
| #if defined __stub_ERR_load_crypto_strings || defined __stub___ERR_load_crypto_strings
| choke me
| #endif
| 
| int
| main ()
| {
| return ERR_load_crypto_strings ();
|   ;
|   return 0;
| }
configure:18687: result: no
configure:18687: checking for CRYPTO_cleanup_all_ex_data
configure:18687: gcc -o conftest  -g -O2 -D_GNU_SOURCE -flto    conftest.c  -lcrypto >&5
/usr/bin/ld: /tmp/ccS5CFVv.ltrans0.ltrans.o: in function `main':
/home/runner/work/unbound-1.18.0/unbound-1.18.0/<artificial>:145:(.text.startup+0xb): undefined reference to `CRYPTO_cleanup_all_ex_data'
collect2: error: ld returned 1 exit status
configure:18687: $? = 1
configure: failed program was:
| /* confdefs.h */
| #define PACKAGE_NAME "unbound"
| #define PACKAGE_TARNAME "unbound"
| #define PACKAGE_VERSION "1.18.0"
| #define PACKAGE_STRING "unbound 1.18.0"
| #define PACKAGE_BUGREPORT "unbound-bugs@nlnetlabs.nl or https://github.com/NLnetLabs/unbound/issues"
| #define PACKAGE_URL ""
| #define CONFCMDLINE ""
| #define STDC_HEADERS 1
| #define HAVE_SYS_TYPES_H 1
| #define HAVE_SYS_STAT_H 1
| #define HAVE_STDLIB_H 1
| #define HAVE_STRING_H 1
| #define HAVE_MEMORY_H 1
| #define HAVE_STRINGS_H 1
| #define HAVE_INTTYPES_H 1
| #define HAVE_STDINT_H 1
| #define HAVE_UNISTD_H 1
| #define __EXTENSIONS__ 1
| #define _ALL_SOURCE 1
| #define _GNU_SOURCE 1
| #define _POSIX_PTHREAD_SEMANTICS 1
| #define _TANDEM_SOURCE 1
| #define CONFIGFILE "/usr/local/etc/unbound/unbound.conf"
| #define RUN_DIR "/usr/local/etc/unbound"
| #define CHROOT_DIR "/usr/local/etc/unbound"
| #define SHARE_DIR "/usr/local/etc/unbound"
| #define PIDFILE "/usr/local/etc/unbound/unbound.pid"
| #define ROOT_ANCHOR_FILE "/usr/local/etc/unbound/root.key"
| #define ROOT_CERT_FILE "/usr/local/etc/unbound/icannbundle.pem"
| #define UB_USERNAME "unbound"
| #define WINVER 0x0502
| #define RSRC_PACKAGE_VERSION 1,18,0,0
| #define HAVE_GETOPT_H 1
| #define HAVE_TIME_H 1
| #define HAVE_ATTR_FORMAT 1
| #define HAVE_ATTR_UNUSED 1
| #define HAVE_ATTR_WEAK 1
| #define ATTR_WEAK __attribute__((weak))
| #define HAVE_ATTR_NORETURN 1
| #define ATTR_NORETURN __attribute__((__noreturn__))
| #define LEX_HAS_YYLEX_DESTROY 1
| #define HAVE_DLFCN_H 1
| #define LT_OBJDIR ".libs/"
| #define HAVE_STDARG_H 1
| #define HAVE_STDBOOL_H 1
| #define HAVE_NETINET_IN_H 1
| #define HAVE_NETINET_TCP_H 1
| #define HAVE_SYS_PARAM_H 1
| #define HAVE_SYS_SELECT_H 1
| #define HAVE_SYS_SOCKET_H 1
| #define HAVE_SYS_UN_H 1
| #define HAVE_SYS_UIO_H 1
| #define HAVE_SYS_RESOURCE_H 1
| #define HAVE_ARPA_INET_H 1
| #define HAVE_SYSLOG_H 1
| #define HAVE_NETDB_H 1
| #define HAVE_SYS_WAIT_H 1
| #define HAVE_PWD_H 1
| #define HAVE_GLOB_H 1
| #define HAVE_GRP_H 1
| #define HAVE_ENDIAN_H 1
| #define HAVE_SYS_IPC_H 1
| #define HAVE_SYS_SHM_H 1
| #define HAVE_IFADDRS_H 1
| #define HAVE_POLL_H 1
| #define HAVE_NET_IF_H 1
| #define HAVE_LINUX_NET_TSTAMP_H 1
| #define SIZEOF_TIME_T 8
| #define SIZEOF_SIZE_T 8
| #define HAVE_UNISTD_H 1
| #define HAVE_CHOWN 1
| #define HAVE_FORK 1
| #define HAVE_VFORK 1
| #define HAVE_WORKING_VFORK 1
| #define HAVE_WORKING_FORK 1
| #define RETSIGTYPE void
| #define HAVE_FSEEKO 1
| #define HAVE_STRPTIME 1
| #define STRPTIME_WORKS 1
| #define REUSEPORT_DEFAULT 1
| #define HAVE_MALLOC 1
| #define HAVE_PTHREAD_PRIO_INHERIT 1
| #define HAVE_PTHREAD 1
| #define HAVE_PTHREAD_SPINLOCK_T 1
| #define HAVE_PTHREAD_RWLOCK_T 1
| #define SIZEOF_UNSIGNED_LONG 8
| #define SIZEOF_PTHREAD_T 8
| #define UB_SYSLOG_FACILITY LOG_DAEMON
| #define HAVE_SSL /**/
| #define HAVE_EVP_SHA256 1
| #define HAVE_OPENSSL_SSL_H 1
| #define HAVE_OPENSSL_ERR_H 1
| #define HAVE_OPENSSL_RAND_H 1
| #define HAVE_OPENSSL_CONF_H 1
| #define HAVE_OPENSSL_ENGINE_H 1
| #define HAVE_OPENSSL_BN_H 1
| #define HAVE_OPENSSL_DH_H 1
| #define HAVE_OPENSSL_DSA_H 1
| #define HAVE_OPENSSL_RSA_H 1
| #define HAVE_OPENSSL_CORE_NAMES_H 1
| #define HAVE_OPENSSL_PARAM_BUILD_H 1
| #define HAVE_OPENSSL_CONFIG 1
| #define HAVE_EVP_SHA1 1
| #define HAVE_EVP_SHA256 1
| #define HAVE_EVP_SHA512 1
| #define HAVE_EVP_DEFAULT_PROPERTIES_IS_FIPS_ENABLED 1
| #define HAVE_EVP_MD_CTX_NEW 1
| #define HAVE_OPENSSL_INIT_CRYPTO 1
| /* end confdefs.h.  */
| /* Define CRYPTO_cleanup_all_ex_data to an innocuous variant, in case <limits.h> declares CRYPTO_cleanup_all_ex_data.
|    For example, HP-UX 11i <limits.h> declares gettimeofday.  */
| #define CRYPTO_cleanup_all_ex_data innocuous_CRYPTO_cleanup_all_ex_data
| 
| /* System header to define __stub macros and hopefully few prototypes,
|     which can conflict with char CRYPTO_cleanup_all_ex_data (); below.
|     Prefer <limits.h> to <assert.h> if __STDC__ is defined, since
|     <limits.h> exists even on freestanding compilers.  */
| 
| #ifdef __STDC__
| # include <limits.h>
| #else
| # include <assert.h>
| #endif
| 
| #undef CRYPTO_cleanup_all_ex_data
| 
| /* Override any GCC internal prototype to avoid an error.
|    Use char because int might match the return type of a GCC
|    builtin and then its argument prototype would still apply.  */
| #ifdef __cplusplus
| extern "C"
| #endif
| char CRYPTO_cleanup_all_ex_data ();
| /* The GNU C library defines this for functions which it implements
|     to always fail with ENOSYS.  Some functions are actually named
|     something starting with __ and the normal name is an alias.  */
| #if defined __stub_CRYPTO_cleanup_all_ex_data || defined __stub___CRYPTO_cleanup_all_ex_data
| choke me
| #endif
| 
| int
| main ()
| {
| return CRYPTO_cleanup_all_ex_data ();
|   ;
|   return 0;
| }
configure:18687: result: no
configure:18687: checking for ERR_free_strings
configure:18687: gcc -o conftest  -g -O2 -D_GNU_SOURCE -flto    conftest.c  -lcrypto >&5
/usr/bin/ld: /tmp/ccW3CbpX.ltrans0.ltrans.o: in function `main':
/home/runner/work/unbound-1.18.0/unbound-1.18.0/<artificial>:145:(.text.startup+0xb): undefined reference to `ERR_free_strings'
collect2: error: ld returned 1 exit status
configure:18687: $? = 1
configure: failed program was:
| /* confdefs.h */
| #define PACKAGE_NAME "unbound"
| #define PACKAGE_TARNAME "unbound"
| #define PACKAGE_VERSION "1.18.0"
| #define PACKAGE_STRING "unbound 1.18.0"
| #define PACKAGE_BUGREPORT "unbound-bugs@nlnetlabs.nl or https://github.com/NLnetLabs/unbound/issues"
| #define PACKAGE_URL ""
| #define CONFCMDLINE ""
| #define STDC_HEADERS 1
| #define HAVE_SYS_TYPES_H 1
| #define HAVE_SYS_STAT_H 1
| #define HAVE_STDLIB_H 1
| #define HAVE_STRING_H 1
| #define HAVE_MEMORY_H 1
| #define HAVE_STRINGS_H 1
| #define HAVE_INTTYPES_H 1
| #define HAVE_STDINT_H 1
| #define HAVE_UNISTD_H 1
| #define __EXTENSIONS__ 1
| #define _ALL_SOURCE 1
| #define _GNU_SOURCE 1
| #define _POSIX_PTHREAD_SEMANTICS 1
| #define _TANDEM_SOURCE 1
| #define CONFIGFILE "/usr/local/etc/unbound/unbound.conf"
| #define RUN_DIR "/usr/local/etc/unbound"
| #define CHROOT_DIR "/usr/local/etc/unbound"
| #define SHARE_DIR "/usr/local/etc/unbound"
| #define PIDFILE "/usr/local/etc/unbound/unbound.pid"
| #define ROOT_ANCHOR_FILE "/usr/local/etc/unbound/root.key"
| #define ROOT_CERT_FILE "/usr/local/etc/unbound/icannbundle.pem"
| #define UB_USERNAME "unbound"
| #define WINVER 0x0502
| #define RSRC_PACKAGE_VERSION 1,18,0,0
| #define HAVE_GETOPT_H 1
| #define HAVE_TIME_H 1
| #define HAVE_ATTR_FORMAT 1
| #define HAVE_ATTR_UNUSED 1
| #define HAVE_ATTR_WEAK 1
| #define ATTR_WEAK __attribute__((weak))
| #define HAVE_ATTR_NORETURN 1
| #define ATTR_NORETURN __attribute__((__noreturn__))
| #define LEX_HAS_YYLEX_DESTROY 1
| #define HAVE_DLFCN_H 1
| #define LT_OBJDIR ".libs/"
| #define HAVE_STDARG_H 1
| #define HAVE_STDBOOL_H 1
| #define HAVE_NETINET_IN_H 1
| #define HAVE_NETINET_TCP_H 1
| #define HAVE_SYS_PARAM_H 1
| #define HAVE_SYS_SELECT_H 1
| #define HAVE_SYS_SOCKET_H 1
| #define HAVE_SYS_UN_H 1
| #define HAVE_SYS_UIO_H 1
| #define HAVE_SYS_RESOURCE_H 1
| #define HAVE_ARPA_INET_H 1
| #define HAVE_SYSLOG_H 1
| #define HAVE_NETDB_H 1
| #define HAVE_SYS_WAIT_H 1
| #define HAVE_PWD_H 1
| #define HAVE_GLOB_H 1
| #define HAVE_GRP_H 1
| #define HAVE_ENDIAN_H 1
| #define HAVE_SYS_IPC_H 1
| #define HAVE_SYS_SHM_H 1
| #define HAVE_IFADDRS_H 1
| #define HAVE_POLL_H 1
| #define HAVE_NET_IF_H 1
| #define HAVE_LINUX_NET_TSTAMP_H 1
| #define SIZEOF_TIME_T 8
| #define SIZEOF_SIZE_T 8
| #define HAVE_UNISTD_H 1
| #define HAVE_CHOWN 1
| #define HAVE_FORK 1
| #define HAVE_VFORK 1
| #define HAVE_WORKING_VFORK 1
| #define HAVE_WORKING_FORK 1
| #define RETSIGTYPE void
| #define HAVE_FSEEKO 1
| #define HAVE_STRPTIME 1
| #define STRPTIME_WORKS 1
| #define REUSEPORT_DEFAULT 1
| #define HAVE_MALLOC 1
| #define HAVE_PTHREAD_PRIO_INHERIT 1
| #define HAVE_PTHREAD 1
| #define HAVE_PTHREAD_SPINLOCK_T 1
| #define HAVE_PTHREAD_RWLOCK_T 1
| #define SIZEOF_UNSIGNED_LONG 8
| #define SIZEOF_PTHREAD_T 8
| #define UB_SYSLOG_FACILITY LOG_DAEMON
| #define HAVE_SSL /**/
| #define HAVE_EVP_SHA256 1
| #define HAVE_OPENSSL_SSL_H 1
| #define HAVE_OPENSSL_ERR_H 1
| #define HAVE_OPENSSL_RAND_H 1
| #define HAVE_OPENSSL_CONF_H 1
| #define HAVE_OPENSSL_ENGINE_H 1
| #define HAVE_OPENSSL_BN_H 1
| #define HAVE_OPENSSL_DH_H 1
| #define HAVE_OPENSSL_DSA_H 1
| #define HAVE_OPENSSL_RSA_H 1
| #define HAVE_OPENSSL_CORE_NAMES_H 1
| #define HAVE_OPENSSL_PARAM_BUILD_H 1
| #define HAVE_OPENSSL_CONFIG 1
| #define HAVE_EVP_SHA1 1
| #define HAVE_EVP_SHA256 1
| #define HAVE_EVP_SHA512 1
| #define HAVE_EVP_DEFAULT_PROPERTIES_IS_FIPS_ENABLED 1
| #define HAVE_EVP_MD_CTX_NEW 1
| #define HAVE_OPENSSL_INIT_CRYPTO 1
| /* end confdefs.h.  */
| /* Define ERR_free_strings to an innocuous variant, in case <limits.h> declares ERR_free_strings.
|    For example, HP-UX 11i <limits.h> declares gettimeofday.  */
| #define ERR_free_strings innocuous_ERR_free_strings
| 
| /* System header to define __stub macros and hopefully few prototypes,
|     which can conflict with char ERR_free_strings (); below.
|     Prefer <limits.h> to <assert.h> if __STDC__ is defined, since
|     <limits.h> exists even on freestanding compilers.  */
| 
| #ifdef __STDC__
| # include <limits.h>
| #else
| # include <assert.h>
| #endif
| 
| #undef ERR_free_strings
| 
| /* Override any GCC internal prototype to avoid an error.
|    Use char because int might match the return type of a GCC
|    builtin and then its argument prototype would still apply.  */
| #ifdef __cplusplus
| extern "C"
| #endif
| char ERR_free_strings ();
| /* The GNU C library defines this for functions which it implements
|     to always fail with ENOSYS.  Some functions are actually named
|     something starting with __ and the normal name is an alias.  */
| #if defined __stub_ERR_free_strings || defined __stub___ERR_free_strings
| choke me
| #endif
| 
| int
| main ()
| {
| return ERR_free_strings ();
|   ;
|   return 0;
| }
configure:18687: result: no
configure:18687: checking for RAND_cleanup
configure:18687: gcc -o conftest  -g -O2 -D_GNU_SOURCE -flto    conftest.c  -lcrypto >&5
/usr/bin/ld: /tmp/ccU87jQL.ltrans0.ltrans.o: in function `main':
/home/runner/work/unbound-1.18.0/unbound-1.18.0/<artificial>:145:(.text.startup+0xb): undefined reference to `RAND_cleanup'
collect2: error: ld returned 1 exit status
configure:18687: $? = 1
configure: failed program was:
| /* confdefs.h */
| #define PACKAGE_NAME "unbound"
| #define PACKAGE_TARNAME "unbound"
| #define PACKAGE_VERSION "1.18.0"
| #define PACKAGE_STRING "unbound 1.18.0"
| #define PACKAGE_BUGREPORT "unbound-bugs@nlnetlabs.nl or https://github.com/NLnetLabs/unbound/issues"
| #define PACKAGE_URL ""
| #define CONFCMDLINE ""
| #define STDC_HEADERS 1
| #define HAVE_SYS_TYPES_H 1
| #define HAVE_SYS_STAT_H 1
| #define HAVE_STDLIB_H 1
| #define HAVE_STRING_H 1
| #define HAVE_MEMORY_H 1
| #define HAVE_STRINGS_H 1
| #define HAVE_INTTYPES_H 1
| #define HAVE_STDINT_H 1
| #define HAVE_UNISTD_H 1
| #define __EXTENSIONS__ 1
| #define _ALL_SOURCE 1
| #define _GNU_SOURCE 1
| #define _POSIX_PTHREAD_SEMANTICS 1
| #define _TANDEM_SOURCE 1
| #define CONFIGFILE "/usr/local/etc/unbound/unbound.conf"
| #define RUN_DIR "/usr/local/etc/unbound"
| #define CHROOT_DIR "/usr/local/etc/unbound"
| #define SHARE_DIR "/usr/local/etc/unbound"
| #define PIDFILE "/usr/local/etc/unbound/unbound.pid"
| #define ROOT_ANCHOR_FILE "/usr/local/etc/unbound/root.key"
| #define ROOT_CERT_FILE "/usr/local/etc/unbound/icannbundle.pem"
| #define UB_USERNAME "unbound"
| #define WINVER 0x0502
| #define RSRC_PACKAGE_VERSION 1,18,0,0
| #define HAVE_GETOPT_H 1
| #define HAVE_TIME_H 1
| #define HAVE_ATTR_FORMAT 1
| #define HAVE_ATTR_UNUSED 1
| #define HAVE_ATTR_WEAK 1
| #define ATTR_WEAK __attribute__((weak))
| #define HAVE_ATTR_NORETURN 1
| #define ATTR_NORETURN __attribute__((__noreturn__))
| #define LEX_HAS_YYLEX_DESTROY 1
| #define HAVE_DLFCN_H 1
| #define LT_OBJDIR ".libs/"
| #define HAVE_STDARG_H 1
| #define HAVE_STDBOOL_H 1
| #define HAVE_NETINET_IN_H 1
| #define HAVE_NETINET_TCP_H 1
| #define HAVE_SYS_PARAM_H 1
| #define HAVE_SYS_SELECT_H 1
| #define HAVE_SYS_SOCKET_H 1
| #define HAVE_SYS_UN_H 1
| #define HAVE_SYS_UIO_H 1
| #define HAVE_SYS_RESOURCE_H 1
| #define HAVE_ARPA_INET_H 1
| #define HAVE_SYSLOG_H 1
| #define HAVE_NETDB_H 1
| #define HAVE_SYS_WAIT_H 1
| #define HAVE_PWD_H 1
| #define HAVE_GLOB_H 1
| #define HAVE_GRP_H 1
| #define HAVE_ENDIAN_H 1
| #define HAVE_SYS_IPC_H 1
| #define HAVE_SYS_SHM_H 1
| #define HAVE_IFADDRS_H 1
| #define HAVE_POLL_H 1
| #define HAVE_NET_IF_H 1
| #define HAVE_LINUX_NET_TSTAMP_H 1
| #define SIZEOF_TIME_T 8
| #define SIZEOF_SIZE_T 8
| #define HAVE_UNISTD_H 1
| #define HAVE_CHOWN 1
| #define HAVE_FORK 1
| #define HAVE_VFORK 1
| #define HAVE_WORKING_VFORK 1
| #define HAVE_WORKING_FORK 1
| #define RETSIGTYPE void
| #define HAVE_FSEEKO 1
| #define HAVE_STRPTIME 1
| #define STRPTIME_WORKS 1
| #define REUSEPORT_DEFAULT 1
| #define HAVE_MALLOC 1
| #define HAVE_PTHREAD_PRIO_INHERIT 1
| #define HAVE_PTHREAD 1
| #define HAVE_PTHREAD_SPINLOCK_T 1
| #define HAVE_PTHREAD_RWLOCK_T 1
| #define SIZEOF_UNSIGNED_LONG 8
| #define SIZEOF_PTHREAD_T 8
| #define UB_SYSLOG_FACILITY LOG_DAEMON
| #define HAVE_SSL /**/
| #define HAVE_EVP_SHA256 1
| #define HAVE_OPENSSL_SSL_H 1
| #define HAVE_OPENSSL_ERR_H 1
| #define HAVE_OPENSSL_RAND_H 1
| #define HAVE_OPENSSL_CONF_H 1
| #define HAVE_OPENSSL_ENGINE_H 1
| #define HAVE_OPENSSL_BN_H 1
| #define HAVE_OPENSSL_DH_H 1
| #define HAVE_OPENSSL_DSA_H 1
| #define HAVE_OPENSSL_RSA_H 1
| #define HAVE_OPENSSL_CORE_NAMES_H 1
| #define HAVE_OPENSSL_PARAM_BUILD_H 1
| #define HAVE_OPENSSL_CONFIG 1
| #define HAVE_EVP_SHA1 1
| #define HAVE_EVP_SHA256 1
| #define HAVE_EVP_SHA512 1
| #define HAVE_EVP_DEFAULT_PROPERTIES_IS_FIPS_ENABLED 1
| #define HAVE_EVP_MD_CTX_NEW 1
| #define HAVE_OPENSSL_INIT_CRYPTO 1
| /* end confdefs.h.  */
| /* Define RAND_cleanup to an innocuous variant, in case <limits.h> declares RAND_cleanup.
|    For example, HP-UX 11i <limits.h> declares gettimeofday.  */
| #define RAND_cleanup innocuous_RAND_cleanup
| 
| /* System header to define __stub macros and hopefully few prototypes,
|     which can conflict with char RAND_cleanup (); below.
|     Prefer <limits.h> to <assert.h> if __STDC__ is defined, since
|     <limits.h> exists even on freestanding compilers.  */
| 
| #ifdef __STDC__
| # include <limits.h>
| #else
| # include <assert.h>
| #endif
| 
| #undef RAND_cleanup
| 
| /* Override any GCC internal prototype to avoid an error.
|    Use char because int might match the return type of a GCC
|    builtin and then its argument prototype would still apply.  */
| #ifdef __cplusplus
| extern "C"
| #endif
| char RAND_cleanup ();
| /* The GNU C library defines this for functions which it implements
|     to always fail with ENOSYS.  Some functions are actually named
|     something starting with __ and the normal name is an alias.  */
| #if defined __stub_RAND_cleanup || defined __stub___RAND_cleanup
| choke me
| #endif
| 
| int
| main ()
| {
| return RAND_cleanup ();
|   ;
|   return 0;
| }
configure:18687: result: no
configure:18687: checking for DSA_SIG_set0
configure:18687: gcc -o conftest  -g -O2 -D_GNU_SOURCE -flto    conftest.c  -lcrypto >&5
configure:18687: $? = 0
configure:18687: result: yes
configure:18687: checking for EVP_dss1
configure:18687: gcc -o conftest  -g -O2 -D_GNU_SOURCE -flto    conftest.c  -lcrypto >&5
/usr/bin/ld: /tmp/ccIICZ7R.ltrans0.ltrans.o: in function `main':
/home/runner/work/unbound-1.18.0/unbound-1.18.0/<artificial>:146:(.text.startup+0xb): undefined reference to `EVP_dss1'
collect2: error: ld returned 1 exit status
configure:18687: $? = 1
configure: failed program was:
| /* confdefs.h */
| #define PACKAGE_NAME "unbound"
| #define PACKAGE_TARNAME "unbound"
| #define PACKAGE_VERSION "1.18.0"
| #define PACKAGE_STRING "unbound 1.18.0"
| #define PACKAGE_BUGREPORT "unbound-bugs@nlnetlabs.nl or https://github.com/NLnetLabs/unbound/issues"
| #define PACKAGE_URL ""
| #define CONFCMDLINE ""
| #define STDC_HEADERS 1
| #define HAVE_SYS_TYPES_H 1
| #define HAVE_SYS_STAT_H 1
| #define HAVE_STDLIB_H 1
| #define HAVE_STRING_H 1
| #define HAVE_MEMORY_H 1
| #define HAVE_STRINGS_H 1
| #define HAVE_INTTYPES_H 1
| #define HAVE_STDINT_H 1
| #define HAVE_UNISTD_H 1
| #define __EXTENSIONS__ 1
| #define _ALL_SOURCE 1
| #define _GNU_SOURCE 1
| #define _POSIX_PTHREAD_SEMANTICS 1
| #define _TANDEM_SOURCE 1
| #define CONFIGFILE "/usr/local/etc/unbound/unbound.conf"
| #define RUN_DIR "/usr/local/etc/unbound"
| #define CHROOT_DIR "/usr/local/etc/unbound"
| #define SHARE_DIR "/usr/local/etc/unbound"
| #define PIDFILE "/usr/local/etc/unbound/unbound.pid"
| #define ROOT_ANCHOR_FILE "/usr/local/etc/unbound/root.key"
| #define ROOT_CERT_FILE "/usr/local/etc/unbound/icannbundle.pem"
| #define UB_USERNAME "unbound"
| #define WINVER 0x0502
| #define RSRC_PACKAGE_VERSION 1,18,0,0
| #define HAVE_GETOPT_H 1
| #define HAVE_TIME_H 1
| #define HAVE_ATTR_FORMAT 1
| #define HAVE_ATTR_UNUSED 1
| #define HAVE_ATTR_WEAK 1
| #define ATTR_WEAK __attribute__((weak))
| #define HAVE_ATTR_NORETURN 1
| #define ATTR_NORETURN __attribute__((__noreturn__))
| #define LEX_HAS_YYLEX_DESTROY 1
| #define HAVE_DLFCN_H 1
| #define LT_OBJDIR ".libs/"
| #define HAVE_STDARG_H 1
| #define HAVE_STDBOOL_H 1
| #define HAVE_NETINET_IN_H 1
| #define HAVE_NETINET_TCP_H 1
| #define HAVE_SYS_PARAM_H 1
| #define HAVE_SYS_SELECT_H 1
| #define HAVE_SYS_SOCKET_H 1
| #define HAVE_SYS_UN_H 1
| #define HAVE_SYS_UIO_H 1
| #define HAVE_SYS_RESOURCE_H 1
| #define HAVE_ARPA_INET_H 1
| #define HAVE_SYSLOG_H 1
| #define HAVE_NETDB_H 1
| #define HAVE_SYS_WAIT_H 1
| #define HAVE_PWD_H 1
| #define HAVE_GLOB_H 1
| #define HAVE_GRP_H 1
| #define HAVE_ENDIAN_H 1
| #define HAVE_SYS_IPC_H 1
| #define HAVE_SYS_SHM_H 1
| #define HAVE_IFADDRS_H 1
| #define HAVE_POLL_H 1
| #define HAVE_NET_IF_H 1
| #define HAVE_LINUX_NET_TSTAMP_H 1
| #define SIZEOF_TIME_T 8
| #define SIZEOF_SIZE_T 8
| #define HAVE_UNISTD_H 1
| #define HAVE_CHOWN 1
| #define HAVE_FORK 1
| #define HAVE_VFORK 1
| #define HAVE_WORKING_VFORK 1
| #define HAVE_WORKING_FORK 1
| #define RETSIGTYPE void
| #define HAVE_FSEEKO 1
| #define HAVE_STRPTIME 1
| #define STRPTIME_WORKS 1
| #define REUSEPORT_DEFAULT 1
| #define HAVE_MALLOC 1
| #define HAVE_PTHREAD_PRIO_INHERIT 1
| #define HAVE_PTHREAD 1
| #define HAVE_PTHREAD_SPINLOCK_T 1
| #define HAVE_PTHREAD_RWLOCK_T 1
| #define SIZEOF_UNSIGNED_LONG 8
| #define SIZEOF_PTHREAD_T 8
| #define UB_SYSLOG_FACILITY LOG_DAEMON
| #define HAVE_SSL /**/
| #define HAVE_EVP_SHA256 1
| #define HAVE_OPENSSL_SSL_H 1
| #define HAVE_OPENSSL_ERR_H 1
| #define HAVE_OPENSSL_RAND_H 1
| #define HAVE_OPENSSL_CONF_H 1
| #define HAVE_OPENSSL_ENGINE_H 1
| #define HAVE_OPENSSL_BN_H 1
| #define HAVE_OPENSSL_DH_H 1
| #define HAVE_OPENSSL_DSA_H 1
| #define HAVE_OPENSSL_RSA_H 1
| #define HAVE_OPENSSL_CORE_NAMES_H 1
| #define HAVE_OPENSSL_PARAM_BUILD_H 1
| #define HAVE_OPENSSL_CONFIG 1
| #define HAVE_EVP_SHA1 1
| #define HAVE_EVP_SHA256 1
| #define HAVE_EVP_SHA512 1
| #define HAVE_EVP_DEFAULT_PROPERTIES_IS_FIPS_ENABLED 1
| #define HAVE_EVP_MD_CTX_NEW 1
| #define HAVE_OPENSSL_INIT_CRYPTO 1
| #define HAVE_DSA_SIG_SET0 1
| /* end confdefs.h.  */
| /* Define EVP_dss1 to an innocuous variant, in case <limits.h> declares EVP_dss1.
|    For example, HP-UX 11i <limits.h> declares gettimeofday.  */
| #define EVP_dss1 innocuous_EVP_dss1
| 
| /* System header to define __stub macros and hopefully few prototypes,
|     which can conflict with char EVP_dss1 (); below.
|     Prefer <limits.h> to <assert.h> if __STDC__ is defined, since
|     <limits.h> exists even on freestanding compilers.  */
| 
| #ifdef __STDC__
| # include <limits.h>
| #else
| # include <assert.h>
| #endif
| 
| #undef EVP_dss1
| 
| /* Override any GCC internal prototype to avoid an error.
|    Use char because int might match the return type of a GCC
|    builtin and then its argument prototype would still apply.  */
| #ifdef __cplusplus
| extern "C"
| #endif
| char EVP_dss1 ();
| /* The GNU C library defines this for functions which it implements
|     to always fail with ENOSYS.  Some functions are actually named
|     something starting with __ and the normal name is an alias.  */
| #if defined __stub_EVP_dss1 || defined __stub___EVP_dss1
| choke me
| #endif
| 
| int
| main ()
| {
| return EVP_dss1 ();
|   ;
|   return 0;
| }
configure:18687: result: no
configure:18687: checking for EVP_DigestVerify
configure:18687: gcc -o conftest  -g -O2 -D_GNU_SOURCE -flto    conftest.c  -lcrypto >&5
configure:18687: $? = 0
configure:18687: result: yes
configure:18687: checking for EVP_aes_256_cbc
configure:18687: gcc -o conftest  -g -O2 -D_GNU_SOURCE -flto    conftest.c  -lcrypto >&5
configure:18687: $? = 0
configure:18687: result: yes
configure:18687: checking for EVP_EncryptInit_ex
configure:18687: gcc -o conftest  -g -O2 -D_GNU_SOURCE -flto    conftest.c  -lcrypto >&5
configure:18687: $? = 0
configure:18687: result: yes
configure:18687: checking for HMAC_Init_ex
configure:18687: gcc -o conftest  -g -O2 -D_GNU_SOURCE -flto    conftest.c  -lcrypto >&5
configure:18687: $? = 0
configure:18687: result: yes
configure:18687: checking for CRYPTO_THREADID_set_callback
configure:18687: gcc -o conftest  -g -O2 -D_GNU_SOURCE -flto    conftest.c  -lcrypto >&5
/usr/bin/ld: /tmp/ccosGPJb.ltrans0.ltrans.o: in function `main':
/home/runner/work/unbound-1.18.0/unbound-1.18.0/<artificial>:150:(.text.startup+0xb): undefined reference to `CRYPTO_THREADID_set_callback'
collect2: error: ld returned 1 exit status
configure:18687: $? = 1
configure: failed program was:
| /* confdefs.h */
| #define PACKAGE_NAME "unbound"
| #define PACKAGE_TARNAME "unbound"
| #define PACKAGE_VERSION "1.18.0"
| #define PACKAGE_STRING "unbound 1.18.0"
| #define PACKAGE_BUGREPORT "unbound-bugs@nlnetlabs.nl or https://github.com/NLnetLabs/unbound/issues"
| #define PACKAGE_URL ""
| #define CONFCMDLINE ""
| #define STDC_HEADERS 1
| #define HAVE_SYS_TYPES_H 1
| #define HAVE_SYS_STAT_H 1
| #define HAVE_STDLIB_H 1
| #define HAVE_STRING_H 1
| #define HAVE_MEMORY_H 1
| #define HAVE_STRINGS_H 1
| #define HAVE_INTTYPES_H 1
| #define HAVE_STDINT_H 1
| #define HAVE_UNISTD_H 1
| #define __EXTENSIONS__ 1
| #define _ALL_SOURCE 1
| #define _GNU_SOURCE 1
| #define _POSIX_PTHREAD_SEMANTICS 1
| #define _TANDEM_SOURCE 1
| #define CONFIGFILE "/usr/local/etc/unbound/unbound.conf"
| #define RUN_DIR "/usr/local/etc/unbound"
| #define CHROOT_DIR "/usr/local/etc/unbound"
| #define SHARE_DIR "/usr/local/etc/unbound"
| #define PIDFILE "/usr/local/etc/unbound/unbound.pid"
| #define ROOT_ANCHOR_FILE "/usr/local/etc/unbound/root.key"
| #define ROOT_CERT_FILE "/usr/local/etc/unbound/icannbundle.pem"
| #define UB_USERNAME "unbound"
| #define WINVER 0x0502
| #define RSRC_PACKAGE_VERSION 1,18,0,0
| #define HAVE_GETOPT_H 1
| #define HAVE_TIME_H 1
| #define HAVE_ATTR_FORMAT 1
| #define HAVE_ATTR_UNUSED 1
| #define HAVE_ATTR_WEAK 1
| #define ATTR_WEAK __attribute__((weak))
| #define HAVE_ATTR_NORETURN 1
| #define ATTR_NORETURN __attribute__((__noreturn__))
| #define LEX_HAS_YYLEX_DESTROY 1
| #define HAVE_DLFCN_H 1
| #define LT_OBJDIR ".libs/"
| #define HAVE_STDARG_H 1
| #define HAVE_STDBOOL_H 1
| #define HAVE_NETINET_IN_H 1
| #define HAVE_NETINET_TCP_H 1
| #define HAVE_SYS_PARAM_H 1
| #define HAVE_SYS_SELECT_H 1
| #define HAVE_SYS_SOCKET_H 1
| #define HAVE_SYS_UN_H 1
| #define HAVE_SYS_UIO_H 1
| #define HAVE_SYS_RESOURCE_H 1
| #define HAVE_ARPA_INET_H 1
| #define HAVE_SYSLOG_H 1
| #define HAVE_NETDB_H 1
| #define HAVE_SYS_WAIT_H 1
| #define HAVE_PWD_H 1
| #define HAVE_GLOB_H 1
| #define HAVE_GRP_H 1
| #define HAVE_ENDIAN_H 1
| #define HAVE_SYS_IPC_H 1
| #define HAVE_SYS_SHM_H 1
| #define HAVE_IFADDRS_H 1
| #define HAVE_POLL_H 1
| #define HAVE_NET_IF_H 1
| #define HAVE_LINUX_NET_TSTAMP_H 1
| #define SIZEOF_TIME_T 8
| #define SIZEOF_SIZE_T 8
| #define HAVE_UNISTD_H 1
| #define HAVE_CHOWN 1
| #define HAVE_FORK 1
| #define HAVE_VFORK 1
| #define HAVE_WORKING_VFORK 1
| #define HAVE_WORKING_FORK 1
| #define RETSIGTYPE void
| #define HAVE_FSEEKO 1
| #define HAVE_STRPTIME 1
| #define STRPTIME_WORKS 1
| #define REUSEPORT_DEFAULT 1
| #define HAVE_MALLOC 1
| #define HAVE_PTHREAD_PRIO_INHERIT 1
| #define HAVE_PTHREAD 1
| #define HAVE_PTHREAD_SPINLOCK_T 1
| #define HAVE_PTHREAD_RWLOCK_T 1
| #define SIZEOF_UNSIGNED_LONG 8
| #define SIZEOF_PTHREAD_T 8
| #define UB_SYSLOG_FACILITY LOG_DAEMON
| #define HAVE_SSL /**/
| #define HAVE_EVP_SHA256 1
| #define HAVE_OPENSSL_SSL_H 1
| #define HAVE_OPENSSL_ERR_H 1
| #define HAVE_OPENSSL_RAND_H 1
| #define HAVE_OPENSSL_CONF_H 1
| #define HAVE_OPENSSL_ENGINE_H 1
| #define HAVE_OPENSSL_BN_H 1
| #define HAVE_OPENSSL_DH_H 1
| #define HAVE_OPENSSL_DSA_H 1
| #define HAVE_OPENSSL_RSA_H 1
| #define HAVE_OPENSSL_CORE_NAMES_H 1
| #define HAVE_OPENSSL_PARAM_BUILD_H 1
| #define HAVE_OPENSSL_CONFIG 1
| #define HAVE_EVP_SHA1 1
| #define HAVE_EVP_SHA256 1
| #define HAVE_EVP_SHA512 1
| #define HAVE_EVP_DEFAULT_PROPERTIES_IS_FIPS_ENABLED 1
| #define HAVE_EVP_MD_CTX_NEW 1
| #define HAVE_OPENSSL_INIT_CRYPTO 1
| #define HAVE_DSA_SIG_SET0 1
| #define HAVE_EVP_DIGESTVERIFY 1
| #define HAVE_EVP_AES_256_CBC 1
| #define HAVE_EVP_ENCRYPTINIT_EX 1
| #define HAVE_HMAC_INIT_EX 1
| /* end confdefs.h.  */
| /* Define CRYPTO_THREADID_set_callback to an innocuous variant, in case <limits.h> declares CRYPTO_THREADID_set_callback.
|    For example, HP-UX 11i <limits.h> declares gettimeofday.  */
| #define CRYPTO_THREADID_set_callback innocuous_CRYPTO_THREADID_set_callback
| 
| /* System header to define __stub macros and hopefully few prototypes,
|     which can conflict with char CRYPTO_THREADID_set_callback (); below.
|     Prefer <limits.h> to <assert.h> if __STDC__ is defined, since
|     <limits.h> exists even on freestanding compilers.  */
| 
| #ifdef __STDC__
| # include <limits.h>
| #else
| # include <assert.h>
| #endif
| 
| #undef CRYPTO_THREADID_set_callback
| 
| /* Override any GCC internal prototype to avoid an error.
|    Use char because int might match the return type of a GCC
|    builtin and then its argument prototype would still apply.  */
| #ifdef __cplusplus
| extern "C"
| #endif
| char CRYPTO_THREADID_set_callback ();
| /* The GNU C library defines this for functions which it implements
|     to always fail with ENOSYS.  Some functions are actually named
|     something starting with __ and the normal name is an alias.  */
| #if defined __stub_CRYPTO_THREADID_set_callback || defined __stub___CRYPTO_THREADID_set_callback
| choke me
| #endif
| 
| int
| main ()
| {
| return CRYPTO_THREADID_set_callback ();
|   ;
|   return 0;
| }
configure:18687: result: no
configure:18687: checking for EVP_MAC_CTX_set_params
configure:18687: gcc -o conftest  -g -O2 -D_GNU_SOURCE -flto    conftest.c  -lcrypto >&5
configure:18687: $? = 0
configure:18687: result: yes
configure:18687: checking for OSSL_PARAM_BLD_new
configure:18687: gcc -o conftest  -g -O2 -D_GNU_SOURCE -flto    conftest.c  -lcrypto >&5
configure:18687: $? = 0
configure:18687: result: yes
configure:18687: checking for BIO_set_callback_ex
configure:18687: gcc -o conftest  -g -O2 -D_GNU_SOURCE -flto    conftest.c  -lcrypto >&5
configure:18687: $? = 0
configure:18687: result: yes
configure:18703: checking for OPENSSL_init_ssl
configure:18703: gcc -o conftest  -g -O2 -D_GNU_SOURCE -flto    conftest.c -lssl  -lcrypto >&5
configure:18703: $? = 0
configure:18703: result: yes
configure:18703: checking for SSL_CTX_set_security_level
configure:18703: gcc -o conftest  -g -O2 -D_GNU_SOURCE -flto    conftest.c -lssl  -lcrypto >&5
configure:18703: $? = 0
configure:18703: result: yes
configure:18703: checking for SSL_set1_host
configure:18703: gcc -o conftest  -g -O2 -D_GNU_SOURCE -flto    conftest.c -lssl  -lcrypto >&5
configure:18703: $? = 0
configure:18703: result: yes
configure:18703: checking for SSL_get0_peername
configure:18703: gcc -o conftest  -g -O2 -D_GNU_SOURCE -flto    conftest.c -lssl  -lcrypto >&5
configure:18703: $? = 0
configure:18703: result: yes
configure:18703: checking for X509_VERIFY_PARAM_set1_host
configure:18703: gcc -o conftest  -g -O2 -D_GNU_SOURCE -flto    conftest.c -lssl  -lcrypto >&5
configure:18703: $? = 0
configure:18703: result: yes
configure:18703: checking for SSL_CTX_set_ciphersuites
configure:18703: gcc -o conftest  -g -O2 -D_GNU_SOURCE -flto    conftest.c -lssl  -lcrypto >&5
configure:18703: $? = 0
configure:18703: result: yes
configure:18703: checking for SSL_CTX_set_tlsext_ticket_key_evp_cb
configure:18703: gcc -o conftest  -g -O2 -D_GNU_SOURCE -flto    conftest.c -lssl  -lcrypto >&5
configure:18703: $? = 0
configure:18703: result: yes
configure:18703: checking for SSL_CTX_set_alpn_select_cb
configure:18703: gcc -o conftest  -g -O2 -D_GNU_SOURCE -flto    conftest.c -lssl  -lcrypto >&5
configure:18703: $? = 0
configure:18703: result: yes
configure:18703: checking for SSL_get0_alpn_selected
configure:18703: gcc -o conftest  -g -O2 -D_GNU_SOURCE -flto    conftest.c -lssl  -lcrypto >&5
configure:18703: $? = 0
configure:18703: result: yes
configure:18703: checking for SSL_CTX_set_alpn_protos
configure:18703: gcc -o conftest  -g -O2 -D_GNU_SOURCE -flto    conftest.c -lssl  -lcrypto >&5
configure:18703: $? = 0
configure:18703: result: yes
configure:18703: checking for SSL_get1_peer_certificate
configure:18703: gcc -o conftest  -g -O2 -D_GNU_SOURCE -flto    conftest.c -lssl  -lcrypto >&5
configure:18703: $? = 0
configure:18703: result: yes
configure:18714: checking whether SSL_COMP_get_compression_methods is declared
configure:18714: gcc -c  -g -O2 -D_GNU_SOURCE -flto   conftest.c >&5
configure:18714: $? = 0
configure:18714: result: yes
configure:18744: checking whether sk_SSL_COMP_pop_free is declared
configure:18744: gcc -c  -g -O2 -D_GNU_SOURCE -flto   conftest.c >&5
configure:18744: $? = 0
configure:18744: result: yes
configure:18774: checking whether SSL_CTX_set_ecdh_auto is declared
configure:18774: gcc -c  -g -O2 -D_GNU_SOURCE -flto   conftest.c >&5
configure:18774: $? = 0
configure:18774: result: yes
configure:18808: checking the return type of HMAC_Init_ex
configure:18845: gcc -c  -g -O2 -D_GNU_SOURCE -flto   conftest.c >&5
conftest.c: In function 'main':
conftest.c:159:9: warning: 'HMAC_Init_ex' is deprecated: Since OpenSSL 3.0 [-Wdeprecated-declarations]
  159 |         int x = HMAC_Init_ex(hmac_ctx, hmac_key, 32, digest, NULL);
      |         ^~~
In file included from /usr/include/openssl/ssl.h:37,
                 from conftest.c:149:
/usr/include/openssl/hmac.h:43:27: note: declared here
   43 | OSSL_DEPRECATEDIN_3_0 int HMAC_Init_ex(HMAC_CTX *ctx, const void *key, int len,
      |                           ^~~~~~~~~~~~
configure:18845: $? = 0
configure:18847: result: int
configure:19019: checking for EVP_PKEY_set_type_str
configure:19019: gcc -o conftest  -g -O2 -D_GNU_SOURCE -flto    conftest.c  -lcrypto >&5
configure:19019: $? = 0
configure:19019: result: yes
configure:19026: checking for EC_KEY_new
configure:19026: gcc -o conftest  -g -O2 -D_GNU_SOURCE -flto    conftest.c  -lcrypto >&5
configure:19026: $? = 0
configure:19026: result: yes
configure:19034: checking if GOST works
configure:19132: gcc -o conftest  -g -O2 -D_GNU_SOURCE -flto  -Wl,-rpath,/usr/lib   conftest.c  -lcrypto >&5
conftest.c: In function 'load_gost_id':
conftest.c:158:9: warning: 'ENGINE_by_id' is deprecated: Since OpenSSL 3.0 [-Wdeprecated-declarations]
  158 |         e = ENGINE_by_id("gost");
      |         ^
In file included from conftest.c:139:
/usr/include/openssl/engine.h:336:31: note: declared here
  336 | OSSL_DEPRECATEDIN_3_0 ENGINE *ENGINE_by_id(const char *id);
      |                               ^~~~~~~~~~~~
conftest.c:161:17: warning: 'ENGINE_load_builtin_engines' is deprecated: Since OpenSSL 3.0 [-Wdeprecated-declarations]
  161 |                 ENGINE_load_builtin_engines();
      |                 ^~~~~~~~~~~~~~~~~~~~~~~~~~~
/usr/include/openssl/engine.h:358:28: note: declared here
  358 | OSSL_DEPRECATEDIN_3_0 void ENGINE_load_builtin_engines(void);
      |                            ^~~~~~~~~~~~~~~~~~~~~~~~~~~
conftest.c:163:17: warning: 'ENGINE_by_id' is deprecated: Since OpenSSL 3.0 [-Wdeprecated-declarations]
  163 |                 e = ENGINE_by_id("gost");
      |                 ^
/usr/include/openssl/engine.h:336:31: note: declared here
  336 | OSSL_DEPRECATEDIN_3_0 ENGINE *ENGINE_by_id(const char *id);
      |                               ^~~~~~~~~~~~
conftest.c:169:9: warning: 'ENGINE_set_default' is deprecated: Since OpenSSL 3.0 [-Wdeprecated-declarations]
  169 |         if(!ENGINE_set_default(e, ENGINE_METHOD_ALL)) {
      |         ^~
/usr/include/openssl/engine.h:708:27: note: declared here
  708 | OSSL_DEPRECATEDIN_3_0 int ENGINE_set_default(ENGINE *e, unsigned int flags);
      |                           ^~~~~~~~~~~~~~~~~~
conftest.c:170:17: warning: 'ENGINE_finish' is deprecated: Since OpenSSL 3.0 [-Wdeprecated-declarations]
  170 |                 ENGINE_finish(e);
      |                 ^~~~~~~~~~~~~
/usr/include/openssl/engine.h:628:27: note: declared here
  628 | OSSL_DEPRECATEDIN_3_0 int ENGINE_finish(ENGINE *e);
      |                           ^~~~~~~~~~~~~
conftest.c:171:17: warning: 'ENGINE_free' is deprecated: Since OpenSSL 3.0 [-Wdeprecated-declarations]
  171 |                 ENGINE_free(e);
      |                 ^~~~~~~~~~~
/usr/include/openssl/engine.h:493:27: note: declared here
  493 | OSSL_DEPRECATEDIN_3_0 int ENGINE_free(ENGINE *e);
      |                           ^~~~~~~~~~~
conftest.c:178:17: warning: 'ENGINE_finish' is deprecated: Since OpenSSL 3.0 [-Wdeprecated-declarations]
  178 |                 ENGINE_finish(e);
      |                 ^~~~~~~~~~~~~
/usr/include/openssl/engine.h:628:27: note: declared here
  628 | OSSL_DEPRECATEDIN_3_0 int ENGINE_finish(ENGINE *e);
      |                           ^~~~~~~~~~~~~
conftest.c:179:17: warning: 'ENGINE_free' is deprecated: Since OpenSSL 3.0 [-Wdeprecated-declarations]
  179 |                 ENGINE_free(e);
      |                 ^~~~~~~~~~~
/usr/include/openssl/engine.h:493:27: note: declared here
  493 | OSSL_DEPRECATEDIN_3_0 int ENGINE_free(ENGINE *e);
      |                           ^~~~~~~~~~~
conftest.c: In function 'main':
conftest.c:196:9: warning: 'OPENSSL_config' is deprecated: Since OpenSSL 1.1.0 [-Wdeprecated-declarations]
  196 |         OPENSSL_config(NULL);
      |         ^~~~~~~~~~~~~~
In file included from /usr/include/openssl/http.h:19,
                 from /usr/include/openssl/x509.h:555,
                 from /usr/include/openssl/ssl.h:31,
                 from conftest.c:137:
/usr/include/openssl/conf.h:132:30: note: declared here
  132 | OSSL_DEPRECATEDIN_1_1_0 void OPENSSL_config(const char *config_name);
      |                              ^~~~~~~~~~~~~~
configure:19132: $? = 0
configure:19132: ./conftest
configure:19132: $? = 1
configure: program exited with status 1
configure: failed program was:
| /* confdefs.h */
| #define PACKAGE_NAME "unbound"
| #define PACKAGE_TARNAME "unbound"
| #define PACKAGE_VERSION "1.18.0"
| #define PACKAGE_STRING "unbound 1.18.0"
| #define PACKAGE_BUGREPORT "unbound-bugs@nlnetlabs.nl or https://github.com/NLnetLabs/unbound/issues"
| #define PACKAGE_URL ""
| #define CONFCMDLINE ""
| #define STDC_HEADERS 1
| #define HAVE_SYS_TYPES_H 1
| #define HAVE_SYS_STAT_H 1
| #define HAVE_STDLIB_H 1
| #define HAVE_STRING_H 1
| #define HAVE_MEMORY_H 1
| #define HAVE_STRINGS_H 1
| #define HAVE_INTTYPES_H 1
| #define HAVE_STDINT_H 1
| #define HAVE_UNISTD_H 1
| #define __EXTENSIONS__ 1
| #define _ALL_SOURCE 1
| #define _GNU_SOURCE 1
| #define _POSIX_PTHREAD_SEMANTICS 1
| #define _TANDEM_SOURCE 1
| #define CONFIGFILE "/usr/local/etc/unbound/unbound.conf"
| #define RUN_DIR "/usr/local/etc/unbound"
| #define CHROOT_DIR "/usr/local/etc/unbound"
| #define SHARE_DIR "/usr/local/etc/unbound"
| #define PIDFILE "/usr/local/etc/unbound/unbound.pid"
| #define ROOT_ANCHOR_FILE "/usr/local/etc/unbound/root.key"
| #define ROOT_CERT_FILE "/usr/local/etc/unbound/icannbundle.pem"
| #define UB_USERNAME "unbound"
| #define WINVER 0x0502
| #define RSRC_PACKAGE_VERSION 1,18,0,0
| #define HAVE_GETOPT_H 1
| #define HAVE_TIME_H 1
| #define HAVE_ATTR_FORMAT 1
| #define HAVE_ATTR_UNUSED 1
| #define HAVE_ATTR_WEAK 1
| #define ATTR_WEAK __attribute__((weak))
| #define HAVE_ATTR_NORETURN 1
| #define ATTR_NORETURN __attribute__((__noreturn__))
| #define LEX_HAS_YYLEX_DESTROY 1
| #define HAVE_DLFCN_H 1
| #define LT_OBJDIR ".libs/"
| #define HAVE_STDARG_H 1
| #define HAVE_STDBOOL_H 1
| #define HAVE_NETINET_IN_H 1
| #define HAVE_NETINET_TCP_H 1
| #define HAVE_SYS_PARAM_H 1
| #define HAVE_SYS_SELECT_H 1
| #define HAVE_SYS_SOCKET_H 1
| #define HAVE_SYS_UN_H 1
| #define HAVE_SYS_UIO_H 1
| #define HAVE_SYS_RESOURCE_H 1
| #define HAVE_ARPA_INET_H 1
| #define HAVE_SYSLOG_H 1
| #define HAVE_NETDB_H 1
| #define HAVE_SYS_WAIT_H 1
| #define HAVE_PWD_H 1
| #define HAVE_GLOB_H 1
| #define HAVE_GRP_H 1
| #define HAVE_ENDIAN_H 1
| #define HAVE_SYS_IPC_H 1
| #define HAVE_SYS_SHM_H 1
| #define HAVE_IFADDRS_H 1
| #define HAVE_POLL_H 1
| #define HAVE_NET_IF_H 1
| #define HAVE_LINUX_NET_TSTAMP_H 1
| #define SIZEOF_TIME_T 8
| #define SIZEOF_SIZE_T 8
| #define HAVE_UNISTD_H 1
| #define HAVE_CHOWN 1
| #define HAVE_FORK 1
| #define HAVE_VFORK 1
| #define HAVE_WORKING_VFORK 1
| #define HAVE_WORKING_FORK 1
| #define RETSIGTYPE void
| #define HAVE_FSEEKO 1
| #define HAVE_STRPTIME 1
| #define STRPTIME_WORKS 1
| #define REUSEPORT_DEFAULT 1
| #define HAVE_MALLOC 1
| #define HAVE_PTHREAD_PRIO_INHERIT 1
| #define HAVE_PTHREAD 1
| #define HAVE_PTHREAD_SPINLOCK_T 1
| #define HAVE_PTHREAD_RWLOCK_T 1
| #define SIZEOF_UNSIGNED_LONG 8
| #define SIZEOF_PTHREAD_T 8
| #define UB_SYSLOG_FACILITY LOG_DAEMON
| #define HAVE_SSL /**/
| #define HAVE_EVP_SHA256 1
| #define HAVE_OPENSSL_SSL_H 1
| #define HAVE_OPENSSL_ERR_H 1
| #define HAVE_OPENSSL_RAND_H 1
| #define HAVE_OPENSSL_CONF_H 1
| #define HAVE_OPENSSL_ENGINE_H 1
| #define HAVE_OPENSSL_BN_H 1
| #define HAVE_OPENSSL_DH_H 1
| #define HAVE_OPENSSL_DSA_H 1
| #define HAVE_OPENSSL_RSA_H 1
| #define HAVE_OPENSSL_CORE_NAMES_H 1
| #define HAVE_OPENSSL_PARAM_BUILD_H 1
| #define HAVE_OPENSSL_CONFIG 1
| #define HAVE_EVP_SHA1 1
| #define HAVE_EVP_SHA256 1
| #define HAVE_EVP_SHA512 1
| #define HAVE_EVP_DEFAULT_PROPERTIES_IS_FIPS_ENABLED 1
| #define HAVE_EVP_MD_CTX_NEW 1
| #define HAVE_OPENSSL_INIT_CRYPTO 1
| #define HAVE_DSA_SIG_SET0 1
| #define HAVE_EVP_DIGESTVERIFY 1
| #define HAVE_EVP_AES_256_CBC 1
| #define HAVE_EVP_ENCRYPTINIT_EX 1
| #define HAVE_HMAC_INIT_EX 1
| #define HAVE_EVP_MAC_CTX_SET_PARAMS 1
| #define HAVE_OSSL_PARAM_BLD_NEW 1
| #define HAVE_BIO_SET_CALLBACK_EX 1
| #define HAVE_OPENSSL_INIT_SSL 1
| #define HAVE_SSL_CTX_SET_SECURITY_LEVEL 1
| #define HAVE_SSL_SET1_HOST 1
| #define HAVE_SSL_GET0_PEERNAME 1
| #define HAVE_X509_VERIFY_PARAM_SET1_HOST 1
| #define HAVE_SSL_CTX_SET_CIPHERSUITES 1
| #define HAVE_SSL_CTX_SET_TLSEXT_TICKET_KEY_EVP_CB 1
| #define HAVE_SSL_CTX_SET_ALPN_SELECT_CB 1
| #define HAVE_SSL_GET0_ALPN_SELECTED 1
| #define HAVE_SSL_CTX_SET_ALPN_PROTOS 1
| #define HAVE_SSL_GET1_PEER_CERTIFICATE 1
| #define HAVE_DECL_SSL_COMP_GET_COMPRESSION_METHODS 1
| #define HAVE_DECL_SK_SSL_COMP_POP_FREE 1
| #define HAVE_DECL_SSL_CTX_SET_ECDH_AUTO 1
| #define USE_SHA1 1
| #define USE_SHA2 1
| /* end confdefs.h.  */
| 
| #include <string.h>
| #include <openssl/ssl.h>
| #include <openssl/evp.h>
| #include <openssl/engine.h>
| #include <openssl/conf.h>
| /* routine to load gost (from sldns) */
| int load_gost_id(void)
| {
| 	static int gost_id = 0;
| 	const EVP_PKEY_ASN1_METHOD* meth;
| 	ENGINE* e;
| 
| 	if(gost_id) return gost_id;
| 
| 	/* see if configuration loaded gost implementation from other engine*/
| 	meth = EVP_PKEY_asn1_find_str(NULL, "gost2001", -1);
| 	if(meth) {
| 		EVP_PKEY_asn1_get0_info(&gost_id, NULL, NULL, NULL, NULL, meth);
| 		return gost_id;
| 	}
| 
| 	/* see if engine can be loaded already */
| 	e = ENGINE_by_id("gost");
| 	if(!e) {
| 		/* load it ourself, in case statically linked */
| 		ENGINE_load_builtin_engines();
| 		ENGINE_load_dynamic();
| 		e = ENGINE_by_id("gost");
| 	}
| 	if(!e) {
| 		/* no gost engine in openssl */
| 		return 0;
| 	}
| 	if(!ENGINE_set_default(e, ENGINE_METHOD_ALL)) {
| 		ENGINE_finish(e);
| 		ENGINE_free(e);
| 		return 0;
| 	}
| 
| 	meth = EVP_PKEY_asn1_find_str(&e, "gost2001", -1);
| 	if(!meth) {
| 		/* algo not found */
| 		ENGINE_finish(e);
| 		ENGINE_free(e);
| 		return 0;
| 	}
| 	EVP_PKEY_asn1_get0_info(&gost_id, NULL, NULL, NULL, NULL, meth);
| 	return gost_id;
| }
| int main(void) {
| 	EVP_MD_CTX* ctx;
| 	const EVP_MD* md;
| 	unsigned char digest[64]; /* its a 256-bit digest, so uses 32 bytes */
| 	const char* str = "Hello world";
| 	const unsigned char check[] = {
| 		0x40 , 0xed , 0xf8 , 0x56 , 0x5a , 0xc5 , 0x36 , 0xe1 ,
| 		0x33 , 0x7c , 0x7e , 0x87 , 0x62 , 0x1c , 0x42 , 0xe0 ,
| 		0x17 , 0x1b , 0x5e , 0xce , 0xa8 , 0x46 , 0x65 , 0x4d ,
| 		0x8d , 0x3e , 0x22 , 0x9b , 0xe1 , 0x30 , 0x19 , 0x9d
| 	};
| 	OPENSSL_config(NULL);
| 	(void)load_gost_id();
| 	md = EVP_get_digestbyname("md_gost94");
| 	if(!md) return 1;
| 	memset(digest, 0, sizeof(digest));
| 	ctx = EVP_MD_CTX_create();
| 	if(!ctx) return 2;
| 	if(!EVP_DigestInit_ex(ctx, md, NULL)) return 3;
| 	if(!EVP_DigestUpdate(ctx, str, 10)) return 4;
| 	if(!EVP_DigestFinal_ex(ctx, digest, NULL)) return 5;
| 	/* uncomment to see the hash calculated.
| 		{int i;
| 		for(i=0; i<32; i++)
| 			printf(" %2.2x", (int)digest[i]);
| 		printf("\n");}
| 	*/
| 	if(memcmp(digest, check, sizeof(check)) != 0)
| 		return 6;
| 	return 0;
| }
| 
configure:19145: result: no
configure:19168: checking for ECDSA_sign
configure:19168: gcc -o conftest  -g -O2 -D_GNU_SOURCE -flto    conftest.c  -lcrypto >&5
configure:19168: $? = 0
configure:19168: result: yes
configure:19175: checking for SHA384_Init
configure:19175: gcc -o conftest  -g -O2 -D_GNU_SOURCE -flto    conftest.c  -lcrypto >&5
configure:19175: $? = 0
configure:19175: result: yes
configure:19182: checking whether NID_X9_62_prime256v1 is declared
configure:19182: gcc -c  -g -O2 -D_GNU_SOURCE -flto   conftest.c >&5
configure:19182: $? = 0
configure:19182: result: yes
configure:19200: checking whether NID_secp384r1 is declared
configure:19200: gcc -c  -g -O2 -D_GNU_SOURCE -flto   conftest.c >&5
configure:19200: $? = 0
configure:19200: result: yes
configure:19220: checking if openssl supports SHA2 and ECDSA with EVP
configure:19232: result: yes
configure:19340: checking whether NID_ED25519 is declared
configure:19340: gcc -c  -g -O2 -D_GNU_SOURCE -flto   conftest.c >&5
configure:19340: $? = 0
configure:19340: result: yes
configure:19399: checking whether NID_ED448 is declared
configure:19399: gcc -c  -g -O2 -D_GNU_SOURCE -flto   conftest.c >&5
configure:19399: $? = 0
configure:19399: result: yes
configure:19914: checking for libexpat
configure:19924: result: found in /usr
configure:19934: checking for expat.h
configure:19934: gcc -c  -g -O2 -D_GNU_SOURCE -flto   conftest.c >&5
configure:19934: $? = 0
configure:19934: result: yes
configure:19945: checking whether XML_StopParser is declared
configure:19945: gcc -c  -g -O2 -D_GNU_SOURCE -flto   conftest.c >&5
configure:19945: $? = 0
configure:19945: result: yes
configure:20224: checking for getaddrinfo
configure:20245: gcc -o conftest  -g -O2 -D_GNU_SOURCE -flto    conftest.c  -lcrypto >&5
configure:20245: $? = 0
configure:20301: result: yes
configure:20452: checking for ioctlsocket
configure:20471: gcc -o conftest  -g -O2 -D_GNU_SOURCE -flto    conftest.c  -lcrypto >&5
conftest.c: In function 'main':
conftest.c:155:15: warning: implicit declaration of function 'ioctlsocket' [-Wimplicit-function-declaration]
  155 |         (void)ioctlsocket(0, 0, NULL);
      |               ^~~~~~~~~~~
conftest.c:155:33: error: 'NULL' undeclared (first use in this function)
  155 |         (void)ioctlsocket(0, 0, NULL);
      |                                 ^~~~
conftest.c:1:1: note: 'NULL' is defined in header '<stddef.h>'; did you forget to '#include <stddef.h>'?
    1 | /* confdefs.h */
conftest.c:155:33: note: each undeclared identifier is reported only once for each function it appears in
  155 |         (void)ioctlsocket(0, 0, NULL);
      |                                 ^~~~
configure:20471: $? = 1
configure: failed program was:
| /* confdefs.h */
| #define PACKAGE_NAME "unbound"
| #define PACKAGE_TARNAME "unbound"
| #define PACKAGE_VERSION "1.18.0"
| #define PACKAGE_STRING "unbound 1.18.0"
| #define PACKAGE_BUGREPORT "unbound-bugs@nlnetlabs.nl or https://github.com/NLnetLabs/unbound/issues"
| #define PACKAGE_URL ""
| #define CONFCMDLINE ""
| #define STDC_HEADERS 1
| #define HAVE_SYS_TYPES_H 1
| #define HAVE_SYS_STAT_H 1
| #define HAVE_STDLIB_H 1
| #define HAVE_STRING_H 1
| #define HAVE_MEMORY_H 1
| #define HAVE_STRINGS_H 1
| #define HAVE_INTTYPES_H 1
| #define HAVE_STDINT_H 1
| #define HAVE_UNISTD_H 1
| #define __EXTENSIONS__ 1
| #define _ALL_SOURCE 1
| #define _GNU_SOURCE 1
| #define _POSIX_PTHREAD_SEMANTICS 1
| #define _TANDEM_SOURCE 1
| #define CONFIGFILE "/usr/local/etc/unbound/unbound.conf"
| #define RUN_DIR "/usr/local/etc/unbound"
| #define CHROOT_DIR "/usr/local/etc/unbound"
| #define SHARE_DIR "/usr/local/etc/unbound"
| #define PIDFILE "/usr/local/etc/unbound/unbound.pid"
| #define ROOT_ANCHOR_FILE "/usr/local/etc/unbound/root.key"
| #define ROOT_CERT_FILE "/usr/local/etc/unbound/icannbundle.pem"
| #define UB_USERNAME "unbound"
| #define WINVER 0x0502
| #define RSRC_PACKAGE_VERSION 1,18,0,0
| #define HAVE_GETOPT_H 1
| #define HAVE_TIME_H 1
| #define HAVE_ATTR_FORMAT 1
| #define HAVE_ATTR_UNUSED 1
| #define HAVE_ATTR_WEAK 1
| #define ATTR_WEAK __attribute__((weak))
| #define HAVE_ATTR_NORETURN 1
| #define ATTR_NORETURN __attribute__((__noreturn__))
| #define LEX_HAS_YYLEX_DESTROY 1
| #define HAVE_DLFCN_H 1
| #define LT_OBJDIR ".libs/"
| #define HAVE_STDARG_H 1
| #define HAVE_STDBOOL_H 1
| #define HAVE_NETINET_IN_H 1
| #define HAVE_NETINET_TCP_H 1
| #define HAVE_SYS_PARAM_H 1
| #define HAVE_SYS_SELECT_H 1
| #define HAVE_SYS_SOCKET_H 1
| #define HAVE_SYS_UN_H 1
| #define HAVE_SYS_UIO_H 1
| #define HAVE_SYS_RESOURCE_H 1
| #define HAVE_ARPA_INET_H 1
| #define HAVE_SYSLOG_H 1
| #define HAVE_NETDB_H 1
| #define HAVE_SYS_WAIT_H 1
| #define HAVE_PWD_H 1
| #define HAVE_GLOB_H 1
| #define HAVE_GRP_H 1
| #define HAVE_ENDIAN_H 1
| #define HAVE_SYS_IPC_H 1
| #define HAVE_SYS_SHM_H 1
| #define HAVE_IFADDRS_H 1
| #define HAVE_POLL_H 1
| #define HAVE_NET_IF_H 1
| #define HAVE_LINUX_NET_TSTAMP_H 1
| #define SIZEOF_TIME_T 8
| #define SIZEOF_SIZE_T 8
| #define HAVE_UNISTD_H 1
| #define HAVE_CHOWN 1
| #define HAVE_FORK 1
| #define HAVE_VFORK 1
| #define HAVE_WORKING_VFORK 1
| #define HAVE_WORKING_FORK 1
| #define RETSIGTYPE void
| #define HAVE_FSEEKO 1
| #define HAVE_STRPTIME 1
| #define STRPTIME_WORKS 1
| #define REUSEPORT_DEFAULT 1
| #define HAVE_MALLOC 1
| #define HAVE_PTHREAD_PRIO_INHERIT 1
| #define HAVE_PTHREAD 1
| #define HAVE_PTHREAD_SPINLOCK_T 1
| #define HAVE_PTHREAD_RWLOCK_T 1
| #define SIZEOF_UNSIGNED_LONG 8
| #define SIZEOF_PTHREAD_T 8
| #define UB_SYSLOG_FACILITY LOG_DAEMON
| #define HAVE_SSL /**/
| #define HAVE_EVP_SHA256 1
| #define HAVE_OPENSSL_SSL_H 1
| #define HAVE_OPENSSL_ERR_H 1
| #define HAVE_OPENSSL_RAND_H 1
| #define HAVE_OPENSSL_CONF_H 1
| #define HAVE_OPENSSL_ENGINE_H 1
| #define HAVE_OPENSSL_BN_H 1
| #define HAVE_OPENSSL_DH_H 1
| #define HAVE_OPENSSL_DSA_H 1
| #define HAVE_OPENSSL_RSA_H 1
| #define HAVE_OPENSSL_CORE_NAMES_H 1
| #define HAVE_OPENSSL_PARAM_BUILD_H 1
| #define HAVE_OPENSSL_CONFIG 1
| #define HAVE_EVP_SHA1 1
| #define HAVE_EVP_SHA256 1
| #define HAVE_EVP_SHA512 1
| #define HAVE_EVP_DEFAULT_PROPERTIES_IS_FIPS_ENABLED 1
| #define HAVE_EVP_MD_CTX_NEW 1
| #define HAVE_OPENSSL_INIT_CRYPTO 1
| #define HAVE_DSA_SIG_SET0 1
| #define HAVE_EVP_DIGESTVERIFY 1
| #define HAVE_EVP_AES_256_CBC 1
| #define HAVE_EVP_ENCRYPTINIT_EX 1
| #define HAVE_HMAC_INIT_EX 1
| #define HAVE_EVP_MAC_CTX_SET_PARAMS 1
| #define HAVE_OSSL_PARAM_BLD_NEW 1
| #define HAVE_BIO_SET_CALLBACK_EX 1
| #define HAVE_OPENSSL_INIT_SSL 1
| #define HAVE_SSL_CTX_SET_SECURITY_LEVEL 1
| #define HAVE_SSL_SET1_HOST 1
| #define HAVE_SSL_GET0_PEERNAME 1
| #define HAVE_X509_VERIFY_PARAM_SET1_HOST 1
| #define HAVE_SSL_CTX_SET_CIPHERSUITES 1
| #define HAVE_SSL_CTX_SET_TLSEXT_TICKET_KEY_EVP_CB 1
| #define HAVE_SSL_CTX_SET_ALPN_SELECT_CB 1
| #define HAVE_SSL_GET0_ALPN_SELECTED 1
| #define HAVE_SSL_CTX_SET_ALPN_PROTOS 1
| #define HAVE_SSL_GET1_PEER_CERTIFICATE 1
| #define HAVE_DECL_SSL_COMP_GET_COMPRESSION_METHODS 1
| #define HAVE_DECL_SK_SSL_COMP_POP_FREE 1
| #define HAVE_DECL_SSL_CTX_SET_ECDH_AUTO 1
| #define USE_SHA1 1
| #define USE_SHA2 1
| #define HAVE_DECL_NID_X9_62_PRIME256V1 1
| #define HAVE_DECL_NID_SECP384R1 1
| #define USE_ECDSA 1
| #define HAVE_DECL_NID_ED25519 1
| #define USE_ED25519 1
| #define HAVE_DECL_NID_ED448 1
| #define USE_ED448 1
| #define USE_MINI_EVENT 1
| #define HAVE_EXPAT_H 1
| #define HAVE_DECL_XML_STOPPARSER 1
| #define HAVE_GETADDRINFO 1
| /* end confdefs.h.  */
| 
| #ifdef HAVE_WINSOCK2_H
| #include <winsock2.h>
| #endif
| 
| int
| main ()
| {
| 
| 	(void)ioctlsocket(0, 0, NULL);
| 
|   ;
|   return 0;
| }
configure:20480: result: no
configure:20490: checking for daemon
configure:20490: gcc -o conftest  -g -O2 -D_GNU_SOURCE -flto    conftest.c  -lcrypto >&5
configure:20490: $? = 0
configure:20490: result: yes
configure:20502: checking if daemon is deprecated
configure:20534: result: no
configure:20542: checking for struct sockaddr_un.sun_len
configure:20542: gcc -c  -g -O2 -D_GNU_SOURCE -flto   conftest.c >&5
conftest.c: In function 'main':
conftest.c:190:12: error: 'struct sockaddr_un' has no member named 'sun_len'
  190 | if (ac_aggr.sun_len)
      |            ^
configure:20542: $? = 1
configure: failed program was:
| /* confdefs.h */
| #define PACKAGE_NAME "unbound"
| #define PACKAGE_TARNAME "unbound"
| #define PACKAGE_VERSION "1.18.0"
| #define PACKAGE_STRING "unbound 1.18.0"
| #define PACKAGE_BUGREPORT "unbound-bugs@nlnetlabs.nl or https://github.com/NLnetLabs/unbound/issues"
| #define PACKAGE_URL ""
| #define CONFCMDLINE ""
| #define STDC_HEADERS 1
| #define HAVE_SYS_TYPES_H 1
| #define HAVE_SYS_STAT_H 1
| #define HAVE_STDLIB_H 1
| #define HAVE_STRING_H 1
| #define HAVE_MEMORY_H 1
| #define HAVE_STRINGS_H 1
| #define HAVE_INTTYPES_H 1
| #define HAVE_STDINT_H 1
| #define HAVE_UNISTD_H 1
| #define __EXTENSIONS__ 1
| #define _ALL_SOURCE 1
| #define _GNU_SOURCE 1
| #define _POSIX_PTHREAD_SEMANTICS 1
| #define _TANDEM_SOURCE 1
| #define CONFIGFILE "/usr/local/etc/unbound/unbound.conf"
| #define RUN_DIR "/usr/local/etc/unbound"
| #define CHROOT_DIR "/usr/local/etc/unbound"
| #define SHARE_DIR "/usr/local/etc/unbound"
| #define PIDFILE "/usr/local/etc/unbound/unbound.pid"
| #define ROOT_ANCHOR_FILE "/usr/local/etc/unbound/root.key"
| #define ROOT_CERT_FILE "/usr/local/etc/unbound/icannbundle.pem"
| #define UB_USERNAME "unbound"
| #define WINVER 0x0502
| #define RSRC_PACKAGE_VERSION 1,18,0,0
| #define HAVE_GETOPT_H 1
| #define HAVE_TIME_H 1
| #define HAVE_ATTR_FORMAT 1
| #define HAVE_ATTR_UNUSED 1
| #define HAVE_ATTR_WEAK 1
| #define ATTR_WEAK __attribute__((weak))
| #define HAVE_ATTR_NORETURN 1
| #define ATTR_NORETURN __attribute__((__noreturn__))
| #define LEX_HAS_YYLEX_DESTROY 1
| #define HAVE_DLFCN_H 1
| #define LT_OBJDIR ".libs/"
| #define HAVE_STDARG_H 1
| #define HAVE_STDBOOL_H 1
| #define HAVE_NETINET_IN_H 1
| #define HAVE_NETINET_TCP_H 1
| #define HAVE_SYS_PARAM_H 1
| #define HAVE_SYS_SELECT_H 1
| #define HAVE_SYS_SOCKET_H 1
| #define HAVE_SYS_UN_H 1
| #define HAVE_SYS_UIO_H 1
| #define HAVE_SYS_RESOURCE_H 1
| #define HAVE_ARPA_INET_H 1
| #define HAVE_SYSLOG_H 1
| #define HAVE_NETDB_H 1
| #define HAVE_SYS_WAIT_H 1
| #define HAVE_PWD_H 1
| #define HAVE_GLOB_H 1
| #define HAVE_GRP_H 1
| #define HAVE_ENDIAN_H 1
| #define HAVE_SYS_IPC_H 1
| #define HAVE_SYS_SHM_H 1
| #define HAVE_IFADDRS_H 1
| #define HAVE_POLL_H 1
| #define HAVE_NET_IF_H 1
| #define HAVE_LINUX_NET_TSTAMP_H 1
| #define SIZEOF_TIME_T 8
| #define SIZEOF_SIZE_T 8
| #define HAVE_UNISTD_H 1
| #define HAVE_CHOWN 1
| #define HAVE_FORK 1
| #define HAVE_VFORK 1
| #define HAVE_WORKING_VFORK 1
| #define HAVE_WORKING_FORK 1
| #define RETSIGTYPE void
| #define HAVE_FSEEKO 1
| #define HAVE_STRPTIME 1
| #define STRPTIME_WORKS 1
| #define REUSEPORT_DEFAULT 1
| #define HAVE_MALLOC 1
| #define HAVE_PTHREAD_PRIO_INHERIT 1
| #define HAVE_PTHREAD 1
| #define HAVE_PTHREAD_SPINLOCK_T 1
| #define HAVE_PTHREAD_RWLOCK_T 1
| #define SIZEOF_UNSIGNED_LONG 8
| #define SIZEOF_PTHREAD_T 8
| #define UB_SYSLOG_FACILITY LOG_DAEMON
| #define HAVE_SSL /**/
| #define HAVE_EVP_SHA256 1
| #define HAVE_OPENSSL_SSL_H 1
| #define HAVE_OPENSSL_ERR_H 1
| #define HAVE_OPENSSL_RAND_H 1
| #define HAVE_OPENSSL_CONF_H 1
| #define HAVE_OPENSSL_ENGINE_H 1
| #define HAVE_OPENSSL_BN_H 1
| #define HAVE_OPENSSL_DH_H 1
| #define HAVE_OPENSSL_DSA_H 1
| #define HAVE_OPENSSL_RSA_H 1
| #define HAVE_OPENSSL_CORE_NAMES_H 1
| #define HAVE_OPENSSL_PARAM_BUILD_H 1
| #define HAVE_OPENSSL_CONFIG 1
| #define HAVE_EVP_SHA1 1
| #define HAVE_EVP_SHA256 1
| #define HAVE_EVP_SHA512 1
| #define HAVE_EVP_DEFAULT_PROPERTIES_IS_FIPS_ENABLED 1
| #define HAVE_EVP_MD_CTX_NEW 1
| #define HAVE_OPENSSL_INIT_CRYPTO 1
| #define HAVE_DSA_SIG_SET0 1
| #define HAVE_EVP_DIGESTVERIFY 1
| #define HAVE_EVP_AES_256_CBC 1
| #define HAVE_EVP_ENCRYPTINIT_EX 1
| #define HAVE_HMAC_INIT_EX 1
| #define HAVE_EVP_MAC_CTX_SET_PARAMS 1
| #define HAVE_OSSL_PARAM_BLD_NEW 1
| #define HAVE_BIO_SET_CALLBACK_EX 1
| #define HAVE_OPENSSL_INIT_SSL 1
| #define HAVE_SSL_CTX_SET_SECURITY_LEVEL 1
| #define HAVE_SSL_SET1_HOST 1
| #define HAVE_SSL_GET0_PEERNAME 1
| #define HAVE_X509_VERIFY_PARAM_SET1_HOST 1
| #define HAVE_SSL_CTX_SET_CIPHERSUITES 1
| #define HAVE_SSL_CTX_SET_TLSEXT_TICKET_KEY_EVP_CB 1
| #define HAVE_SSL_CTX_SET_ALPN_SELECT_CB 1
| #define HAVE_SSL_GET0_ALPN_SELECTED 1
| #define HAVE_SSL_CTX_SET_ALPN_PROTOS 1
| #define HAVE_SSL_GET1_PEER_CERTIFICATE 1
| #define HAVE_DECL_SSL_COMP_GET_COMPRESSION_METHODS 1
| #define HAVE_DECL_SK_SSL_COMP_POP_FREE 1
| #define HAVE_DECL_SSL_CTX_SET_ECDH_AUTO 1
| #define USE_SHA1 1
| #define USE_SHA2 1
| #define HAVE_DECL_NID_X9_62_PRIME256V1 1
| #define HAVE_DECL_NID_SECP384R1 1
| #define USE_ECDSA 1
| #define HAVE_DECL_NID_ED25519 1
| #define USE_ED25519 1
| #define HAVE_DECL_NID_ED448 1
| #define USE_ED448 1
| #define USE_MINI_EVENT 1
| #define HAVE_EXPAT_H 1
| #define HAVE_DECL_XML_STOPPARSER 1
| #define HAVE_GETADDRINFO 1
| #define HAVE_DAEMON 1
| /* end confdefs.h.  */
| 
| #include <stdio.h>
| #ifdef HAVE_SYS_TYPES_H
| # include <sys/types.h>
| #endif
| #ifdef HAVE_SYS_STAT_H
| # include <sys/stat.h>
| #endif
| #ifdef STDC_HEADERS
| # include <stdlib.h>
| # include <stddef.h>
| #else
| # ifdef HAVE_STDLIB_H
| #  include <stdlib.h>
| # endif
| #endif
| #ifdef HAVE_STRING_H
| # if !defined STDC_HEADERS && defined HAVE_MEMORY_H
| #  include <memory.h>
| # endif
| # include <string.h>
| #endif
| #ifdef HAVE_STRINGS_H
| # include <strings.h>
| #endif
| #ifdef HAVE_INTTYPES_H
| # include <inttypes.h>
| #endif
| #ifdef HAVE_STDINT_H
| # include <stdint.h>
| #endif
| #ifdef HAVE_UNISTD_H
| # include <unistd.h>
| #endif
| #ifdef HAVE_SYS_UN_H
| #include <sys/un.h>
| #endif
| 
| 
| int
| main ()
| {
| static struct sockaddr_un ac_aggr;
| if (ac_aggr.sun_len)
| return 0;
|   ;
|   return 0;
| }
configure:20542: gcc -c  -g -O2 -D_GNU_SOURCE -flto   conftest.c >&5
conftest.c: In function 'main':
conftest.c:190:19: error: 'struct sockaddr_un' has no member named 'sun_len'
  190 | if (sizeof ac_aggr.sun_len)
      |                   ^
configure:20542: $? = 1
configure: failed program was:
| /* confdefs.h */
| #define PACKAGE_NAME "unbound"
| #define PACKAGE_TARNAME "unbound"
| #define PACKAGE_VERSION "1.18.0"
| #define PACKAGE_STRING "unbound 1.18.0"
| #define PACKAGE_BUGREPORT "unbound-bugs@nlnetlabs.nl or https://github.com/NLnetLabs/unbound/issues"
| #define PACKAGE_URL ""
| #define CONFCMDLINE ""
| #define STDC_HEADERS 1
| #define HAVE_SYS_TYPES_H 1
| #define HAVE_SYS_STAT_H 1
| #define HAVE_STDLIB_H 1
| #define HAVE_STRING_H 1
| #define HAVE_MEMORY_H 1
| #define HAVE_STRINGS_H 1
| #define HAVE_INTTYPES_H 1
| #define HAVE_STDINT_H 1
| #define HAVE_UNISTD_H 1
| #define __EXTENSIONS__ 1
| #define _ALL_SOURCE 1
| #define _GNU_SOURCE 1
| #define _POSIX_PTHREAD_SEMANTICS 1
| #define _TANDEM_SOURCE 1
| #define CONFIGFILE "/usr/local/etc/unbound/unbound.conf"
| #define RUN_DIR "/usr/local/etc/unbound"
| #define CHROOT_DIR "/usr/local/etc/unbound"
| #define SHARE_DIR "/usr/local/etc/unbound"
| #define PIDFILE "/usr/local/etc/unbound/unbound.pid"
| #define ROOT_ANCHOR_FILE "/usr/local/etc/unbound/root.key"
| #define ROOT_CERT_FILE "/usr/local/etc/unbound/icannbundle.pem"
| #define UB_USERNAME "unbound"
| #define WINVER 0x0502
| #define RSRC_PACKAGE_VERSION 1,18,0,0
| #define HAVE_GETOPT_H 1
| #define HAVE_TIME_H 1
| #define HAVE_ATTR_FORMAT 1
| #define HAVE_ATTR_UNUSED 1
| #define HAVE_ATTR_WEAK 1
| #define ATTR_WEAK __attribute__((weak))
| #define HAVE_ATTR_NORETURN 1
| #define ATTR_NORETURN __attribute__((__noreturn__))
| #define LEX_HAS_YYLEX_DESTROY 1
| #define HAVE_DLFCN_H 1
| #define LT_OBJDIR ".libs/"
| #define HAVE_STDARG_H 1
| #define HAVE_STDBOOL_H 1
| #define HAVE_NETINET_IN_H 1
| #define HAVE_NETINET_TCP_H 1
| #define HAVE_SYS_PARAM_H 1
| #define HAVE_SYS_SELECT_H 1
| #define HAVE_SYS_SOCKET_H 1
| #define HAVE_SYS_UN_H 1
| #define HAVE_SYS_UIO_H 1
| #define HAVE_SYS_RESOURCE_H 1
| #define HAVE_ARPA_INET_H 1
| #define HAVE_SYSLOG_H 1
| #define HAVE_NETDB_H 1
| #define HAVE_SYS_WAIT_H 1
| #define HAVE_PWD_H 1
| #define HAVE_GLOB_H 1
| #define HAVE_GRP_H 1
| #define HAVE_ENDIAN_H 1
| #define HAVE_SYS_IPC_H 1
| #define HAVE_SYS_SHM_H 1
| #define HAVE_IFADDRS_H 1
| #define HAVE_POLL_H 1
| #define HAVE_NET_IF_H 1
| #define HAVE_LINUX_NET_TSTAMP_H 1
| #define SIZEOF_TIME_T 8
| #define SIZEOF_SIZE_T 8
| #define HAVE_UNISTD_H 1
| #define HAVE_CHOWN 1
| #define HAVE_FORK 1
| #define HAVE_VFORK 1
| #define HAVE_WORKING_VFORK 1
| #define HAVE_WORKING_FORK 1
| #define RETSIGTYPE void
| #define HAVE_FSEEKO 1
| #define HAVE_STRPTIME 1
| #define STRPTIME_WORKS 1
| #define REUSEPORT_DEFAULT 1
| #define HAVE_MALLOC 1
| #define HAVE_PTHREAD_PRIO_INHERIT 1
| #define HAVE_PTHREAD 1
| #define HAVE_PTHREAD_SPINLOCK_T 1
| #define HAVE_PTHREAD_RWLOCK_T 1
| #define SIZEOF_UNSIGNED_LONG 8
| #define SIZEOF_PTHREAD_T 8
| #define UB_SYSLOG_FACILITY LOG_DAEMON
| #define HAVE_SSL /**/
| #define HAVE_EVP_SHA256 1
| #define HAVE_OPENSSL_SSL_H 1
| #define HAVE_OPENSSL_ERR_H 1
| #define HAVE_OPENSSL_RAND_H 1
| #define HAVE_OPENSSL_CONF_H 1
| #define HAVE_OPENSSL_ENGINE_H 1
| #define HAVE_OPENSSL_BN_H 1
| #define HAVE_OPENSSL_DH_H 1
| #define HAVE_OPENSSL_DSA_H 1
| #define HAVE_OPENSSL_RSA_H 1
| #define HAVE_OPENSSL_CORE_NAMES_H 1
| #define HAVE_OPENSSL_PARAM_BUILD_H 1
| #define HAVE_OPENSSL_CONFIG 1
| #define HAVE_EVP_SHA1 1
| #define HAVE_EVP_SHA256 1
| #define HAVE_EVP_SHA512 1
| #define HAVE_EVP_DEFAULT_PROPERTIES_IS_FIPS_ENABLED 1
| #define HAVE_EVP_MD_CTX_NEW 1
| #define HAVE_OPENSSL_INIT_CRYPTO 1
| #define HAVE_DSA_SIG_SET0 1
| #define HAVE_EVP_DIGESTVERIFY 1
| #define HAVE_EVP_AES_256_CBC 1
| #define HAVE_EVP_ENCRYPTINIT_EX 1
| #define HAVE_HMAC_INIT_EX 1
| #define HAVE_EVP_MAC_CTX_SET_PARAMS 1
| #define HAVE_OSSL_PARAM_BLD_NEW 1
| #define HAVE_BIO_SET_CALLBACK_EX 1
| #define HAVE_OPENSSL_INIT_SSL 1
| #define HAVE_SSL_CTX_SET_SECURITY_LEVEL 1
| #define HAVE_SSL_SET1_HOST 1
| #define HAVE_SSL_GET0_PEERNAME 1
| #define HAVE_X509_VERIFY_PARAM_SET1_HOST 1
| #define HAVE_SSL_CTX_SET_CIPHERSUITES 1
| #define HAVE_SSL_CTX_SET_TLSEXT_TICKET_KEY_EVP_CB 1
| #define HAVE_SSL_CTX_SET_ALPN_SELECT_CB 1
| #define HAVE_SSL_GET0_ALPN_SELECTED 1
| #define HAVE_SSL_CTX_SET_ALPN_PROTOS 1
| #define HAVE_SSL_GET1_PEER_CERTIFICATE 1
| #define HAVE_DECL_SSL_COMP_GET_COMPRESSION_METHODS 1
| #define HAVE_DECL_SK_SSL_COMP_POP_FREE 1
| #define HAVE_DECL_SSL_CTX_SET_ECDH_AUTO 1
| #define USE_SHA1 1
| #define USE_SHA2 1
| #define HAVE_DECL_NID_X9_62_PRIME256V1 1
| #define HAVE_DECL_NID_SECP384R1 1
| #define USE_ECDSA 1
| #define HAVE_DECL_NID_ED25519 1
| #define USE_ED25519 1
| #define HAVE_DECL_NID_ED448 1
| #define USE_ED448 1
| #define USE_MINI_EVENT 1
| #define HAVE_EXPAT_H 1
| #define HAVE_DECL_XML_STOPPARSER 1
| #define HAVE_GETADDRINFO 1
| #define HAVE_DAEMON 1
| /* end confdefs.h.  */
| 
| #include <stdio.h>
| #ifdef HAVE_SYS_TYPES_H
| # include <sys/types.h>
| #endif
| #ifdef HAVE_SYS_STAT_H
| # include <sys/stat.h>
| #endif
| #ifdef STDC_HEADERS
| # include <stdlib.h>
| # include <stddef.h>
| #else
| # ifdef HAVE_STDLIB_H
| #  include <stdlib.h>
| # endif
| #endif
| #ifdef HAVE_STRING_H
| # if !defined STDC_HEADERS && defined HAVE_MEMORY_H
| #  include <memory.h>
| # endif
| # include <string.h>
| #endif
| #ifdef HAVE_STRINGS_H
| # include <strings.h>
| #endif
| #ifdef HAVE_INTTYPES_H
| # include <inttypes.h>
| #endif
| #ifdef HAVE_STDINT_H
| # include <stdint.h>
| #endif
| #ifdef HAVE_UNISTD_H
| # include <unistd.h>
| #endif
| #ifdef HAVE_SYS_UN_H
| #include <sys/un.h>
| #endif
| 
| 
| int
| main ()
| {
| static struct sockaddr_un ac_aggr;
| if (sizeof ac_aggr.sun_len)
| return 0;
|   ;
|   return 0;
| }
configure:20542: result: no
configure:20558: checking for struct in_pktinfo.ipi_spec_dst
configure:20558: gcc -c  -g -O2 -D_GNU_SOURCE -flto   conftest.c >&5
conftest.c: In function 'main':
conftest.c:218:5: error: used struct type value where scalar is required
  218 | if (ac_aggr.ipi_spec_dst)
      |     ^~~~~~~
configure:20558: $? = 1
configure: failed program was:
| /* confdefs.h */
| #define PACKAGE_NAME "unbound"
| #define PACKAGE_TARNAME "unbound"
| #define PACKAGE_VERSION "1.18.0"
| #define PACKAGE_STRING "unbound 1.18.0"
| #define PACKAGE_BUGREPORT "unbound-bugs@nlnetlabs.nl or https://github.com/NLnetLabs/unbound/issues"
| #define PACKAGE_URL ""
| #define CONFCMDLINE ""
| #define STDC_HEADERS 1
| #define HAVE_SYS_TYPES_H 1
| #define HAVE_SYS_STAT_H 1
| #define HAVE_STDLIB_H 1
| #define HAVE_STRING_H 1
| #define HAVE_MEMORY_H 1
| #define HAVE_STRINGS_H 1
| #define HAVE_INTTYPES_H 1
| #define HAVE_STDINT_H 1
| #define HAVE_UNISTD_H 1
| #define __EXTENSIONS__ 1
| #define _ALL_SOURCE 1
| #define _GNU_SOURCE 1
| #define _POSIX_PTHREAD_SEMANTICS 1
| #define _TANDEM_SOURCE 1
| #define CONFIGFILE "/usr/local/etc/unbound/unbound.conf"
| #define RUN_DIR "/usr/local/etc/unbound"
| #define CHROOT_DIR "/usr/local/etc/unbound"
| #define SHARE_DIR "/usr/local/etc/unbound"
| #define PIDFILE "/usr/local/etc/unbound/unbound.pid"
| #define ROOT_ANCHOR_FILE "/usr/local/etc/unbound/root.key"
| #define ROOT_CERT_FILE "/usr/local/etc/unbound/icannbundle.pem"
| #define UB_USERNAME "unbound"
| #define WINVER 0x0502
| #define RSRC_PACKAGE_VERSION 1,18,0,0
| #define HAVE_GETOPT_H 1
| #define HAVE_TIME_H 1
| #define HAVE_ATTR_FORMAT 1
| #define HAVE_ATTR_UNUSED 1
| #define HAVE_ATTR_WEAK 1
| #define ATTR_WEAK __attribute__((weak))
| #define HAVE_ATTR_NORETURN 1
| #define ATTR_NORETURN __attribute__((__noreturn__))
| #define LEX_HAS_YYLEX_DESTROY 1
| #define HAVE_DLFCN_H 1
| #define LT_OBJDIR ".libs/"
| #define HAVE_STDARG_H 1
| #define HAVE_STDBOOL_H 1
| #define HAVE_NETINET_IN_H 1
| #define HAVE_NETINET_TCP_H 1
| #define HAVE_SYS_PARAM_H 1
| #define HAVE_SYS_SELECT_H 1
| #define HAVE_SYS_SOCKET_H 1
| #define HAVE_SYS_UN_H 1
| #define HAVE_SYS_UIO_H 1
| #define HAVE_SYS_RESOURCE_H 1
| #define HAVE_ARPA_INET_H 1
| #define HAVE_SYSLOG_H 1
| #define HAVE_NETDB_H 1
| #define HAVE_SYS_WAIT_H 1
| #define HAVE_PWD_H 1
| #define HAVE_GLOB_H 1
| #define HAVE_GRP_H 1
| #define HAVE_ENDIAN_H 1
| #define HAVE_SYS_IPC_H 1
| #define HAVE_SYS_SHM_H 1
| #define HAVE_IFADDRS_H 1
| #define HAVE_POLL_H 1
| #define HAVE_NET_IF_H 1
| #define HAVE_LINUX_NET_TSTAMP_H 1
| #define SIZEOF_TIME_T 8
| #define SIZEOF_SIZE_T 8
| #define HAVE_UNISTD_H 1
| #define HAVE_CHOWN 1
| #define HAVE_FORK 1
| #define HAVE_VFORK 1
| #define HAVE_WORKING_VFORK 1
| #define HAVE_WORKING_FORK 1
| #define RETSIGTYPE void
| #define HAVE_FSEEKO 1
| #define HAVE_STRPTIME 1
| #define STRPTIME_WORKS 1
| #define REUSEPORT_DEFAULT 1
| #define HAVE_MALLOC 1
| #define HAVE_PTHREAD_PRIO_INHERIT 1
| #define HAVE_PTHREAD 1
| #define HAVE_PTHREAD_SPINLOCK_T 1
| #define HAVE_PTHREAD_RWLOCK_T 1
| #define SIZEOF_UNSIGNED_LONG 8
| #define SIZEOF_PTHREAD_T 8
| #define UB_SYSLOG_FACILITY LOG_DAEMON
| #define HAVE_SSL /**/
| #define HAVE_EVP_SHA256 1
| #define HAVE_OPENSSL_SSL_H 1
| #define HAVE_OPENSSL_ERR_H 1
| #define HAVE_OPENSSL_RAND_H 1
| #define HAVE_OPENSSL_CONF_H 1
| #define HAVE_OPENSSL_ENGINE_H 1
| #define HAVE_OPENSSL_BN_H 1
| #define HAVE_OPENSSL_DH_H 1
| #define HAVE_OPENSSL_DSA_H 1
| #define HAVE_OPENSSL_RSA_H 1
| #define HAVE_OPENSSL_CORE_NAMES_H 1
| #define HAVE_OPENSSL_PARAM_BUILD_H 1
| #define HAVE_OPENSSL_CONFIG 1
| #define HAVE_EVP_SHA1 1
| #define HAVE_EVP_SHA256 1
| #define HAVE_EVP_SHA512 1
| #define HAVE_EVP_DEFAULT_PROPERTIES_IS_FIPS_ENABLED 1
| #define HAVE_EVP_MD_CTX_NEW 1
| #define HAVE_OPENSSL_INIT_CRYPTO 1
| #define HAVE_DSA_SIG_SET0 1
| #define HAVE_EVP_DIGESTVERIFY 1
| #define HAVE_EVP_AES_256_CBC 1
| #define HAVE_EVP_ENCRYPTINIT_EX 1
| #define HAVE_HMAC_INIT_EX 1
| #define HAVE_EVP_MAC_CTX_SET_PARAMS 1
| #define HAVE_OSSL_PARAM_BLD_NEW 1
| #define HAVE_BIO_SET_CALLBACK_EX 1
| #define HAVE_OPENSSL_INIT_SSL 1
| #define HAVE_SSL_CTX_SET_SECURITY_LEVEL 1
| #define HAVE_SSL_SET1_HOST 1
| #define HAVE_SSL_GET0_PEERNAME 1
| #define HAVE_X509_VERIFY_PARAM_SET1_HOST 1
| #define HAVE_SSL_CTX_SET_CIPHERSUITES 1
| #define HAVE_SSL_CTX_SET_TLSEXT_TICKET_KEY_EVP_CB 1
| #define HAVE_SSL_CTX_SET_ALPN_SELECT_CB 1
| #define HAVE_SSL_GET0_ALPN_SELECTED 1
| #define HAVE_SSL_CTX_SET_ALPN_PROTOS 1
| #define HAVE_SSL_GET1_PEER_CERTIFICATE 1
| #define HAVE_DECL_SSL_COMP_GET_COMPRESSION_METHODS 1
| #define HAVE_DECL_SK_SSL_COMP_POP_FREE 1
| #define HAVE_DECL_SSL_CTX_SET_ECDH_AUTO 1
| #define USE_SHA1 1
| #define USE_SHA2 1
| #define HAVE_DECL_NID_X9_62_PRIME256V1 1
| #define HAVE_DECL_NID_SECP384R1 1
| #define USE_ECDSA 1
| #define HAVE_DECL_NID_ED25519 1
| #define USE_ED25519 1
| #define HAVE_DECL_NID_ED448 1
| #define USE_ED448 1
| #define USE_MINI_EVENT 1
| #define HAVE_EXPAT_H 1
| #define HAVE_DECL_XML_STOPPARSER 1
| #define HAVE_GETADDRINFO 1
| #define HAVE_DAEMON 1
| /* end confdefs.h.  */
| 
| #include <stdio.h>
| #ifdef HAVE_SYS_TYPES_H
| # include <sys/types.h>
| #endif
| #ifdef HAVE_SYS_STAT_H
| # include <sys/stat.h>
| #endif
| #ifdef STDC_HEADERS
| # include <stdlib.h>
| # include <stddef.h>
| #else
| # ifdef HAVE_STDLIB_H
| #  include <stdlib.h>
| # endif
| #endif
| #ifdef HAVE_STRING_H
| # if !defined STDC_HEADERS && defined HAVE_MEMORY_H
| #  include <memory.h>
| # endif
| # include <string.h>
| #endif
| #ifdef HAVE_STRINGS_H
| # include <strings.h>
| #endif
| #ifdef HAVE_INTTYPES_H
| # include <inttypes.h>
| #endif
| #ifdef HAVE_STDINT_H
| # include <stdint.h>
| #endif
| #ifdef HAVE_UNISTD_H
| # include <unistd.h>
| #endif
| #if HAVE_SYS_PARAM_H
| #include <sys/param.h>
| #endif
| 
| #ifdef HAVE_SYS_SOCKET_H
| #include <sys/socket.h>
| #endif
| 
| #ifdef HAVE_SYS_UIO_H
| #include <sys/uio.h>
| #endif
| 
| #ifdef HAVE_NETINET_IN_H
| #include <netinet/in.h>
| #endif
| 
| #ifdef HAVE_NETINET_TCP_H
| #include <netinet/tcp.h>
| #endif
| 
| #ifdef HAVE_ARPA_INET_H
| #include <arpa/inet.h>
| #endif
| 
| #ifdef HAVE_WINSOCK2_H
| #include <winsock2.h>
| #endif
| 
| #ifdef HAVE_WS2TCPIP_H
| #include <ws2tcpip.h>
| #endif
| 
| 
| int
| main ()
| {
| static struct in_pktinfo ac_aggr;
| if (ac_aggr.ipi_spec_dst)
| return 0;
|   ;
|   return 0;
| }
configure:20558: gcc -c  -g -O2 -D_GNU_SOURCE -flto   conftest.c >&5
configure:20558: $? = 0
configure:20558: result: yes
configure:20603: checking for htobe64
configure:20624: gcc -o conftest  -g -O2 -D_GNU_SOURCE -flto    conftest.c  -lcrypto >&5
configure:20624: $? = 0
configure:20625: result: yes
configure:20637: checking for be64toh
configure:20658: gcc -o conftest  -g -O2 -D_GNU_SOURCE -flto    conftest.c  -lcrypto >&5
configure:20658: $? = 0
configure:20659: result: yes
configure:20671: checking for library containing setusercontext
configure:20702: gcc -o conftest  -g -O2 -D_GNU_SOURCE -flto    conftest.c  -lcrypto >&5
/usr/bin/ld: /tmp/ccycTsfs.ltrans0.ltrans.o: in function `main':
/home/runner/work/unbound-1.18.0/unbound-1.18.0/<artificial>:161:(.text.startup+0xb): undefined reference to `setusercontext'
collect2: error: ld returned 1 exit status
configure:20702: $? = 1
configure: failed program was:
| /* confdefs.h */
| #define PACKAGE_NAME "unbound"
| #define PACKAGE_TARNAME "unbound"
| #define PACKAGE_VERSION "1.18.0"
| #define PACKAGE_STRING "unbound 1.18.0"
| #define PACKAGE_BUGREPORT "unbound-bugs@nlnetlabs.nl or https://github.com/NLnetLabs/unbound/issues"
| #define PACKAGE_URL ""
| #define CONFCMDLINE ""
| #define STDC_HEADERS 1
| #define HAVE_SYS_TYPES_H 1
| #define HAVE_SYS_STAT_H 1
| #define HAVE_STDLIB_H 1
| #define HAVE_STRING_H 1
| #define HAVE_MEMORY_H 1
| #define HAVE_STRINGS_H 1
| #define HAVE_INTTYPES_H 1
| #define HAVE_STDINT_H 1
| #define HAVE_UNISTD_H 1
| #define __EXTENSIONS__ 1
| #define _ALL_SOURCE 1
| #define _GNU_SOURCE 1
| #define _POSIX_PTHREAD_SEMANTICS 1
| #define _TANDEM_SOURCE 1
| #define CONFIGFILE "/usr/local/etc/unbound/unbound.conf"
| #define RUN_DIR "/usr/local/etc/unbound"
| #define CHROOT_DIR "/usr/local/etc/unbound"
| #define SHARE_DIR "/usr/local/etc/unbound"
| #define PIDFILE "/usr/local/etc/unbound/unbound.pid"
| #define ROOT_ANCHOR_FILE "/usr/local/etc/unbound/root.key"
| #define ROOT_CERT_FILE "/usr/local/etc/unbound/icannbundle.pem"
| #define UB_USERNAME "unbound"
| #define WINVER 0x0502
| #define RSRC_PACKAGE_VERSION 1,18,0,0
| #define HAVE_GETOPT_H 1
| #define HAVE_TIME_H 1
| #define HAVE_ATTR_FORMAT 1
| #define HAVE_ATTR_UNUSED 1
| #define HAVE_ATTR_WEAK 1
| #define ATTR_WEAK __attribute__((weak))
| #define HAVE_ATTR_NORETURN 1
| #define ATTR_NORETURN __attribute__((__noreturn__))
| #define LEX_HAS_YYLEX_DESTROY 1
| #define HAVE_DLFCN_H 1
| #define LT_OBJDIR ".libs/"
| #define HAVE_STDARG_H 1
| #define HAVE_STDBOOL_H 1
| #define HAVE_NETINET_IN_H 1
| #define HAVE_NETINET_TCP_H 1
| #define HAVE_SYS_PARAM_H 1
| #define HAVE_SYS_SELECT_H 1
| #define HAVE_SYS_SOCKET_H 1
| #define HAVE_SYS_UN_H 1
| #define HAVE_SYS_UIO_H 1
| #define HAVE_SYS_RESOURCE_H 1
| #define HAVE_ARPA_INET_H 1
| #define HAVE_SYSLOG_H 1
| #define HAVE_NETDB_H 1
| #define HAVE_SYS_WAIT_H 1
| #define HAVE_PWD_H 1
| #define HAVE_GLOB_H 1
| #define HAVE_GRP_H 1
| #define HAVE_ENDIAN_H 1
| #define HAVE_SYS_IPC_H 1
| #define HAVE_SYS_SHM_H 1
| #define HAVE_IFADDRS_H 1
| #define HAVE_POLL_H 1
| #define HAVE_NET_IF_H 1
| #define HAVE_LINUX_NET_TSTAMP_H 1
| #define SIZEOF_TIME_T 8
| #define SIZEOF_SIZE_T 8
| #define HAVE_UNISTD_H 1
| #define HAVE_CHOWN 1
| #define HAVE_FORK 1
| #define HAVE_VFORK 1
| #define HAVE_WORKING_VFORK 1
| #define HAVE_WORKING_FORK 1
| #define RETSIGTYPE void
| #define HAVE_FSEEKO 1
| #define HAVE_STRPTIME 1
| #define STRPTIME_WORKS 1
| #define REUSEPORT_DEFAULT 1
| #define HAVE_MALLOC 1
| #define HAVE_PTHREAD_PRIO_INHERIT 1
| #define HAVE_PTHREAD 1
| #define HAVE_PTHREAD_SPINLOCK_T 1
| #define HAVE_PTHREAD_RWLOCK_T 1
| #define SIZEOF_UNSIGNED_LONG 8
| #define SIZEOF_PTHREAD_T 8
| #define UB_SYSLOG_FACILITY LOG_DAEMON
| #define HAVE_SSL /**/
| #define HAVE_EVP_SHA256 1
| #define HAVE_OPENSSL_SSL_H 1
| #define HAVE_OPENSSL_ERR_H 1
| #define HAVE_OPENSSL_RAND_H 1
| #define HAVE_OPENSSL_CONF_H 1
| #define HAVE_OPENSSL_ENGINE_H 1
| #define HAVE_OPENSSL_BN_H 1
| #define HAVE_OPENSSL_DH_H 1
| #define HAVE_OPENSSL_DSA_H 1
| #define HAVE_OPENSSL_RSA_H 1
| #define HAVE_OPENSSL_CORE_NAMES_H 1
| #define HAVE_OPENSSL_PARAM_BUILD_H 1
| #define HAVE_OPENSSL_CONFIG 1
| #define HAVE_EVP_SHA1 1
| #define HAVE_EVP_SHA256 1
| #define HAVE_EVP_SHA512 1
| #define HAVE_EVP_DEFAULT_PROPERTIES_IS_FIPS_ENABLED 1
| #define HAVE_EVP_MD_CTX_NEW 1
| #define HAVE_OPENSSL_INIT_CRYPTO 1
| #define HAVE_DSA_SIG_SET0 1
| #define HAVE_EVP_DIGESTVERIFY 1
| #define HAVE_EVP_AES_256_CBC 1
| #define HAVE_EVP_ENCRYPTINIT_EX 1
| #define HAVE_HMAC_INIT_EX 1
| #define HAVE_EVP_MAC_CTX_SET_PARAMS 1
| #define HAVE_OSSL_PARAM_BLD_NEW 1
| #define HAVE_BIO_SET_CALLBACK_EX 1
| #define HAVE_OPENSSL_INIT_SSL 1
| #define HAVE_SSL_CTX_SET_SECURITY_LEVEL 1
| #define HAVE_SSL_SET1_HOST 1
| #define HAVE_SSL_GET0_PEERNAME 1
| #define HAVE_X509_VERIFY_PARAM_SET1_HOST 1
| #define HAVE_SSL_CTX_SET_CIPHERSUITES 1
| #define HAVE_SSL_CTX_SET_TLSEXT_TICKET_KEY_EVP_CB 1
| #define HAVE_SSL_CTX_SET_ALPN_SELECT_CB 1
| #define HAVE_SSL_GET0_ALPN_SELECTED 1
| #define HAVE_SSL_CTX_SET_ALPN_PROTOS 1
| #define HAVE_SSL_GET1_PEER_CERTIFICATE 1
| #define HAVE_DECL_SSL_COMP_GET_COMPRESSION_METHODS 1
| #define HAVE_DECL_SK_SSL_COMP_POP_FREE 1
| #define HAVE_DECL_SSL_CTX_SET_ECDH_AUTO 1
| #define USE_SHA1 1
| #define USE_SHA2 1
| #define HAVE_DECL_NID_X9_62_PRIME256V1 1
| #define HAVE_DECL_NID_SECP384R1 1
| #define USE_ECDSA 1
| #define HAVE_DECL_NID_ED25519 1
| #define USE_ED25519 1
| #define HAVE_DECL_NID_ED448 1
| #define USE_ED448 1
| #define USE_MINI_EVENT 1
| #define HAVE_EXPAT_H 1
| #define HAVE_DECL_XML_STOPPARSER 1
| #define HAVE_GETADDRINFO 1
| #define HAVE_DAEMON 1
| #define HAVE_STRUCT_IN_PKTINFO_IPI_SPEC_DST 1
| #define HAVE_HTOBE64 1
| #define HAVE_BE64TOH 1
| /* end confdefs.h.  */
| 
| /* Override any GCC internal prototype to avoid an error.
|    Use char because int might match the return type of a GCC
|    builtin and then its argument prototype would still apply.  */
| #ifdef __cplusplus
| extern "C"
| #endif
| char setusercontext ();
| int
| main ()
| {
| return setusercontext ();
|   ;
|   return 0;
| }
configure:20702: gcc -o conftest  -g -O2 -D_GNU_SOURCE -flto    conftest.c -lutil   -lcrypto >&5
/usr/bin/ld: /tmp/ccJsRTNg.ltrans0.ltrans.o: in function `main':
/home/runner/work/unbound-1.18.0/unbound-1.18.0/<artificial>:161:(.text.startup+0xb): undefined reference to `setusercontext'
collect2: error: ld returned 1 exit status
configure:20702: $? = 1
configure: failed program was:
| /* confdefs.h */
| #define PACKAGE_NAME "unbound"
| #define PACKAGE_TARNAME "unbound"
| #define PACKAGE_VERSION "1.18.0"
| #define PACKAGE_STRING "unbound 1.18.0"
| #define PACKAGE_BUGREPORT "unbound-bugs@nlnetlabs.nl or https://github.com/NLnetLabs/unbound/issues"
| #define PACKAGE_URL ""
| #define CONFCMDLINE ""
| #define STDC_HEADERS 1
| #define HAVE_SYS_TYPES_H 1
| #define HAVE_SYS_STAT_H 1
| #define HAVE_STDLIB_H 1
| #define HAVE_STRING_H 1
| #define HAVE_MEMORY_H 1
| #define HAVE_STRINGS_H 1
| #define HAVE_INTTYPES_H 1
| #define HAVE_STDINT_H 1
| #define HAVE_UNISTD_H 1
| #define __EXTENSIONS__ 1
| #define _ALL_SOURCE 1
| #define _GNU_SOURCE 1
| #define _POSIX_PTHREAD_SEMANTICS 1
| #define _TANDEM_SOURCE 1
| #define CONFIGFILE "/usr/local/etc/unbound/unbound.conf"
| #define RUN_DIR "/usr/local/etc/unbound"
| #define CHROOT_DIR "/usr/local/etc/unbound"
| #define SHARE_DIR "/usr/local/etc/unbound"
| #define PIDFILE "/usr/local/etc/unbound/unbound.pid"
| #define ROOT_ANCHOR_FILE "/usr/local/etc/unbound/root.key"
| #define ROOT_CERT_FILE "/usr/local/etc/unbound/icannbundle.pem"
| #define UB_USERNAME "unbound"
| #define WINVER 0x0502
| #define RSRC_PACKAGE_VERSION 1,18,0,0
| #define HAVE_GETOPT_H 1
| #define HAVE_TIME_H 1
| #define HAVE_ATTR_FORMAT 1
| #define HAVE_ATTR_UNUSED 1
| #define HAVE_ATTR_WEAK 1
| #define ATTR_WEAK __attribute__((weak))
| #define HAVE_ATTR_NORETURN 1
| #define ATTR_NORETURN __attribute__((__noreturn__))
| #define LEX_HAS_YYLEX_DESTROY 1
| #define HAVE_DLFCN_H 1
| #define LT_OBJDIR ".libs/"
| #define HAVE_STDARG_H 1
| #define HAVE_STDBOOL_H 1
| #define HAVE_NETINET_IN_H 1
| #define HAVE_NETINET_TCP_H 1
| #define HAVE_SYS_PARAM_H 1
| #define HAVE_SYS_SELECT_H 1
| #define HAVE_SYS_SOCKET_H 1
| #define HAVE_SYS_UN_H 1
| #define HAVE_SYS_UIO_H 1
| #define HAVE_SYS_RESOURCE_H 1
| #define HAVE_ARPA_INET_H 1
| #define HAVE_SYSLOG_H 1
| #define HAVE_NETDB_H 1
| #define HAVE_SYS_WAIT_H 1
| #define HAVE_PWD_H 1
| #define HAVE_GLOB_H 1
| #define HAVE_GRP_H 1
| #define HAVE_ENDIAN_H 1
| #define HAVE_SYS_IPC_H 1
| #define HAVE_SYS_SHM_H 1
| #define HAVE_IFADDRS_H 1
| #define HAVE_POLL_H 1
| #define HAVE_NET_IF_H 1
| #define HAVE_LINUX_NET_TSTAMP_H 1
| #define SIZEOF_TIME_T 8
| #define SIZEOF_SIZE_T 8
| #define HAVE_UNISTD_H 1
| #define HAVE_CHOWN 1
| #define HAVE_FORK 1
| #define HAVE_VFORK 1
| #define HAVE_WORKING_VFORK 1
| #define HAVE_WORKING_FORK 1
| #define RETSIGTYPE void
| #define HAVE_FSEEKO 1
| #define HAVE_STRPTIME 1
| #define STRPTIME_WORKS 1
| #define REUSEPORT_DEFAULT 1
| #define HAVE_MALLOC 1
| #define HAVE_PTHREAD_PRIO_INHERIT 1
| #define HAVE_PTHREAD 1
| #define HAVE_PTHREAD_SPINLOCK_T 1
| #define HAVE_PTHREAD_RWLOCK_T 1
| #define SIZEOF_UNSIGNED_LONG 8
| #define SIZEOF_PTHREAD_T 8
| #define UB_SYSLOG_FACILITY LOG_DAEMON
| #define HAVE_SSL /**/
| #define HAVE_EVP_SHA256 1
| #define HAVE_OPENSSL_SSL_H 1
| #define HAVE_OPENSSL_ERR_H 1
| #define HAVE_OPENSSL_RAND_H 1
| #define HAVE_OPENSSL_CONF_H 1
| #define HAVE_OPENSSL_ENGINE_H 1
| #define HAVE_OPENSSL_BN_H 1
| #define HAVE_OPENSSL_DH_H 1
| #define HAVE_OPENSSL_DSA_H 1
| #define HAVE_OPENSSL_RSA_H 1
| #define HAVE_OPENSSL_CORE_NAMES_H 1
| #define HAVE_OPENSSL_PARAM_BUILD_H 1
| #define HAVE_OPENSSL_CONFIG 1
| #define HAVE_EVP_SHA1 1
| #define HAVE_EVP_SHA256 1
| #define HAVE_EVP_SHA512 1
| #define HAVE_EVP_DEFAULT_PROPERTIES_IS_FIPS_ENABLED 1
| #define HAVE_EVP_MD_CTX_NEW 1
| #define HAVE_OPENSSL_INIT_CRYPTO 1
| #define HAVE_DSA_SIG_SET0 1
| #define HAVE_EVP_DIGESTVERIFY 1
| #define HAVE_EVP_AES_256_CBC 1
| #define HAVE_EVP_ENCRYPTINIT_EX 1
| #define HAVE_HMAC_INIT_EX 1
| #define HAVE_EVP_MAC_CTX_SET_PARAMS 1
| #define HAVE_OSSL_PARAM_BLD_NEW 1
| #define HAVE_BIO_SET_CALLBACK_EX 1
| #define HAVE_OPENSSL_INIT_SSL 1
| #define HAVE_SSL_CTX_SET_SECURITY_LEVEL 1
| #define HAVE_SSL_SET1_HOST 1
| #define HAVE_SSL_GET0_PEERNAME 1
| #define HAVE_X509_VERIFY_PARAM_SET1_HOST 1
| #define HAVE_SSL_CTX_SET_CIPHERSUITES 1
| #define HAVE_SSL_CTX_SET_TLSEXT_TICKET_KEY_EVP_CB 1
| #define HAVE_SSL_CTX_SET_ALPN_SELECT_CB 1
| #define HAVE_SSL_GET0_ALPN_SELECTED 1
| #define HAVE_SSL_CTX_SET_ALPN_PROTOS 1
| #define HAVE_SSL_GET1_PEER_CERTIFICATE 1
| #define HAVE_DECL_SSL_COMP_GET_COMPRESSION_METHODS 1
| #define HAVE_DECL_SK_SSL_COMP_POP_FREE 1
| #define HAVE_DECL_SSL_CTX_SET_ECDH_AUTO 1
| #define USE_SHA1 1
| #define USE_SHA2 1
| #define HAVE_DECL_NID_X9_62_PRIME256V1 1
| #define HAVE_DECL_NID_SECP384R1 1
| #define USE_ECDSA 1
| #define HAVE_DECL_NID_ED25519 1
| #define USE_ED25519 1
| #define HAVE_DECL_NID_ED448 1
| #define USE_ED448 1
| #define USE_MINI_EVENT 1
| #define HAVE_EXPAT_H 1
| #define HAVE_DECL_XML_STOPPARSER 1
| #define HAVE_GETADDRINFO 1
| #define HAVE_DAEMON 1
| #define HAVE_STRUCT_IN_PKTINFO_IPI_SPEC_DST 1
| #define HAVE_HTOBE64 1
| #define HAVE_BE64TOH 1
| /* end confdefs.h.  */
| 
| /* Override any GCC internal prototype to avoid an error.
|    Use char because int might match the return type of a GCC
|    builtin and then its argument prototype would still apply.  */
| #ifdef __cplusplus
| extern "C"
| #endif
| char setusercontext ();
| int
| main ()
| {
| return setusercontext ();
|   ;
|   return 0;
| }
configure:20719: result: no
configure:20730: checking for tzset
configure:20730: gcc -o conftest  -g -O2 -D_GNU_SOURCE -flto    conftest.c  -lcrypto >&5
configure:20730: $? = 0
configure:20730: result: yes
configure:20730: checking for sigprocmask
configure:20730: gcc -o conftest  -g -O2 -D_GNU_SOURCE -flto    conftest.c  -lcrypto >&5
configure:20730: $? = 0
configure:20730: result: yes
configure:20730: checking for fcntl
configure:20730: gcc -o conftest  -g -O2 -D_GNU_SOURCE -flto    conftest.c  -lcrypto >&5
configure:20730: $? = 0
configure:20730: result: yes
configure:20730: checking for getpwnam
configure:20730: gcc -o conftest  -g -O2 -D_GNU_SOURCE -flto    conftest.c  -lcrypto >&5
configure:20730: $? = 0
configure:20730: result: yes
configure:20730: checking for endpwent
configure:20730: gcc -o conftest  -g -O2 -D_GNU_SOURCE -flto    conftest.c  -lcrypto >&5
configure:20730: $? = 0
configure:20730: result: yes
configure:20730: checking for getrlimit
configure:20730: gcc -o conftest  -g -O2 -D_GNU_SOURCE -flto    conftest.c  -lcrypto >&5
configure:20730: $? = 0
configure:20730: result: yes
configure:20730: checking for setrlimit
configure:20730: gcc -o conftest  -g -O2 -D_GNU_SOURCE -flto    conftest.c  -lcrypto >&5
configure:20730: $? = 0
configure:20730: result: yes
configure:20730: checking for setsid
configure:20730: gcc -o conftest  -g -O2 -D_GNU_SOURCE -flto    conftest.c  -lcrypto >&5
configure:20730: $? = 0
configure:20730: result: yes
configure:20730: checking for chroot
configure:20730: gcc -o conftest  -g -O2 -D_GNU_SOURCE -flto    conftest.c  -lcrypto >&5
configure:20730: $? = 0
configure:20730: result: yes
configure:20730: checking for kill
configure:20730: gcc -o conftest  -g -O2 -D_GNU_SOURCE -flto    conftest.c  -lcrypto >&5
configure:20730: $? = 0
configure:20730: result: yes
configure:20730: checking for chown
configure:20730: gcc -o conftest  -g -O2 -D_GNU_SOURCE -flto    conftest.c  -lcrypto >&5
configure:20730: $? = 0
configure:20730: result: yes
configure:20730: checking for sleep
configure:20730: gcc -o conftest  -g -O2 -D_GNU_SOURCE -flto    conftest.c  -lcrypto >&5
configure:20730: $? = 0
configure:20730: result: yes
configure:20730: checking for usleep
configure:20730: gcc -o conftest  -g -O2 -D_GNU_SOURCE -flto    conftest.c  -lcrypto >&5
configure:20730: $? = 0
configure:20730: result: yes
configure:20730: checking for random
configure:20730: gcc -o conftest  -g -O2 -D_GNU_SOURCE -flto    conftest.c  -lcrypto >&5
configure:20730: $? = 0
configure:20730: result: yes
configure:20730: checking for srandom
configure:20730: gcc -o conftest  -g -O2 -D_GNU_SOURCE -flto    conftest.c  -lcrypto >&5
configure:20730: $? = 0
configure:20730: result: yes
configure:20730: checking for recvmsg
configure:20730: gcc -o conftest  -g -O2 -D_GNU_SOURCE -flto    conftest.c  -lcrypto >&5
configure:20730: $? = 0
configure:20730: result: yes
configure:20730: checking for sendmsg
configure:20730: gcc -o conftest  -g -O2 -D_GNU_SOURCE -flto    conftest.c  -lcrypto >&5
configure:20730: $? = 0
configure:20730: result: yes
configure:20730: checking for writev
configure:20730: gcc -o conftest  -g -O2 -D_GNU_SOURCE -flto    conftest.c  -lcrypto >&5
configure:20730: $? = 0
configure:20730: result: yes
configure:20730: checking for socketpair
configure:20730: gcc -o conftest  -g -O2 -D_GNU_SOURCE -flto    conftest.c  -lcrypto >&5
configure:20730: $? = 0
configure:20730: result: yes
configure:20730: checking for glob
configure:20730: gcc -o conftest  -g -O2 -D_GNU_SOURCE -flto    conftest.c  -lcrypto >&5
configure:20730: $? = 0
configure:20730: result: yes
configure:20730: checking for initgroups
configure:20730: gcc -o conftest  -g -O2 -D_GNU_SOURCE -flto    conftest.c  -lcrypto >&5
configure:20730: $? = 0
configure:20730: result: yes
configure:20730: checking for strftime
configure:20730: gcc -o conftest  -g -O2 -D_GNU_SOURCE -flto    conftest.c  -lcrypto >&5
conftest.c:194:6: warning: conflicting types for built-in function 'strftime'; expected 'long unsigned int(char *, long unsigned int,  const char *, const void *)' [-Wbuiltin-declaration-mismatch]
  194 | char strftime ();
      |      ^~~~~~~~
conftest.c:182:1: note: 'strftime' is declared in header '<time.h>'
  181 | # include <limits.h>
  182 | #else
configure:20730: $? = 0
configure:20730: result: yes
configure:20730: checking for localtime_r
configure:20730: gcc -o conftest  -g -O2 -D_GNU_SOURCE -flto    conftest.c  -lcrypto >&5
configure:20730: $? = 0
configure:20730: result: yes
configure:20730: checking for setusercontext
configure:20730: gcc -o conftest  -g -O2 -D_GNU_SOURCE -flto    conftest.c  -lcrypto >&5
/usr/bin/ld: /tmp/cc0IQ0Vj.ltrans0.ltrans.o: in function `main':
/home/runner/work/unbound-1.18.0/unbound-1.18.0/<artificial>:207:(.text.startup+0xb): undefined reference to `setusercontext'
collect2: error: ld returned 1 exit status
configure:20730: $? = 1
configure: failed program was:
| /* confdefs.h */
| #define PACKAGE_NAME "unbound"
| #define PACKAGE_TARNAME "unbound"
| #define PACKAGE_VERSION "1.18.0"
| #define PACKAGE_STRING "unbound 1.18.0"
| #define PACKAGE_BUGREPORT "unbound-bugs@nlnetlabs.nl or https://github.com/NLnetLabs/unbound/issues"
| #define PACKAGE_URL ""
| #define CONFCMDLINE ""
| #define STDC_HEADERS 1
| #define HAVE_SYS_TYPES_H 1
| #define HAVE_SYS_STAT_H 1
| #define HAVE_STDLIB_H 1
| #define HAVE_STRING_H 1
| #define HAVE_MEMORY_H 1
| #define HAVE_STRINGS_H 1
| #define HAVE_INTTYPES_H 1
| #define HAVE_STDINT_H 1
| #define HAVE_UNISTD_H 1
| #define __EXTENSIONS__ 1
| #define _ALL_SOURCE 1
| #define _GNU_SOURCE 1
| #define _POSIX_PTHREAD_SEMANTICS 1
| #define _TANDEM_SOURCE 1
| #define CONFIGFILE "/usr/local/etc/unbound/unbound.conf"
| #define RUN_DIR "/usr/local/etc/unbound"
| #define CHROOT_DIR "/usr/local/etc/unbound"
| #define SHARE_DIR "/usr/local/etc/unbound"
| #define PIDFILE "/usr/local/etc/unbound/unbound.pid"
| #define ROOT_ANCHOR_FILE "/usr/local/etc/unbound/root.key"
| #define ROOT_CERT_FILE "/usr/local/etc/unbound/icannbundle.pem"
| #define UB_USERNAME "unbound"
| #define WINVER 0x0502
| #define RSRC_PACKAGE_VERSION 1,18,0,0
| #define HAVE_GETOPT_H 1
| #define HAVE_TIME_H 1
| #define HAVE_ATTR_FORMAT 1
| #define HAVE_ATTR_UNUSED 1
| #define HAVE_ATTR_WEAK 1
| #define ATTR_WEAK __attribute__((weak))
| #define HAVE_ATTR_NORETURN 1
| #define ATTR_NORETURN __attribute__((__noreturn__))
| #define LEX_HAS_YYLEX_DESTROY 1
| #define HAVE_DLFCN_H 1
| #define LT_OBJDIR ".libs/"
| #define HAVE_STDARG_H 1
| #define HAVE_STDBOOL_H 1
| #define HAVE_NETINET_IN_H 1
| #define HAVE_NETINET_TCP_H 1
| #define HAVE_SYS_PARAM_H 1
| #define HAVE_SYS_SELECT_H 1
| #define HAVE_SYS_SOCKET_H 1
| #define HAVE_SYS_UN_H 1
| #define HAVE_SYS_UIO_H 1
| #define HAVE_SYS_RESOURCE_H 1
| #define HAVE_ARPA_INET_H 1
| #define HAVE_SYSLOG_H 1
| #define HAVE_NETDB_H 1
| #define HAVE_SYS_WAIT_H 1
| #define HAVE_PWD_H 1
| #define HAVE_GLOB_H 1
| #define HAVE_GRP_H 1
| #define HAVE_ENDIAN_H 1
| #define HAVE_SYS_IPC_H 1
| #define HAVE_SYS_SHM_H 1
| #define HAVE_IFADDRS_H 1
| #define HAVE_POLL_H 1
| #define HAVE_NET_IF_H 1
| #define HAVE_LINUX_NET_TSTAMP_H 1
| #define SIZEOF_TIME_T 8
| #define SIZEOF_SIZE_T 8
| #define HAVE_UNISTD_H 1
| #define HAVE_CHOWN 1
| #define HAVE_FORK 1
| #define HAVE_VFORK 1
| #define HAVE_WORKING_VFORK 1
| #define HAVE_WORKING_FORK 1
| #define RETSIGTYPE void
| #define HAVE_FSEEKO 1
| #define HAVE_STRPTIME 1
| #define STRPTIME_WORKS 1
| #define REUSEPORT_DEFAULT 1
| #define HAVE_MALLOC 1
| #define HAVE_PTHREAD_PRIO_INHERIT 1
| #define HAVE_PTHREAD 1
| #define HAVE_PTHREAD_SPINLOCK_T 1
| #define HAVE_PTHREAD_RWLOCK_T 1
| #define SIZEOF_UNSIGNED_LONG 8
| #define SIZEOF_PTHREAD_T 8
| #define UB_SYSLOG_FACILITY LOG_DAEMON
| #define HAVE_SSL /**/
| #define HAVE_EVP_SHA256 1
| #define HAVE_OPENSSL_SSL_H 1
| #define HAVE_OPENSSL_ERR_H 1
| #define HAVE_OPENSSL_RAND_H 1
| #define HAVE_OPENSSL_CONF_H 1
| #define HAVE_OPENSSL_ENGINE_H 1
| #define HAVE_OPENSSL_BN_H 1
| #define HAVE_OPENSSL_DH_H 1
| #define HAVE_OPENSSL_DSA_H 1
| #define HAVE_OPENSSL_RSA_H 1
| #define HAVE_OPENSSL_CORE_NAMES_H 1
| #define HAVE_OPENSSL_PARAM_BUILD_H 1
| #define HAVE_OPENSSL_CONFIG 1
| #define HAVE_EVP_SHA1 1
| #define HAVE_EVP_SHA256 1
| #define HAVE_EVP_SHA512 1
| #define HAVE_EVP_DEFAULT_PROPERTIES_IS_FIPS_ENABLED 1
| #define HAVE_EVP_MD_CTX_NEW 1
| #define HAVE_OPENSSL_INIT_CRYPTO 1
| #define HAVE_DSA_SIG_SET0 1
| #define HAVE_EVP_DIGESTVERIFY 1
| #define HAVE_EVP_AES_256_CBC 1
| #define HAVE_EVP_ENCRYPTINIT_EX 1
| #define HAVE_HMAC_INIT_EX 1
| #define HAVE_EVP_MAC_CTX_SET_PARAMS 1
| #define HAVE_OSSL_PARAM_BLD_NEW 1
| #define HAVE_BIO_SET_CALLBACK_EX 1
| #define HAVE_OPENSSL_INIT_SSL 1
| #define HAVE_SSL_CTX_SET_SECURITY_LEVEL 1
| #define HAVE_SSL_SET1_HOST 1
| #define HAVE_SSL_GET0_PEERNAME 1
| #define HAVE_X509_VERIFY_PARAM_SET1_HOST 1
| #define HAVE_SSL_CTX_SET_CIPHERSUITES 1
| #define HAVE_SSL_CTX_SET_TLSEXT_TICKET_KEY_EVP_CB 1
| #define HAVE_SSL_CTX_SET_ALPN_SELECT_CB 1
| #define HAVE_SSL_GET0_ALPN_SELECTED 1
| #define HAVE_SSL_CTX_SET_ALPN_PROTOS 1
| #define HAVE_SSL_GET1_PEER_CERTIFICATE 1
| #define HAVE_DECL_SSL_COMP_GET_COMPRESSION_METHODS 1
| #define HAVE_DECL_SK_SSL_COMP_POP_FREE 1
| #define HAVE_DECL_SSL_CTX_SET_ECDH_AUTO 1
| #define USE_SHA1 1
| #define USE_SHA2 1
| #define HAVE_DECL_NID_X9_62_PRIME256V1 1
| #define HAVE_DECL_NID_SECP384R1 1
| #define USE_ECDSA 1
| #define HAVE_DECL_NID_ED25519 1
| #define USE_ED25519 1
| #define HAVE_DECL_NID_ED448 1
| #define USE_ED448 1
| #define USE_MINI_EVENT 1
| #define HAVE_EXPAT_H 1
| #define HAVE_DECL_XML_STOPPARSER 1
| #define HAVE_GETADDRINFO 1
| #define HAVE_DAEMON 1
| #define HAVE_STRUCT_IN_PKTINFO_IPI_SPEC_DST 1
| #define HAVE_HTOBE64 1
| #define HAVE_BE64TOH 1
| #define HAVE_TZSET 1
| #define HAVE_SIGPROCMASK 1
| #define HAVE_FCNTL 1
| #define HAVE_GETPWNAM 1
| #define HAVE_ENDPWENT 1
| #define HAVE_GETRLIMIT 1
| #define HAVE_SETRLIMIT 1
| #define HAVE_SETSID 1
| #define HAVE_CHROOT 1
| #define HAVE_KILL 1
| #define HAVE_CHOWN 1
| #define HAVE_SLEEP 1
| #define HAVE_USLEEP 1
| #define HAVE_RANDOM 1
| #define HAVE_SRANDOM 1
| #define HAVE_RECVMSG 1
| #define HAVE_SENDMSG 1
| #define HAVE_WRITEV 1
| #define HAVE_SOCKETPAIR 1
| #define HAVE_GLOB 1
| #define HAVE_INITGROUPS 1
| #define HAVE_STRFTIME 1
| #define HAVE_LOCALTIME_R 1
| /* end confdefs.h.  */
| /* Define setusercontext to an innocuous variant, in case <limits.h> declares setusercontext.
|    For example, HP-UX 11i <limits.h> declares gettimeofday.  */
| #define setusercontext innocuous_setusercontext
| 
| /* System header to define __stub macros and hopefully few prototypes,
|     which can conflict with char setusercontext (); below.
|     Prefer <limits.h> to <assert.h> if __STDC__ is defined, since
|     <limits.h> exists even on freestanding compilers.  */
| 
| #ifdef __STDC__
| # include <limits.h>
| #else
| # include <assert.h>
| #endif
| 
| #undef setusercontext
| 
| /* Override any GCC internal prototype to avoid an error.
|    Use char because int might match the return type of a GCC
|    builtin and then its argument prototype would still apply.  */
| #ifdef __cplusplus
| extern "C"
| #endif
| char setusercontext ();
| /* The GNU C library defines this for functions which it implements
|     to always fail with ENOSYS.  Some functions are actually named
|     something starting with __ and the normal name is an alias.  */
| #if defined __stub_setusercontext || defined __stub___setusercontext
| choke me
| #endif
| 
| int
| main ()
| {
| return setusercontext ();
|   ;
|   return 0;
| }
configure:20730: result: no
configure:20730: checking for _beginthreadex
configure:20730: gcc -o conftest  -g -O2 -D_GNU_SOURCE -flto    conftest.c  -lcrypto >&5
/usr/bin/ld: /tmp/cci6aBDI.ltrans0.ltrans.o: in function `main':
/home/runner/work/unbound-1.18.0/unbound-1.18.0/<artificial>:207:(.text.startup+0xb): undefined reference to `_beginthreadex'
collect2: error: ld returned 1 exit status
configure:20730: $? = 1
configure: failed program was:
| /* confdefs.h */
| #define PACKAGE_NAME "unbound"
| #define PACKAGE_TARNAME "unbound"
| #define PACKAGE_VERSION "1.18.0"
| #define PACKAGE_STRING "unbound 1.18.0"
| #define PACKAGE_BUGREPORT "unbound-bugs@nlnetlabs.nl or https://github.com/NLnetLabs/unbound/issues"
| #define PACKAGE_URL ""
| #define CONFCMDLINE ""
| #define STDC_HEADERS 1
| #define HAVE_SYS_TYPES_H 1
| #define HAVE_SYS_STAT_H 1
| #define HAVE_STDLIB_H 1
| #define HAVE_STRING_H 1
| #define HAVE_MEMORY_H 1
| #define HAVE_STRINGS_H 1
| #define HAVE_INTTYPES_H 1
| #define HAVE_STDINT_H 1
| #define HAVE_UNISTD_H 1
| #define __EXTENSIONS__ 1
| #define _ALL_SOURCE 1
| #define _GNU_SOURCE 1
| #define _POSIX_PTHREAD_SEMANTICS 1
| #define _TANDEM_SOURCE 1
| #define CONFIGFILE "/usr/local/etc/unbound/unbound.conf"
| #define RUN_DIR "/usr/local/etc/unbound"
| #define CHROOT_DIR "/usr/local/etc/unbound"
| #define SHARE_DIR "/usr/local/etc/unbound"
| #define PIDFILE "/usr/local/etc/unbound/unbound.pid"
| #define ROOT_ANCHOR_FILE "/usr/local/etc/unbound/root.key"
| #define ROOT_CERT_FILE "/usr/local/etc/unbound/icannbundle.pem"
| #define UB_USERNAME "unbound"
| #define WINVER 0x0502
| #define RSRC_PACKAGE_VERSION 1,18,0,0
| #define HAVE_GETOPT_H 1
| #define HAVE_TIME_H 1
| #define HAVE_ATTR_FORMAT 1
| #define HAVE_ATTR_UNUSED 1
| #define HAVE_ATTR_WEAK 1
| #define ATTR_WEAK __attribute__((weak))
| #define HAVE_ATTR_NORETURN 1
| #define ATTR_NORETURN __attribute__((__noreturn__))
| #define LEX_HAS_YYLEX_DESTROY 1
| #define HAVE_DLFCN_H 1
| #define LT_OBJDIR ".libs/"
| #define HAVE_STDARG_H 1
| #define HAVE_STDBOOL_H 1
| #define HAVE_NETINET_IN_H 1
| #define HAVE_NETINET_TCP_H 1
| #define HAVE_SYS_PARAM_H 1
| #define HAVE_SYS_SELECT_H 1
| #define HAVE_SYS_SOCKET_H 1
| #define HAVE_SYS_UN_H 1
| #define HAVE_SYS_UIO_H 1
| #define HAVE_SYS_RESOURCE_H 1
| #define HAVE_ARPA_INET_H 1
| #define HAVE_SYSLOG_H 1
| #define HAVE_NETDB_H 1
| #define HAVE_SYS_WAIT_H 1
| #define HAVE_PWD_H 1
| #define HAVE_GLOB_H 1
| #define HAVE_GRP_H 1
| #define HAVE_ENDIAN_H 1
| #define HAVE_SYS_IPC_H 1
| #define HAVE_SYS_SHM_H 1
| #define HAVE_IFADDRS_H 1
| #define HAVE_POLL_H 1
| #define HAVE_NET_IF_H 1
| #define HAVE_LINUX_NET_TSTAMP_H 1
| #define SIZEOF_TIME_T 8
| #define SIZEOF_SIZE_T 8
| #define HAVE_UNISTD_H 1
| #define HAVE_CHOWN 1
| #define HAVE_FORK 1
| #define HAVE_VFORK 1
| #define HAVE_WORKING_VFORK 1
| #define HAVE_WORKING_FORK 1
| #define RETSIGTYPE void
| #define HAVE_FSEEKO 1
| #define HAVE_STRPTIME 1
| #define STRPTIME_WORKS 1
| #define REUSEPORT_DEFAULT 1
| #define HAVE_MALLOC 1
| #define HAVE_PTHREAD_PRIO_INHERIT 1
| #define HAVE_PTHREAD 1
| #define HAVE_PTHREAD_SPINLOCK_T 1
| #define HAVE_PTHREAD_RWLOCK_T 1
| #define SIZEOF_UNSIGNED_LONG 8
| #define SIZEOF_PTHREAD_T 8
| #define UB_SYSLOG_FACILITY LOG_DAEMON
| #define HAVE_SSL /**/
| #define HAVE_EVP_SHA256 1
| #define HAVE_OPENSSL_SSL_H 1
| #define HAVE_OPENSSL_ERR_H 1
| #define HAVE_OPENSSL_RAND_H 1
| #define HAVE_OPENSSL_CONF_H 1
| #define HAVE_OPENSSL_ENGINE_H 1
| #define HAVE_OPENSSL_BN_H 1
| #define HAVE_OPENSSL_DH_H 1
| #define HAVE_OPENSSL_DSA_H 1
| #define HAVE_OPENSSL_RSA_H 1
| #define HAVE_OPENSSL_CORE_NAMES_H 1
| #define HAVE_OPENSSL_PARAM_BUILD_H 1
| #define HAVE_OPENSSL_CONFIG 1
| #define HAVE_EVP_SHA1 1
| #define HAVE_EVP_SHA256 1
| #define HAVE_EVP_SHA512 1
| #define HAVE_EVP_DEFAULT_PROPERTIES_IS_FIPS_ENABLED 1
| #define HAVE_EVP_MD_CTX_NEW 1
| #define HAVE_OPENSSL_INIT_CRYPTO 1
| #define HAVE_DSA_SIG_SET0 1
| #define HAVE_EVP_DIGESTVERIFY 1
| #define HAVE_EVP_AES_256_CBC 1
| #define HAVE_EVP_ENCRYPTINIT_EX 1
| #define HAVE_HMAC_INIT_EX 1
| #define HAVE_EVP_MAC_CTX_SET_PARAMS 1
| #define HAVE_OSSL_PARAM_BLD_NEW 1
| #define HAVE_BIO_SET_CALLBACK_EX 1
| #define HAVE_OPENSSL_INIT_SSL 1
| #define HAVE_SSL_CTX_SET_SECURITY_LEVEL 1
| #define HAVE_SSL_SET1_HOST 1
| #define HAVE_SSL_GET0_PEERNAME 1
| #define HAVE_X509_VERIFY_PARAM_SET1_HOST 1
| #define HAVE_SSL_CTX_SET_CIPHERSUITES 1
| #define HAVE_SSL_CTX_SET_TLSEXT_TICKET_KEY_EVP_CB 1
| #define HAVE_SSL_CTX_SET_ALPN_SELECT_CB 1
| #define HAVE_SSL_GET0_ALPN_SELECTED 1
| #define HAVE_SSL_CTX_SET_ALPN_PROTOS 1
| #define HAVE_SSL_GET1_PEER_CERTIFICATE 1
| #define HAVE_DECL_SSL_COMP_GET_COMPRESSION_METHODS 1
| #define HAVE_DECL_SK_SSL_COMP_POP_FREE 1
| #define HAVE_DECL_SSL_CTX_SET_ECDH_AUTO 1
| #define USE_SHA1 1
| #define USE_SHA2 1
| #define HAVE_DECL_NID_X9_62_PRIME256V1 1
| #define HAVE_DECL_NID_SECP384R1 1
| #define USE_ECDSA 1
| #define HAVE_DECL_NID_ED25519 1
| #define USE_ED25519 1
| #define HAVE_DECL_NID_ED448 1
| #define USE_ED448 1
| #define USE_MINI_EVENT 1
| #define HAVE_EXPAT_H 1
| #define HAVE_DECL_XML_STOPPARSER 1
| #define HAVE_GETADDRINFO 1
| #define HAVE_DAEMON 1
| #define HAVE_STRUCT_IN_PKTINFO_IPI_SPEC_DST 1
| #define HAVE_HTOBE64 1
| #define HAVE_BE64TOH 1
| #define HAVE_TZSET 1
| #define HAVE_SIGPROCMASK 1
| #define HAVE_FCNTL 1
| #define HAVE_GETPWNAM 1
| #define HAVE_ENDPWENT 1
| #define HAVE_GETRLIMIT 1
| #define HAVE_SETRLIMIT 1
| #define HAVE_SETSID 1
| #define HAVE_CHROOT 1
| #define HAVE_KILL 1
| #define HAVE_CHOWN 1
| #define HAVE_SLEEP 1
| #define HAVE_USLEEP 1
| #define HAVE_RANDOM 1
| #define HAVE_SRANDOM 1
| #define HAVE_RECVMSG 1
| #define HAVE_SENDMSG 1
| #define HAVE_WRITEV 1
| #define HAVE_SOCKETPAIR 1
| #define HAVE_GLOB 1
| #define HAVE_INITGROUPS 1
| #define HAVE_STRFTIME 1
| #define HAVE_LOCALTIME_R 1
| /* end confdefs.h.  */
| /* Define _beginthreadex to an innocuous variant, in case <limits.h> declares _beginthreadex.
|    For example, HP-UX 11i <limits.h> declares gettimeofday.  */
| #define _beginthreadex innocuous__beginthreadex
| 
| /* System header to define __stub macros and hopefully few prototypes,
|     which can conflict with char _beginthreadex (); below.
|     Prefer <limits.h> to <assert.h> if __STDC__ is defined, since
|     <limits.h> exists even on freestanding compilers.  */
| 
| #ifdef __STDC__
| # include <limits.h>
| #else
| # include <assert.h>
| #endif
| 
| #undef _beginthreadex
| 
| /* Override any GCC internal prototype to avoid an error.
|    Use char because int might match the return type of a GCC
|    builtin and then its argument prototype would still apply.  */
| #ifdef __cplusplus
| extern "C"
| #endif
| char _beginthreadex ();
| /* The GNU C library defines this for functions which it implements
|     to always fail with ENOSYS.  Some functions are actually named
|     something starting with __ and the normal name is an alias.  */
| #if defined __stub__beginthreadex || defined __stub____beginthreadex
| choke me
| #endif
| 
| int
| main ()
| {
| return _beginthreadex ();
|   ;
|   return 0;
| }
configure:20730: result: no
configure:20730: checking for endservent
configure:20730: gcc -o conftest  -g -O2 -D_GNU_SOURCE -flto    conftest.c  -lcrypto >&5
configure:20730: $? = 0
configure:20730: result: yes
configure:20730: checking for endprotoent
configure:20730: gcc -o conftest  -g -O2 -D_GNU_SOURCE -flto    conftest.c  -lcrypto >&5
configure:20730: $? = 0
configure:20730: result: yes
configure:20730: checking for fsync
configure:20730: gcc -o conftest  -g -O2 -D_GNU_SOURCE -flto    conftest.c  -lcrypto >&5
configure:20730: $? = 0
configure:20730: result: yes
configure:20730: checking for shmget
configure:20730: gcc -o conftest  -g -O2 -D_GNU_SOURCE -flto    conftest.c  -lcrypto >&5
configure:20730: $? = 0
configure:20730: result: yes
configure:20730: checking for accept4
configure:20730: gcc -o conftest  -g -O2 -D_GNU_SOURCE -flto    conftest.c  -lcrypto >&5
configure:20730: $? = 0
configure:20730: result: yes
configure:20730: checking for getifaddrs
configure:20730: gcc -o conftest  -g -O2 -D_GNU_SOURCE -flto    conftest.c  -lcrypto >&5
configure:20730: $? = 0
configure:20730: result: yes
configure:20730: checking for if_nametoindex
configure:20730: gcc -o conftest  -g -O2 -D_GNU_SOURCE -flto    conftest.c  -lcrypto >&5
configure:20730: $? = 0
configure:20730: result: yes
configure:20730: checking for poll
configure:20730: gcc -o conftest  -g -O2 -D_GNU_SOURCE -flto    conftest.c  -lcrypto >&5
configure:20730: $? = 0
configure:20730: result: yes
configure:20730: checking for gettid
configure:20730: gcc -o conftest  -g -O2 -D_GNU_SOURCE -flto    conftest.c  -lcrypto >&5
configure:20730: $? = 0
configure:20730: result: yes
configure:20741: checking for setresuid
configure:20741: gcc -o conftest  -g -O2 -D_GNU_SOURCE -flto    conftest.c  -lcrypto >&5
configure:20741: $? = 0
configure:20741: result: yes
configure:20764: checking for setresgid
configure:20764: gcc -o conftest  -g -O2 -D_GNU_SOURCE -flto    conftest.c  -lcrypto >&5
configure:20764: $? = 0
configure:20764: result: yes
configure:20792: checking whether inet_pton is declared
configure:20792: gcc -c  -g -O2 -D_GNU_SOURCE -flto   conftest.c >&5
configure:20792: $? = 0
configure:20792: result: yes
configure:20824: checking whether inet_ntop is declared
configure:20824: gcc -c  -g -O2 -D_GNU_SOURCE -flto   conftest.c >&5
configure:20824: $? = 0
configure:20824: result: yes
configure:20857: checking for inet_aton
configure:20857: gcc -o conftest  -g -O2 -D_GNU_SOURCE -flto    conftest.c  -lcrypto >&5
configure:20857: $? = 0
configure:20857: result: yes
configure:20871: checking for inet_pton
configure:20871: gcc -o conftest  -g -O2 -D_GNU_SOURCE -flto    conftest.c  -lcrypto >&5
configure:20871: $? = 0
configure:20871: result: yes
configure:20885: checking for inet_ntop
configure:20885: gcc -o conftest  -g -O2 -D_GNU_SOURCE -flto    conftest.c  -lcrypto >&5
configure:20885: $? = 0
configure:20885: result: yes
configure:20899: checking for snprintf
configure:20899: gcc -o conftest  -g -O2 -D_GNU_SOURCE -flto    conftest.c  -lcrypto >&5
conftest.c:212:6: warning: conflicting types for built-in function 'snprintf'; expected 'int(char *, long unsigned int,  const char *, ...)' [-Wbuiltin-declaration-mismatch]
  212 | char snprintf ();
      |      ^~~~~~~~
conftest.c:200:1: note: 'snprintf' is declared in header '<stdio.h>'
  199 | # include <limits.h>
  200 | #else
configure:20899: $? = 0
configure:20899: result: yes
configure:20916: checking for correct snprintf return value
configure:20931: gcc -o conftest  -g -O2 -D_GNU_SOURCE -flto    conftest.c  -lcrypto >&5
configure:20931: $? = 0
configure:20931: ./conftest
configure:20931: $? = 0
configure:20932: result: yes
configure:20955: checking for strlcat
configure:20955: gcc -o conftest  -g -O2 -D_GNU_SOURCE -flto    conftest.c  -lcrypto >&5
configure:20955: $? = 0
configure:20955: result: yes
configure:20969: checking for strlcpy
configure:20969: gcc -o conftest  -g -O2 -D_GNU_SOURCE -flto    conftest.c  -lcrypto >&5
configure:20969: $? = 0
configure:20969: result: yes
configure:20983: checking for memmove
configure:20983: gcc -o conftest  -g -O2 -D_GNU_SOURCE -flto    conftest.c  -lcrypto >&5
conftest.c:215:6: warning: conflicting types for built-in function 'memmove'; expected 'void *(void *, const void *, long unsigned int)' [-Wbuiltin-declaration-mismatch]
  215 | char memmove ();
      |      ^~~~~~~
conftest.c:203:1: note: 'memmove' is declared in header '<string.h>'
  202 | # include <limits.h>
  203 | #else
configure:20983: $? = 0
configure:20983: result: yes
configure:20997: checking for gmtime_r
configure:20997: gcc -o conftest  -g -O2 -D_GNU_SOURCE -flto    conftest.c  -lcrypto >&5
configure:20997: $? = 0
configure:20997: result: yes
configure:21011: checking for isblank
configure:21011: gcc -o conftest  -g -O2 -D_GNU_SOURCE -flto    conftest.c  -lcrypto >&5
conftest.c:217:6: warning: conflicting types for built-in function 'isblank'; expected 'int(int)' [-Wbuiltin-declaration-mismatch]
  217 | char isblank ();
      |      ^~~~~~~
conftest.c:205:1: note: 'isblank' is declared in header '<ctype.h>'
  204 | # include <limits.h>
  205 | #else
configure:21011: $? = 0
configure:21011: result: yes
configure:21025: checking for explicit_bzero
configure:21025: gcc -o conftest  -g -O2 -D_GNU_SOURCE -flto    conftest.c  -lcrypto >&5
configure:21025: $? = 0
configure:21025: result: yes
configure:21041: checking for reallocarray
configure:21058: gcc -o conftest  -g -O2 -D_GNU_SOURCE -flto    conftest.c  -lcrypto >&5
configure:21058: $? = 0
configure:21059: result: yes
configure:21079: checking whether reallocarray is declared
configure:21079: gcc -c  -g -O2 -D_GNU_SOURCE -flto   conftest.c >&5
configure:21079: $? = 0
configure:21079: result: yes
configure:21091: checking for arc4random
configure:21091: gcc -o conftest  -g -O2 -D_GNU_SOURCE -flto    conftest.c  -lcrypto >&5
configure:21091: $? = 0
configure:21091: result: yes
configure:21105: checking for arc4random_uniform
configure:21105: gcc -o conftest  -g -O2 -D_GNU_SOURCE -flto    conftest.c  -lcrypto >&5
configure:21105: $? = 0
configure:21105: result: yes
configure:21386: checking for ctime_r
configure:21386: gcc -o conftest  -g -O2 -D_GNU_SOURCE -flto    conftest.c  -lcrypto >&5
configure:21386: $? = 0
configure:21386: result: yes
configure:21400: checking for strsep
configure:21400: gcc -o conftest  -g -O2 -D_GNU_SOURCE -flto    conftest.c  -lcrypto >&5
configure:21400: $? = 0
configure:21400: result: yes
configure:21996: checking if make supports $< with implicit rule in scope
configure:22025: result: yes
configure:22061: Stripping extension flags...
configure:22270: creating ./config.status

## ---------------------- ##
## Running config.status. ##
## ---------------------- ##

This file was extended by unbound config.status 1.18.0, which was
generated by GNU Autoconf 2.69.  Invocation command line was

  CONFIG_FILES    = 
  CONFIG_HEADERS  = 
  CONFIG_LINKS    = 
  CONFIG_COMMANDS = 
  $ ./config.status 

on runnervmf2e7y

config.status:1360: creating Makefile
config.status:1360: creating doc/example.conf
config.status:1360: creating doc/libunbound.3
config.status:1360: creating doc/unbound.8
config.status:1360: creating doc/unbound-anchor.8
config.status:1360: creating doc/unbound-checkconf.8
config.status:1360: creating doc/unbound.conf.5
config.status:1360: creating doc/unbound-control.8
config.status:1360: creating doc/unbound-host.1
config.status:1360: creating smallapp/unbound-control-setup.sh
config.status:1360: creating dnstap/dnstap_config.h
config.status:1360: creating dnscrypt/dnscrypt_config.h
config.status:1360: creating contrib/libunbound.pc
config.status:1360: creating contrib/unbound.socket
config.status:1360: creating contrib/unbound.service
config.status:1360: creating contrib/unbound_portable.service
config.status:1360: creating config.h
config.status:1544: executing libtool commands

## ---------------- ##
## Cache variables. ##
## ---------------- ##

ac_cv_build=x86_64-pc-linux-gnu
ac_cv_c_compiler_gnu=yes
ac_cv_c_const=yes
ac_cv_c_format_attribute=yes
ac_cv_c_gost_works=no
ac_cv_c_inline=inline
ac_cv_c_noreturn_attribute=yes
ac_cv_c_strptime_works=yes
ac_cv_c_unused_attribute=yes
ac_cv_c_weak_attribute=yes
ac_cv_env_CC_set=
ac_cv_env_CC_value=
ac_cv_env_CFLAGS_set=
ac_cv_env_CFLAGS_value=
ac_cv_env_CPPFLAGS_set=
ac_cv_env_CPPFLAGS_value=
ac_cv_env_CPP_set=
ac_cv_env_CPP_value=
ac_cv_env_LDFLAGS_set=
ac_cv_env_LDFLAGS_value=
ac_cv_env_LIBS_set=
ac_cv_env_LIBS_value=
ac_cv_env_LT_SYS_LIBRARY_PATH_set=
ac_cv_env_LT_SYS_LIBRARY_PATH_value=
ac_cv_env_PKG_CONFIG_LIBDIR_set=
ac_cv_env_PKG_CONFIG_LIBDIR_value=
ac_cv_env_PKG_CONFIG_PATH_set=
ac_cv_env_PKG_CONFIG_PATH_value=
ac_cv_env_PKG_CONFIG_set=
ac_cv_env_PKG_CONFIG_value=
ac_cv_env_PYTHON_VERSION_set=
ac_cv_env_PYTHON_VERSION_value=
ac_cv_env_SYSTEMD_CFLAGS_set=
ac_cv_env_SYSTEMD_CFLAGS_value=
ac_cv_env_SYSTEMD_DAEMON_CFLAGS_set=
ac_cv_env_SYSTEMD_DAEMON_CFLAGS_value=
ac_cv_env_SYSTEMD_DAEMON_LIBS_set=
ac_cv_env_SYSTEMD_DAEMON_LIBS_value=
ac_cv_env_SYSTEMD_LIBS_set=
ac_cv_env_SYSTEMD_LIBS_value=
ac_cv_env_YACC_set=
ac_cv_env_YACC_value=
ac_cv_env_YFLAGS_set=
ac_cv_env_YFLAGS_value=
ac_cv_env_build_alias_set=
ac_cv_env_build_alias_value=
ac_cv_env_host_alias_set=
ac_cv_env_host_alias_value=
ac_cv_env_target_alias_set=
ac_cv_env_target_alias_value=
ac_cv_func_BIO_set_callback_ex=yes
ac_cv_func_CRYPTO_THREADID_set_callback=no
ac_cv_func_CRYPTO_cleanup_all_ex_data=no
ac_cv_func_DSA_SIG_set0=yes
ac_cv_func_ECDSA_sign=yes
ac_cv_func_EC_KEY_new=yes
ac_cv_func_ENGINE_cleanup=no
ac_cv_func_ERR_free_strings=no
ac_cv_func_ERR_load_crypto_strings=no
ac_cv_func_EVP_DigestVerify=yes
ac_cv_func_EVP_EncryptInit_ex=yes
ac_cv_func_EVP_MAC_CTX_set_params=yes
ac_cv_func_EVP_MD_CTX_new=yes
ac_cv_func_EVP_PKEY_set_type_str=yes
ac_cv_func_EVP_aes_256_cbc=yes
ac_cv_func_EVP_cleanup=no
ac_cv_func_EVP_default_properties_is_fips_enabled=yes
ac_cv_func_EVP_dss1=no
ac_cv_func_EVP_sha1=yes
ac_cv_func_EVP_sha256=yes
ac_cv_func_EVP_sha512=yes
ac_cv_func_FIPS_mode=no
ac_cv_func_HMAC_Init_ex=yes
ac_cv_func_OPENSSL_config=yes
ac_cv_func_OPENSSL_init_crypto=yes
ac_cv_func_OPENSSL_init_ssl=yes
ac_cv_func_OSSL_PARAM_BLD_new=yes
ac_cv_func_OpenSSL_add_all_digests=no
ac_cv_func_RAND_cleanup=no
ac_cv_func_SHA384_Init=yes
ac_cv_func_SSL_CTX_set_alpn_protos=yes
ac_cv_func_SSL_CTX_set_alpn_select_cb=yes
ac_cv_func_SSL_CTX_set_ciphersuites=yes
ac_cv_func_SSL_CTX_set_security_level=yes
ac_cv_func_SSL_CTX_set_tlsext_ticket_key_evp_cb=yes
ac_cv_func_SSL_get0_alpn_selected=yes
ac_cv_func_SSL_get0_peername=yes
ac_cv_func_SSL_get1_peer_certificate=yes
ac_cv_func_SSL_set1_host=yes
ac_cv_func_X509_VERIFY_PARAM_set1_host=yes
ac_cv_func__beginthreadex=no
ac_cv_func_accept4=yes
ac_cv_func_arc4random=yes
ac_cv_func_arc4random_uniform=yes
ac_cv_func_chown=yes
ac_cv_func_chown_works=yes
ac_cv_func_chroot=yes
ac_cv_func_ctime_r=yes
ac_cv_func_daemon=yes
ac_cv_func_endprotoent=yes
ac_cv_func_endpwent=yes
ac_cv_func_endservent=yes
ac_cv_func_explicit_bzero=yes
ac_cv_func_fcntl=yes
ac_cv_func_fork=yes
ac_cv_func_fork_works=yes
ac_cv_func_fsync=yes
ac_cv_func_getaddrinfo=yes
ac_cv_func_getifaddrs=yes
ac_cv_func_getpwnam=yes
ac_cv_func_getrlimit=yes
ac_cv_func_gettid=yes
ac_cv_func_glob=yes
ac_cv_func_gmtime_r=yes
ac_cv_func_if_nametoindex=yes
ac_cv_func_inet_aton=yes
ac_cv_func_inet_ntop=yes
ac_cv_func_inet_pton=yes
ac_cv_func_initgroups=yes
ac_cv_func_isblank=yes
ac_cv_func_kill=yes
ac_cv_func_localtime_r=yes
ac_cv_func_memmove=yes
ac_cv_func_poll=yes
ac_cv_func_random=yes
ac_cv_func_recvmsg=yes
ac_cv_func_sendmsg=yes
ac_cv_func_setresgid=yes
ac_cv_func_setresuid=yes
ac_cv_func_setrlimit=yes
ac_cv_func_setsid=yes
ac_cv_func_setusercontext=no
ac_cv_func_shmget=yes
ac_cv_func_sigprocmask=yes
ac_cv_func_sleep=yes
ac_cv_func_snprintf=yes
ac_cv_func_socketpair=yes
ac_cv_func_srandom=yes
ac_cv_func_strftime=yes
ac_cv_func_strlcat=yes
ac_cv_func_strlcpy=yes
ac_cv_func_strptime=yes
ac_cv_func_strsep=yes
ac_cv_func_tzset=yes
ac_cv_func_usleep=yes
ac_cv_func_vfork=yes
ac_cv_func_vfork_works=yes
ac_cv_func_writev=yes
ac_cv_have_decl_NID_ED25519=yes
ac_cv_have_decl_NID_ED448=yes
ac_cv_have_decl_NID_X9_62_prime256v1=yes
ac_cv_have_decl_NID_secp384r1=yes
ac_cv_have_decl_SSL_COMP_get_compression_methods=yes
ac_cv_have_decl_SSL_CTX_set_ecdh_auto=yes
ac_cv_have_decl_XML_StopParser=yes
ac_cv_have_decl_inet_ntop=yes
ac_cv_have_decl_inet_pton=yes
ac_cv_have_decl_reallocarray=yes
ac_cv_have_decl_sk_SSL_COMP_pop_free=yes
ac_cv_header_TargetConditionals_h=no
ac_cv_header_arpa_inet_h=yes
ac_cv_header_dlfcn_h=yes
ac_cv_header_endian_h=yes
ac_cv_header_expat_h=yes
ac_cv_header_getopt_h=yes
ac_cv_header_glob_h=yes
ac_cv_header_grp_h=yes
ac_cv_header_ifaddrs_h=yes
ac_cv_header_inttypes_h=yes
ac_cv_header_libkern_OSByteOrder_h=no
ac_cv_header_linux_net_tstamp_h=yes
ac_cv_header_login_cap_h=no
ac_cv_header_memory_h=yes
ac_cv_header_minix_config_h=no
ac_cv_header_net_if_h=yes
ac_cv_header_netdb_h=yes
ac_cv_header_netinet_in_h=yes
ac_cv_header_netinet_tcp_h=yes
ac_cv_header_netioapi_h=no
ac_cv_header_openssl_bn_h=yes
ac_cv_header_openssl_conf_h=yes
ac_cv_header_openssl_core_names_h=yes
ac_cv_header_openssl_dh_h=yes
ac_cv_header_openssl_dsa_h=yes
ac_cv_header_openssl_engine_h=yes
ac_cv_header_openssl_err_h=yes
ac_cv_header_openssl_param_build_h=yes
ac_cv_header_openssl_rand_h=yes
ac_cv_header_openssl_rsa_h=yes
ac_cv_header_openssl_ssl_h=yes
ac_cv_header_poll_h=yes
ac_cv_header_pwd_h=yes
ac_cv_header_stdarg_h=yes
ac_cv_header_stdbool_h=yes
ac_cv_header_stdc=yes
ac_cv_header_stdint_h=yes
ac_cv_header_stdlib_h=yes
ac_cv_header_string_h=yes
ac_cv_header_strings_h=yes
ac_cv_header_sys_endian_h=no
ac_cv_header_sys_ipc_h=yes
ac_cv_header_sys_param_h=yes
ac_cv_header_sys_resource_h=yes
ac_cv_header_sys_select_h=yes
ac_cv_header_sys_shm_h=yes
ac_cv_header_sys_socket_h=yes
ac_cv_header_sys_stat_h=yes
ac_cv_header_sys_types_h=yes
ac_cv_header_sys_uio_h=yes
ac_cv_header_sys_un_h=yes
ac_cv_header_sys_wait_h=yes
ac_cv_header_syslog_h=yes
ac_cv_header_time_h=yes
ac_cv_header_unistd_h=yes
ac_cv_header_vfork_h=no
ac_cv_header_winsock2_h=no
ac_cv_header_ws2tcpip_h=no
ac_cv_host=x86_64-pc-linux-gnu
ac_cv_lib_lex='none needed'
ac_cv_member_struct_in_pktinfo_ipi_spec_dst=yes
ac_cv_member_struct_sockaddr_un_sun_len=no
ac_cv_objext=o
ac_cv_path_EGREP='/usr/bin/grep -E'
ac_cv_path_FGREP='/usr/bin/grep -F'
ac_cv_path_GREP=/usr/bin/grep
ac_cv_path_SED=/usr/bin/sed
ac_cv_path_ac_pt_AR=/usr/bin/ar
ac_cv_path_lt_DD=/usr/bin/dd
ac_cv_prog_AWK=gawk
ac_cv_prog_CPP='gcc -E'
ac_cv_prog_LEX=flex
ac_cv_prog_YACC='bison -y'
ac_cv_prog_ac_ct_CC=gcc
ac_cv_prog_ac_ct_MANIFEST_TOOL=mt
ac_cv_prog_ac_ct_OBJDUMP=objdump
ac_cv_prog_ac_ct_RANLIB=ranlib
ac_cv_prog_ac_ct_STRIP=strip
ac_cv_prog_cc_c89=
ac_cv_prog_cc_g=yes
ac_cv_prog_lex_root=lex.yy
ac_cv_prog_lex_yytext_pointer=no
ac_cv_safe_to_define___extensions__=yes
ac_cv_search_inet_pton='none required'
ac_cv_search_setusercontext=no
ac_cv_search_socket='none required'
ac_cv_sizeof_pthread_t=8
ac_cv_sizeof_size_t=8
ac_cv_sizeof_time_t=8
ac_cv_sizeof_unsigned_long=8
ac_cv_sys_file_offset_bits=no
ac_cv_sys_largefile_CC=no
ac_cv_sys_largefile_source=no
ac_cv_type_in_addr_t=yes
ac_cv_type_in_port_t=yes
ac_cv_type_int16_t=yes
ac_cv_type_int32_t=yes
ac_cv_type_int64_t=yes
ac_cv_type_int8_t=yes
ac_cv_type_off_t=yes
ac_cv_type_pid_t=yes
ac_cv_type_pthread_rwlock_t=yes
ac_cv_type_pthread_spinlock_t=yes
ac_cv_type_rlim_t=yes
ac_cv_type_size_t=yes
ac_cv_type_socklen_t=yes
ac_cv_type_ssize_t=yes
ac_cv_type_u_char=yes
ac_cv_type_uid_t=yes
ac_cv_type_uint16_t=yes
ac_cv_type_uint32_t=yes
ac_cv_type_uint64_t=yes
ac_cv_type_uint8_t=yes
ax_cv_PTHREAD_PRIO_INHERIT=yes
lt_cv_ar_at_file=@
lt_cv_archive_cmds_need_lc=no
lt_cv_deplibs_check_method=pass_all
lt_cv_file_magic_cmd='$MAGIC_CMD'
lt_cv_file_magic_test_file=
lt_cv_ld_reload_flag=-r
lt_cv_nm_interface='BSD nm'
lt_cv_objdir=.libs
lt_cv_path_LD=/usr/bin/ld
lt_cv_path_NM='/usr/bin/nm -B'
lt_cv_path_mainfest_tool=no
lt_cv_prog_compiler_c_o=yes
lt_cv_prog_compiler_pic='-fPIC -DPIC'
lt_cv_prog_compiler_pic_works=yes
lt_cv_prog_compiler_rtti_exceptions=no
lt_cv_prog_compiler_static_works=yes
lt_cv_prog_gnu_ld=yes
lt_cv_sharedlib_from_linklib_cmd='printf %s\n'
lt_cv_shlibpath_overrides_runpath=yes
lt_cv_sys_global_symbol_pipe='sed -n -e '\''s/^.*[	 ]\([ABCDGIRSTW][ABCDGIRSTW]*\)[	 ][	 ]*\([_A-Za-z][_A-Za-z0-9]*\)$/\1 \2 \2/p'\'' | sed '\''/ __gnu_lto/d'\'''
lt_cv_sys_global_symbol_to_c_name_address='sed -n -e '\''s/^: \(.*\) .*$/  {"\1", (void *) 0},/p'\'' -e '\''s/^[ABCDGIRSTW][ABCDGIRSTW]* .* \(.*\)$/  {"\1", (void *) \&\1},/p'\'''
lt_cv_sys_global_symbol_to_c_name_address_lib_prefix='sed -n -e '\''s/^: \(.*\) .*$/  {"\1", (void *) 0},/p'\'' -e '\''s/^[ABCDGIRSTW][ABCDGIRSTW]* .* \(lib.*\)$/  {"\1", (void *) \&\1},/p'\'' -e '\''s/^[ABCDGIRSTW][ABCDGIRSTW]* .* \(.*\)$/  {"lib\1", (void *) \&\1},/p'\'''
lt_cv_sys_global_symbol_to_cdecl='sed -n -e '\''s/^T .* \(.*\)$/extern int \1();/p'\'' -e '\''s/^[ABCDGIRSTW][ABCDGIRSTW]* .* \(.*\)$/extern char \1;/p'\'''
lt_cv_sys_global_symbol_to_import=
lt_cv_sys_max_cmd_len=3145728
lt_cv_to_host_file_cmd=func_convert_file_noop
lt_cv_to_tool_file_cmd=func_convert_file_noop
lt_cv_truncate_bin='/usr/bin/dd bs=4096 count=1'

## ----------------- ##
## Output variables. ##
## ----------------- ##

ALLTARGET='alltargets'
AR='/usr/bin/ar'
ASYNCLOOK_ALLOCCHECK_EXTRA_OBJ=''
AWK='gawk'
CACHEDB_OBJ=''
CACHEDB_SRC=''
CC='gcc'
CFLAGS='-g -O2 -flto'
CHECKLOCK_OBJ=''
COMMON_OBJ_ALL_SYMBOLS='$(COMMON_OBJ)'
CONFIG_DATE='20251101'
CPP='gcc -E'
CPPFLAGS=''
DEFS='-DHAVE_CONFIG_H'
DEPFLAG='-MM'
DLLTOOL='false'
DNSCRYPT_OBJ=''
DNSCRYPT_SRC=''
DNSTAP_OBJ=''
DNSTAP_SOCKET_PATH=''
DNSTAP_SOCKET_TESTBIN=''
DNSTAP_SRC=''
DSYMUTIL=''
DUMPBIN=''
DYNLIBMOD_EXTRALIBS=''
DYNLIBMOD_HEADER=''
DYNLIBMOD_OBJ=''
ECHO_C=''
ECHO_N='-n'
ECHO_T=''
EGREP='/usr/bin/grep -E'
ENABLE_DNSCRYPT='0'
ENABLE_DNSCRYPT_XCHACHA20='0'
ENABLE_DNSTAP='0'
EXEEXT=''
EXTRALINK=''
FGREP='/usr/bin/grep -F'
GCC_DOCKER_LINTFLAGS='-syntax'
GREP='/usr/bin/grep'
HAVE_SSL='yes'
INSTALLTARGET='install-all'
IPSECMOD_HEADER=''
IPSECMOD_OBJ=''
IPSET_OBJ=''
IPSET_SRC=''
LD='/usr/bin/ld -m elf_x86_64'
LDFLAGS=''
LEX='flex'
LEXLIB=''
LEX_OUTPUT_ROOT='lex.yy'
LIBOBJS=''
LIBOBJ_WITHOUT_CTIME=''
LIBOBJ_WITHOUT_CTIMEARC4=''
LIBS='-lcrypto'
LIBTOOL='$(SHELL) $(top_builddir)/libtool'
LIBUNBOUND_AGE='1'
LIBUNBOUND_CURRENT='9'
LIBUNBOUND_REVISION='22'
LIPO=''
LN_S='ln -s'
LTLIBOBJS=''
LT_SYS_LIBRARY_PATH=''
MANIFEST_TOOL=':'
NETBSD_LINTFLAGS=''
NM='/usr/bin/nm -B'
NMEDIT=''
OBJDUMP='objdump'
OBJEXT='o'
OTOOL64=''
OTOOL=''
PACKAGE_BUGREPORT='unbound-bugs@nlnetlabs.nl or https://github.com/NLnetLabs/unbound/issues'
PACKAGE_NAME='unbound'
PACKAGE_STRING='unbound 1.18.0'
PACKAGE_TARNAME='unbound'
PACKAGE_URL=''
PACKAGE_VERSION='1.18.0'
PATH_SEPARATOR=':'
PC_CRYPTO_DEPENDENCY=''
PC_LIBBSD_DEPENDENCY=''
PC_LIBEVENT_DEPENDENCY=''
PC_PY_DEPENDENCY=''
PKG_CONFIG=''
PKG_CONFIG_LIBDIR=''
PKG_CONFIG_PATH=''
PROTOC_C=''
PTHREAD_CC='gcc'
PTHREAD_CFLAGS=''
PTHREAD_CFLAGS_ONLY=''
PTHREAD_LIBS=''
PYTHON=''
PYTHONMOD_HEADER=''
PYTHONMOD_INSTALL=''
PYTHONMOD_OBJ=''
PYTHONMOD_UNINSTALL=''
PYTHON_CPPFLAGS=''
PYTHON_LDFLAGS=''
PYTHON_LIBS=''
PYTHON_SITE_PKG=''
PYTHON_VERSION=''
PYUNBOUND_INSTALL=''
PYUNBOUND_OBJ=''
PYUNBOUND_TARGET=''
PYUNBOUND_UNINSTALL=''
PY_MAJOR_VERSION=''
RANLIB='ranlib'
RUNTIME_PATH=''
SED='/usr/bin/sed'
SHELL='/bin/bash'
SLDNS_ALLOCCHECK_EXTRA_OBJ=''
SOURCEDETERMINE=':'
SOURCEFILE='$<'
SSLLIB='-lssl'
STRIP='strip'
SUBNET_HEADER=''
SUBNET_OBJ=''
SWIG=''
SWIG_LIB=''
SYSTEMD_CFLAGS=''
SYSTEMD_DAEMON_CFLAGS=''
SYSTEMD_DAEMON_LIBS=''
SYSTEMD_LIBS=''
UBSYMS='-export-symbols $(srcdir)/libunbound/ubsyms.def'
UNBOUND_CHROOT_DIR='/usr/local/etc/unbound'
UNBOUND_EVENT_INSTALL=''
UNBOUND_EVENT_UNINSTALL=''
UNBOUND_LOCALSTATE_DIR='/usr/local/var'
UNBOUND_PIDFILE='/usr/local/etc/unbound/unbound.pid'
UNBOUND_ROOTCERT_FILE='/usr/local/etc/unbound/icannbundle.pem'
UNBOUND_ROOTKEY_FILE='/usr/local/etc/unbound/root.key'
UNBOUND_RUN_DIR='/usr/local/etc/unbound'
UNBOUND_SBIN_DIR='/usr/local/sbin'
UNBOUND_SHARE_DIR='/usr/local/etc/unbound'
UNBOUND_SYSCONF_DIR='/usr/local/etc'
UNBOUND_USERNAME='unbound'
UNBOUND_VERSION_MAJOR='1'
UNBOUND_VERSION_MICRO='0'
UNBOUND_VERSION_MINOR='18'
USE_SYSTEMD_FALSE=''
USE_SYSTEMD_TRUE='#'
WINAPPS=''
WINDRES=''
WIN_CHECKCONF_OBJ_LINK=''
WIN_CONTROL_OBJ_LINK=''
WIN_DAEMON_OBJ=''
WIN_DAEMON_OBJ_LINK=''
WIN_DAEMON_SRC=''
WIN_HOST_OBJ_LINK=''
WIN_UBANCHOR_OBJ_LINK=''
WITH_DYNLIBMODULE=''
WITH_PYTHONMODULE=''
WITH_PYUNBOUND=''
YACC='bison -y'
YFLAGS=''
ac_ct_AR=''
ac_ct_CC='gcc'
ac_ct_DUMPBIN=''
ax_pthread_config=''
bindir='${exec_prefix}/bin'
build='x86_64-pc-linux-gnu'
build_alias=''
build_cpu='x86_64'
build_os='linux-gnu'
build_vendor='pc'
datadir='${datarootdir}'
datarootdir='${prefix}/share'
date='Nov  1, 2025'
debug_enabled=''
docdir='${datarootdir}/doc/${PACKAGE_TARNAME}'
doxygen=''
dvidir='${docdir}'
exec_prefix='/usr/local'
host='x86_64-pc-linux-gnu'
host_alias=''
host_cpu='x86_64'
host_os='linux-gnu'
host_vendor='pc'
htmldir='${docdir}'
includedir='${prefix}/include'
infodir='${datarootdir}/info'
libdir='${exec_prefix}/lib'
libexecdir='${exec_prefix}/libexec'
libtool='./libtool'
localedir='${datarootdir}/locale'
localstatedir='${prefix}/var'
mandir='${datarootdir}/man'
oldincludedir='/usr/include'
opt_dnstap_socket_path='/usr/local/etc/unbound/dnstap.sock'
pdfdir='${docdir}'
prefix='/usr/local'
program_transform_name='s,x,x,'
psdir='${docdir}'
runstatedir='${localstatedir}/run'
sbindir='${exec_prefix}/sbin'
sharedstatedir='${prefix}/com'
staticexe=''
swig=''
sysconfdir='${prefix}/etc'
target_alias=''
ub_conf_dir='/usr/local/etc/unbound'
ub_conf_file='/usr/local/etc/unbound/unbound.conf'
version='1.18.0'

## ----------- ##
## confdefs.h. ##
## ----------- ##

/* confdefs.h */
#define PACKAGE_NAME "unbound"
#define PACKAGE_TARNAME "unbound"
#define PACKAGE_VERSION "1.18.0"
#define PACKAGE_STRING "unbound 1.18.0"
#define PACKAGE_BUGREPORT "unbound-bugs@nlnetlabs.nl or https://github.com/NLnetLabs/unbound/issues"
#define PACKAGE_URL ""
#define CONFCMDLINE ""
#define STDC_HEADERS 1
#define HAVE_SYS_TYPES_H 1
#define HAVE_SYS_STAT_H 1
#define HAVE_STDLIB_H 1
#define HAVE_STRING_H 1
#define HAVE_MEMORY_H 1
#define HAVE_STRINGS_H 1
#define HAVE_INTTYPES_H 1
#define HAVE_STDINT_H 1
#define HAVE_UNISTD_H 1
#define __EXTENSIONS__ 1
#define _ALL_SOURCE 1
#define _GNU_SOURCE 1
#define _POSIX_PTHREAD_SEMANTICS 1
#define _TANDEM_SOURCE 1
#define CONFIGFILE "/usr/local/etc/unbound/unbound.conf"
#define RUN_DIR "/usr/local/etc/unbound"
#define CHROOT_DIR "/usr/local/etc/unbound"
#define SHARE_DIR "/usr/local/etc/unbound"
#define PIDFILE "/usr/local/etc/unbound/unbound.pid"
#define ROOT_ANCHOR_FILE "/usr/local/etc/unbound/root.key"
#define ROOT_CERT_FILE "/usr/local/etc/unbound/icannbundle.pem"
#define UB_USERNAME "unbound"
#define WINVER 0x0502
#define RSRC_PACKAGE_VERSION 1,18,0,0
#define HAVE_GETOPT_H 1
#define HAVE_TIME_H 1
#define HAVE_ATTR_FORMAT 1
#define HAVE_ATTR_UNUSED 1
#define HAVE_ATTR_WEAK 1
#define ATTR_WEAK __attribute__((weak))
#define HAVE_ATTR_NORETURN 1
#define ATTR_NORETURN __attribute__((__noreturn__))
#define LEX_HAS_YYLEX_DESTROY 1
#define HAVE_DLFCN_H 1
#define LT_OBJDIR ".libs/"
#define HAVE_STDARG_H 1
#define HAVE_STDBOOL_H 1
#define HAVE_NETINET_IN_H 1
#define HAVE_NETINET_TCP_H 1
#define HAVE_SYS_PARAM_H 1
#define HAVE_SYS_SELECT_H 1
#define HAVE_SYS_SOCKET_H 1
#define HAVE_SYS_UN_H 1
#define HAVE_SYS_UIO_H 1
#define HAVE_SYS_RESOURCE_H 1
#define HAVE_ARPA_INET_H 1
#define HAVE_SYSLOG_H 1
#define HAVE_NETDB_H 1
#define HAVE_SYS_WAIT_H 1
#define HAVE_PWD_H 1
#define HAVE_GLOB_H 1
#define HAVE_GRP_H 1
#define HAVE_ENDIAN_H 1
#define HAVE_SYS_IPC_H 1
#define HAVE_SYS_SHM_H 1
#define HAVE_IFADDRS_H 1
#define HAVE_POLL_H 1
#define HAVE_NET_IF_H 1
#define HAVE_LINUX_NET_TSTAMP_H 1
#define SIZEOF_TIME_T 8
#define SIZEOF_SIZE_T 8
#define HAVE_UNISTD_H 1
#define HAVE_CHOWN 1
#define HAVE_FORK 1
#define HAVE_VFORK 1
#define HAVE_WORKING_VFORK 1
#define HAVE_WORKING_FORK 1
#define RETSIGTYPE void
#define HAVE_FSEEKO 1
#define HAVE_STRPTIME 1
#define STRPTIME_WORKS 1
#define REUSEPORT_DEFAULT 1
#define HAVE_MALLOC 1
#define HAVE_PTHREAD_PRIO_INHERIT 1
#define HAVE_PTHREAD 1
#define HAVE_PTHREAD_SPINLOCK_T 1
#define HAVE_PTHREAD_RWLOCK_T 1
#define SIZEOF_UNSIGNED_LONG 8
#define SIZEOF_PTHREAD_T 8
#define UB_SYSLOG_FACILITY LOG_DAEMON
#define HAVE_SSL /**/
#define HAVE_EVP_SHA256 1
#define HAVE_OPENSSL_SSL_H 1
#define HAVE_OPENSSL_ERR_H 1
#define HAVE_OPENSSL_RAND_H 1
#define HAVE_OPENSSL_CONF_H 1
#define HAVE_OPENSSL_ENGINE_H 1
#define HAVE_OPENSSL_BN_H 1
#define HAVE_OPENSSL_DH_H 1
#define HAVE_OPENSSL_DSA_H 1
#define HAVE_OPENSSL_RSA_H 1
#define HAVE_OPENSSL_CORE_NAMES_H 1
#define HAVE_OPENSSL_PARAM_BUILD_H 1
#define HAVE_OPENSSL_CONFIG 1
#define HAVE_EVP_SHA1 1
#define HAVE_EVP_SHA256 1
#define HAVE_EVP_SHA512 1
#define HAVE_EVP_DEFAULT_PROPERTIES_IS_FIPS_ENABLED 1
#define HAVE_EVP_MD_CTX_NEW 1
#define HAVE_OPENSSL_INIT_CRYPTO 1
#define HAVE_DSA_SIG_SET0 1
#define HAVE_EVP_DIGESTVERIFY 1
#define HAVE_EVP_AES_256_CBC 1
#define HAVE_EVP_ENCRYPTINIT_EX 1
#define HAVE_HMAC_INIT_EX 1
#define HAVE_EVP_MAC_CTX_SET_PARAMS 1
#define HAVE_OSSL_PARAM_BLD_NEW 1
#define HAVE_BIO_SET_CALLBACK_EX 1
#define HAVE_OPENSSL_INIT_SSL 1
#define HAVE_SSL_CTX_SET_SECURITY_LEVEL 1
#define HAVE_SSL_SET1_HOST 1
#define HAVE_SSL_GET0_PEERNAME 1
#define HAVE_X509_VERIFY_PARAM_SET1_HOST 1
#define HAVE_SSL_CTX_SET_CIPHERSUITES 1
#define HAVE_SSL_CTX_SET_TLSEXT_TICKET_KEY_EVP_CB 1
#define HAVE_SSL_CTX_SET_ALPN_SELECT_CB 1
#define HAVE_SSL_GET0_ALPN_SELECTED 1
#define HAVE_SSL_CTX_SET_ALPN_PROTOS 1
#define HAVE_SSL_GET1_PEER_CERTIFICATE 1
#define HAVE_DECL_SSL_COMP_GET_COMPRESSION_METHODS 1
#define HAVE_DECL_SK_SSL_COMP_POP_FREE 1
#define HAVE_DECL_SSL_CTX_SET_ECDH_AUTO 1
#define USE_SHA1 1
#define USE_SHA2 1
#define HAVE_DECL_NID_X9_62_PRIME256V1 1
#define HAVE_DECL_NID_SECP384R1 1
#define USE_ECDSA 1
#define HAVE_DECL_NID_ED25519 1
#define USE_ED25519 1
#define HAVE_DECL_NID_ED448 1
#define USE_ED448 1
#define USE_MINI_EVENT 1
#define HAVE_EXPAT_H 1
#define HAVE_DECL_XML_STOPPARSER 1
#define HAVE_GETADDRINFO 1
#define HAVE_DAEMON 1
#define HAVE_STRUCT_IN_PKTINFO_IPI_SPEC_DST 1
#define HAVE_HTOBE64 1
#define HAVE_BE64TOH 1
#define HAVE_TZSET 1
#define HAVE_SIGPROCMASK 1
#define HAVE_FCNTL 1
#define HAVE_GETPWNAM 1
#define HAVE_ENDPWENT 1
#define HAVE_GETRLIMIT 1
#define HAVE_SETRLIMIT 1
#define HAVE_SETSID 1
#define HAVE_CHROOT 1
#define HAVE_KILL 1
#define HAVE_CHOWN 1
#define HAVE_SLEEP 1
#define HAVE_USLEEP 1
#define HAVE_RANDOM 1
#define HAVE_SRANDOM 1
#define HAVE_RECVMSG 1
#define HAVE_SENDMSG 1
#define HAVE_WRITEV 1
#define HAVE_SOCKETPAIR 1
#define HAVE_GLOB 1
#define HAVE_INITGROUPS 1
#define HAVE_STRFTIME 1
#define HAVE_LOCALTIME_R 1
#define HAVE_ENDSERVENT 1
#define HAVE_ENDPROTOENT 1
#define HAVE_FSYNC 1
#define HAVE_SHMGET 1
#define HAVE_ACCEPT4 1
#define HAVE_GETIFADDRS 1
#define HAVE_IF_NAMETOINDEX 1
#define HAVE_POLL 1
#define HAVE_GETTID 1
#define HAVE_SETRESUID 1
#define HAVE_SETRESGID 1
#define HAVE_DECL_INET_PTON 1
#define HAVE_DECL_INET_NTOP 1
#define HAVE_INET_ATON 1
#define HAVE_INET_PTON 1
#define HAVE_INET_NTOP 1
#define HAVE_SNPRINTF 1
#define HAVE_STRLCAT 1
#define HAVE_STRLCPY 1
#define HAVE_MEMMOVE 1
#define HAVE_GMTIME_R 1
#define HAVE_ISBLANK 1
#define HAVE_EXPLICIT_BZERO 1
#define HAVE_REALLOCARRAY 1
#define HAVE_DECL_REALLOCARRAY 1
#define HAVE_ARC4RANDOM 1
#define HAVE_ARC4RANDOM_UNIFORM 1
#define HAVE_CTIME_R 1
#define HAVE_STRSEP 1
#define OMITTED__D_GNU_SOURCE 1
#define MAXSYSLOGMSGLEN 10240

configure: exit 0
